0.,0.
0.002,-1.3333335703704003e-6
0.004,-5.333337125927852e-6
0.006,-0.000012000019200021944
0.008,-0.000021333394014938102
0.01,-0.000033333481481951796
0.012,-0.000048000307201404344
0.014,-0.0000653339024628005
0.016,-0.00008533430424492754
0.018000000000000002,-0.00010800155521599637
0.02,-0.00013333570373380365
0.022,-0.00016133680384591647
0.024,-0.00019200491528987795
0.026000000000000002,-0.00022534010349343486
0.028,-0.00026134243957478675
0.03,-0.0003000120003428571
0.032,-0.0003413488682975858
0.034,-0.0003853531316302431
0.036000000000000004,-0.000432024884223766
0.038,-0.00048136422565311525
0.04,-0.0005333712611856555
0.042,-0.0005880461017815551
0.044,-0.0006453888640942098
0.046,-0.0007053996704706862
0.048,-0.0007680786489521884
0.05,-0.0008334259332745445
0.052000000000000005,-0.0009014416628687173
0.054,-0.0009721259828613338
0.056,-0.0010454790440752404
0.058,-0.001121501003030073
0.06,-0.0012001920219428571
0.062,-0.0012815522687286232
0.064,-0.001365581916997213
0.066,-0.001452281146068199
0.068,-0.0015416501409515318
0.07,-0.0016336890923608774
0.07200000000000001,-0.001728398196711193
0.074,-0.0018257776561197154
0.076,-0.001925827678406469
0.078,-0.002028548477095372
0.08,-0.002133940271414681
0.082,-0.002242003286298212
0.084,-0.002352737752385812
0.08600000000000001,-0.0024661439060245783
0.088,-0.0025822219892693843
0.09,-0.0027009722498842763
0.092,-0.002822394941342965
0.094,-0.0029464903228300712
0.096,-0.003073258659241879
0.098,-0.003202700221187611
0.1,-0.0033348152849903023
0.10200000000000001,-0.0034696041326877924
0.104,-0.0036070670520338397
0.106,-0.0037472043364993554
0.108,-0.0038900162852733913
0.11,-0.004035503203264151
0.112,-0.004183665401100407
0.114,-0.004334503195132566
0.11599999999999999,-0.004488016907433681
0.118,-0.004644206865801069
0.12,-0.0048030734037571915
0.122,-0.004964616860550927
0.124,-0.005128837581159257
0.126,-0.005295735916288154
0.128,-0.005465312222374017
0.13,-0.005637566861585146
0.132,-0.0058125002018228275
0.134,-0.0059901126167232754
0.136,-0.006170404485658199
0.138,-0.006353376193737132
0.14,-0.006539028131808489
0.14200000000000002,-0.006727360696460489
0.14400000000000002,-0.0069183742900239984
0.14600000000000002,-0.007112069320572611
0.148,-0.007308446201925105
0.15,-0.007507505353646725
0.152,-0.007709247201050678
0.154,-0.007913672175199856
0.156,-0.008120780712908518
0.158,-0.008330573256743615
0.16,-0.008543050255027176
0.162,-0.008758212161837057
0.164,-0.008976059437009097
0.166,-0.009196592546139375
0.16799999999999998,-0.009419811960584864
0.16999999999999998,-0.00964571815746618
0.172,-0.009874311619668905
0.174,-0.010105592835845332
0.176,-0.010339562300416764
0.178,-0.010576220513574736
0.18,-0.010815567981283553
0.182,-0.011057605215281445
0.184,-0.01130233273308337
0.186,-0.011549751057982616
0.188,-0.01179986071905172
0.19,-0.012052662251146618
0.192,-0.012308156194906541
0.194,-0.012566343096757216
0.196,-0.012827223508912492
0.198,-0.013090797989376946
0.2,-0.013357067101947218
0.202,-0.013626031416214324
0.20400000000000001,-0.013897691507566354
0.20600000000000002,-0.014172047957190025
0.208,-0.01444910135207282
0.21,-0.014728852285005468
0.212,-0.01501130135458459
0.214,-0.015296449165213848
0.216,-0.015584296327107111
0.218,-0.015874843456290373
0.22,-0.01616809117460358
0.222,-0.016464040109704356
0.224,-0.01676269089506919
0.226,-0.017064044169995317
0.228,-0.017368100579605056
0.23,-0.017674860774845782
0.23199999999999998,-0.01798432541249454
0.23399999999999999,-0.018296495155159114
0.236,-0.018611370671280887
0.238,-0.018928952635137223
0.24,-0.019249241726844238
0.242,-0.019572238632359698
0.244,-0.019897944043483967
0.246,-0.02022635865786497
0.248,-0.020557483178997832
0.25,-0.020891318316230558
0.252,-0.02122786478476437
0.254,-0.02156712330565823
0.256,-0.02190909460582914
0.258,-0.022253779418056816
0.26,-0.022601178480986733
0.262,-0.02295129253913054
0.264,-0.02330412234287029
0.266,-0.023659668648462178
0.268,-0.024017932218036494
0.27,-0.024378913819604192
0.272,-0.024742614227057074
0.274,-0.025109034220169767
0.276,-0.02547817458460628
0.278,-0.025850036111919564
0.28,-0.02622461959955616
0.28200000000000003,-0.02660192585085838
0.28400000000000003,-0.02698195567506686
0.28600000000000003,-0.02736470988732529
0.28800000000000003,-0.027750189308681734
0.29000000000000004,-0.028138394766091694
0.29200000000000004,-0.028529327092422705
0.29400000000000004,-0.02892298712645531
0.29600000000000004,-0.029319375712887293
0.29800000000000004,-0.02971849370233724
0.30000000000000004,-0.030120341951346937
0.30200000000000005,-0.030524921322383963
0.30400000000000005,-0.030932232683846244
0.30600000000000005,-0.03134227691006384
0.30800000000000005,-0.031755054881303195
0.31000000000000005,-0.03217056748376963
0.31200000000000006,-0.032588815609611015
0.31400000000000006,-0.03300980015692191
0.31600000000000006,-0.03343352202974397
0.31800000000000006,-0.03385998213807225
0.32,-0.03428918139785695
0.322,-0.03472112073100803
0.324,-0.03515580106539584
0.326,-0.03559322333485898
0.328,-0.036033388479202566
0.33,-0.036476297444205615
0.332,-0.03692195118162237
0.334,-0.037370350649187416
0.336,-0.03782149681061656
0.338,-0.0382753906356126
0.34,-0.03873203309986875
0.342,-0.039191425185070364
0.34400000000000003,-0.03965356787890108
0.34600000000000003,-0.04011846217504322
0.34800000000000003,-0.04058610907318441
0.35000000000000003,-0.04105650957902038
0.35200000000000004,-0.04152966470425606
0.35400000000000004,-0.04200557546661384
0.35600000000000004,-0.04248424288983242
0.35800000000000004,-0.04296566800367336
0.36000000000000004,-0.043449851843925975
0.36200000000000004,-0.043936795452406696
0.36400000000000005,-0.0444264998769655
0.36600000000000005,-0.04491896617149306
0.36800000000000005,-0.04541419539591706
0.37,-0.045912188616209944
0.372,-0.046412946904396665
0.374,-0.04691647133855082
0.376,-0.047422763002802515
0.378,-0.04793182298734494
0.38,-0.048443652388431235
0.382,-0.0489582523083864
0.384,-0.04947562385560337
0.386,-0.04999576814455657
0.388,-0.050518686295791246
0.39,-0.051044379435946495
0.392,-0.05157284869774141
0.394,-0.05210409521999193
0.396,-0.0526381201476054
0.398,-0.053174924631594615
0.4,-0.053714509829069716
0.402,-0.054256876903255306
0.404,-0.05480202702348262
0.406,-0.05534996136520482
0.40800000000000003,-0.05590068110998917
0.41000000000000003,-0.056454187445533474
0.41200000000000003,-0.057010481565658286
0.414,-0.05756956467032498
0.416,-0.05813143796562595
0.418,-0.0586961026637958
0.42,-0.059263559983216516
0.422,-0.05983381114842116
0.424,-0.06040685739009339
0.426,-0.060982699945078586
0.428,-0.0615613400563845
0.43,-0.06214277897318547
0.432,-0.06272701795082807
0.434,-0.06331405825083303
0.436,-0.06390390114090523
0.438,-0.06449654789493223
0.44,-0.06509199979298924
0.442,-0.06569025812134943
0.444,-0.06629132417248039
0.446,-0.06689519924505297
0.448,-0.06750188464394812
0.45,-0.06811138168025518
0.452,-0.06872369167128158
0.454,-0.06933881594055558
0.456,-0.06995675581783033
0.458,-0.07057751263908629
0.46,-0.07120108774654554
0.462,-0.07182748248866311
0.46399999999999997,-0.07245669822014156
0.46599999999999997,-0.0730887363019271
0.46799999999999997,-0.07372359810122532
0.47000000000000003,-0.07436128499149541
0.47200000000000003,-0.07500179835246094
0.47400000000000003,-0.07564513957011453
0.47600000000000003,-0.0762913100367166
0.47800000000000004,-0.07694031115080821
0.48000000000000004,-0.07759214431721034
0.48200000000000004,-0.07824681094702814
0.48400000000000004,-0.0789043124576647
0.48600000000000004,-0.07956465027281122
0.48800000000000004,-0.08022782582246639
0.49000000000000005,-0.08089384054293193
0.49200000000000005,-0.08156269587681765
0.49400000000000005,-0.08223439327305354
0.49600000000000005,-0.08290893418688598
0.49800000000000005,-0.08358632007988814
0.5,-0.08426655241996785
0.502,-0.0849496326813604
0.504,-0.08563556234464738
0.506,-0.0863243428967513
0.508,-0.08701597583094728
0.51,-0.08771046264686688
0.512,-0.08840780485050014
0.514,-0.08910800395420126
0.516,-0.08981106147669429
0.518,-0.09051697894308475
0.52,-0.09122575788485202
0.522,-0.09193739983986582
0.524,-0.09265190635238202
0.526,-0.09336927897305596
0.528,-0.09408951925894185
0.53,-0.09481262877350395
0.532,-0.09553860908661355
0.534,-0.09626746177455724
0.536,-0.09699918842005129
0.538,-0.09773379061223453
0.54,-0.09847126994667152
0.542,-0.0992116280253756
0.544,-0.0999548664567999
0.546,-0.10070098685583972
0.548,-0.10144999084384416
0.55,-0.10220188004863867
0.552,-0.10295665610448507
0.554,-0.1037143206521346
0.556,-0.10447487533880787
0.558,-0.1052383218182027
0.56,-0.10600466175050877
0.562,-0.10677389680239727
0.5640000000000001,-0.10754602864704274
0.5660000000000001,-0.10832105896412353
0.5680000000000001,-0.10909898943981867
0.5700000000000001,-0.10987982176682681
0.5720000000000001,-0.11066355764435241
0.5740000000000001,-0.11145019877814205
0.5760000000000001,-0.11223974688045738
0.5780000000000001,-0.1130322036700994
0.5800000000000001,-0.1138275708724084
0.5820000000000001,-0.11462585021926815
0.5840000000000001,-0.1154270434491223
0.5860000000000001,-0.11623115230696358
0.5880000000000001,-0.11703817854434875
0.5900000000000001,-0.11784812391939836
0.5920000000000001,-0.1186609901968211
0.5940000000000001,-0.11947677914788431
0.5960000000000001,-0.12029549255045802
0.5980000000000001,-0.1211171321889937
0.6000000000000001,-0.12194169985453775
0.6020000000000001,-0.12276919734474721
0.6040000000000001,-0.12359962646387795
0.6060000000000001,-0.12443298902279924
0.6080000000000001,-0.1252692868390062
0.6100000000000001,-0.12610852173661677
0.6120000000000001,-0.12695069554637095
0.6140000000000001,-0.12779581010565377
0.6160000000000001,-0.12864386725848792
0.6180000000000001,-0.12949486885554767
0.6200000000000001,-0.1303488167541545
0.6220000000000001,-0.13120571281828985
0.6240000000000001,-0.13206555891861252
0.6260000000000001,-0.13292835693243152
0.6280000000000001,-0.13379410874374967
0.6300000000000001,-0.13466281624324256
0.6320000000000001,-0.1355344813282774
0.6340000000000001,-0.13640910590291633
0.6360000000000001,-0.13728669187792014
0.638,-0.13816724117074997
0.64,-0.13905075570559491
0.642,-0.1399372374133452
0.644,-0.14082668823161804
0.646,-0.14171911010476324
0.648,-0.14261450498386724
0.65,-0.14351287482675967
0.652,-0.14441422159800552
0.654,-0.14531854726892907
0.656,-0.1462258538176256
0.658,-0.14713614322893917
0.66,-0.14804941749449393
0.662,-0.14896567861268828
0.664,-0.14988492858869906
0.666,-0.15080716943450434
0.668,-0.15173240316886766
0.67,-0.15266063181734846
0.672,-0.1535918574123336
0.674,-0.1545260819930066
0.676,-0.1554633076053683
0.678,-0.15640353630225728
0.68,-0.15734677014333576
0.682,-0.1582930111951074
0.684,-0.15924226153091894
0.686,-0.1601945232309553
0.6880000000000001,-0.1611497983822781
0.6900000000000001,-0.1621080890787978
0.6920000000000001,-0.16306939742129845
0.6940000000000001,-0.16403372551742226
0.6960000000000001,-0.16500107548172616
0.6980000000000001,-0.16597144943561395
0.7000000000000001,-0.16694484950741106
0.7020000000000001,-0.16792127783232472
0.7040000000000001,-0.1689007365524772
0.7060000000000001,-0.1698832278169007
0.7080000000000001,-0.17086875378154714
0.7100000000000001,-0.1718573166092773
0.7120000000000001,-0.1728489184698972
0.7140000000000001,-0.17384356154014916
0.7160000000000001,-0.1748412480037032
0.718,-0.17584198005119417
0.72,-0.17684575988019968
0.722,-0.17785258969527096
0.724,-0.17886247170792482
0.726,-0.1798754081366248
0.728,-0.18089140120683925
0.73,-0.1819104531510447
0.732,-0.18293256620865456
0.734,-0.18395774262611808
0.736,-0.18498598465687627
0.738,-0.18601729456139343
0.74,-0.18705167460715577
0.742,-0.1880891270686336
0.744,-0.1891296542273623
0.746,-0.19017325837192064
0.748,-0.19121994179790522
0.75,-0.19226970680795763
0.752,-0.1933225557118004
0.754,-0.19437849082621406
0.756,-0.19543751447503901
0.758,-0.19649962898915424
0.76,-0.19756483670659689
0.762,-0.1986331399724362
0.764,-0.1997045411388208
0.766,-0.20077904256504264
0.768,-0.20185664661747993
0.77,-0.2029373556696313
0.772,-0.20402117210210985
0.774,-0.20510809830262053
0.776,-0.20619813666604866
0.778,-0.20729128959440998
0.78,-0.20838755949682922
0.782,-0.2094869487896148
0.784,-0.21058945989620906
0.786,-0.21169509524725474
0.788,-0.21280385728052778
0.79,-0.21391574844097386
0.792,-0.21503077118074393
0.794,-0.21614892795920226
0.796,-0.21727022124283335
0.798,-0.2183946535053922
0.8,-0.21952222722778258
0.802,-0.22065294489820111
0.804,-0.22178680901201045
0.806,-0.22292382207177291
0.808,-0.22406398658734827
0.81,-0.2252073050758135
0.812,-0.22635378006145598
0.8140000000000001,-0.22750341407587718
0.8160000000000001,-0.22865620965787709
0.8180000000000001,-0.22981216935356666
0.8200000000000001,-0.23097129571631
0.8220000000000001,-0.23213359130673447
0.8240000000000001,-0.23329905869277578
0.826,-0.23446770044965573
0.828,-0.2356395191598729
0.83,-0.2368145174132611
0.832,-0.23799269780691343
0.834,-0.23917406294531682
0.836,-0.24035861544021836
0.838,-0.2415463579107023
0.84,-0.2427372929831965
0.842,-0.24393142329149492
0.844,-0.24512875147668997
0.846,-0.24632928018726352
0.848,-0.24753301207904427
0.85,-0.2487399498152504
0.852,-0.24995009606642254
0.854,-0.2511634535105474
0.856,-0.25238002483294075
0.858,-0.2535998127263335
0.86,-0.2548228198908845
0.862,-0.2560490490340809
0.864,-0.25727850287088644
0.866,-0.2585111841236889
0.868,-0.25974709552224784
0.87,-0.26098623980380076
0.872,-0.2622286197129619
0.874,-0.2634742380018742
0.876,-0.2647230974300578
0.878,-0.2659752007645274
0.88,-0.2672305507797389
0.882,-0.2684891502576055
0.884,-0.269751001987568
0.886,-0.27101610876647114
0.888,-0.2722844733987114
0.89,-0.2735560986961588
0.892,-0.27483098747814994
0.894,-0.276109142571589
0.896,-0.2773905668108303
0.898,-0.27867526303774603
0.9,-0.27996323410182966
0.902,-0.2812544828599958
0.904,-0.28254901217671635
0.9059999999999999,-0.2838468249240506
0.9079999999999999,-0.28514792398155797
0.9099999999999999,-0.28645231223640544
0.9119999999999999,-0.2877599925832735
0.9139999999999999,-0.28907096792438075
0.9159999999999999,-0.29038524116964554
0.9179999999999999,-0.2917028152364268
0.9199999999999999,-0.2930236930497458
0.9219999999999999,-0.2943478775422035
0.9239999999999999,-0.29567537165397156
0.9259999999999999,-0.2970061783328767
0.9279999999999999,-0.29834030053431765
0.9299999999999999,-0.2996777412212569
0.9319999999999999,-0.3010185033644381
0.9339999999999999,-0.30236258994206616
0.9359999999999999,-0.3037100039400445
0.938,-0.3050607483519776
0.9400000000000001,-0.3064148261790674
0.9420000000000001,-0.3077722404300103
0.9440000000000001,-0.3091329941214736
0.9460000000000001,-0.31049709027753797
0.9480000000000001,-0.31186453193008645
0.9500000000000001,-0.31323532211863253
0.9520000000000001,-0.31460946389033234
0.9540000000000001,-0.3159869603000822
0.9560000000000001,-0.31736781441051626
0.9580000000000001,-0.3187520292918392
0.9600000000000001,-0.32013960802205704
0.9620000000000001,-0.3215305536868772
0.9640000000000001,-0.3229248693797184
0.9660000000000001,-0.3243225582016891
0.9680000000000001,-0.32572362326166776
0.9700000000000001,-0.32712806767624064
0.9720000000000001,-0.32853589456978105
0.9740000000000001,-0.3299471070743365
0.9760000000000001,-0.331361708329791
0.9780000000000001,-0.33277970148368974
0.9800000000000001,-0.3342010896914164
0.9820000000000001,-0.33562587611607464
0.9840000000000001,-0.3370540639286079
0.9860000000000001,-0.33848565630767474
0.9880000000000001,-0.33992065643978325
0.9900000000000001,-0.3413590675191226
0.9920000000000001,-0.3428008927478333
0.9940000000000001,-0.3442461353356895
0.9960000000000001,-0.34569479850044765
0.9980000000000001,-0.3471468854674803
1.,-0.3486023994702838
1.002,-0.3500613437498064
1.004,-0.3515237215550783
1.006,-0.3529895361428919
1.008,-0.3544587907778658
1.01,-0.3559314887325702
1.012,-0.3574076332872145
1.014,-0.35888722773008486
1.016,-0.36037027535721833
1.018,-0.36185677947254546
1.02,-0.3633467433878267
1.022,-0.3648401704228627
1.024,-0.36633706390503784
1.026,-0.3678374271699555
1.028,-0.36934126356093655
1.03,-0.37084857642917923
1.032,-0.37235936913386314
1.034,-0.3738736450420892
1.036,-0.37539140752876965
1.038,-0.376912659976999
1.04,-0.37843740577724416
1.042,-0.37996564832863505
1.044,-0.381497391037692
1.046,-0.38303263731906934
1.048,-0.38457139059533657
1.05,-0.38611365429707445
1.052,-0.387659431862763
1.054,-0.3892087267388759
1.056,-0.39076154237973376
1.058,-0.392317882247773
1.06,-0.39387774981340373
1.062,-0.39544114855496776
1.064,-0.3970080819587216
1.066,-0.3985785535191292
1.068,-0.40015256673830674
1.07,-0.4017301251267588
1.072,-0.40331123220259796
1.074,-0.4048958914923671
1.076,-0.4064841065302969
1.078,-0.40807588085870944
1.08,-0.40967121802804124
1.082,-0.41127012159672016
1.084,-0.4128725951310497
1.086,-0.41447864220572184
1.088,-0.41608826640308105
1.09,-0.4177014713137048
1.092,-0.4193182605363183
1.094,-0.4209386376773756
1.096,-0.42256260635178744
1.098,-0.4241901701822396
1.1,-0.42582133279949835
1.102,-0.4274560978428021
1.104,-0.4290944689587353
1.106,-0.4307364498026764
1.108,-0.432382044037604
1.11,-0.4340312553347134
1.112,-0.43568408737357384
1.114,-0.43734054384134124
1.116,-0.4390006284336766
1.118,-0.44066434485416744
1.12,-0.44233169681470935
1.122,-0.4440026880348039
1.124,-0.44567732224269835
1.1260000000000001,-0.44735560317432876
1.1280000000000001,-0.44903753457397866
1.1300000000000001,-0.4507231201938512
1.1320000000000001,-0.45241236379443467
1.1340000000000001,-0.45410526914437044
1.1360000000000001,-0.4558018400204275
1.1380000000000001,-0.457502080207347
1.1400000000000001,-0.4592059934981494
1.1420000000000001,-0.4609135836939381
1.1440000000000001,-0.46262485460410524
1.1460000000000001,-0.4643398100461691
1.1480000000000001,-0.46605845384533
1.1500000000000001,-0.4677807898358681
1.1520000000000001,-0.4695068218595886
1.1540000000000001,-0.47123655376626156
1.1560000000000001,-0.4729699894145046
1.1580000000000001,-0.47470713267051506
1.1600000000000001,-0.476447987409203
1.1620000000000001,-0.4781925575131985
1.1640000000000001,-0.4799408468733044
1.1660000000000001,-0.4816928593887972
1.1680000000000001,-0.4834485989672129
1.1700000000000002,-0.48520806952394097
1.1720000000000002,-0.4869712749827363
1.1740000000000002,-0.4887382192752843
1.1760000000000002,-0.49050890634211103
1.1780000000000002,-0.49228334013146
1.1800000000000002,-0.49406152459944663
1.1820000000000002,-0.495843463711415
1.1840000000000002,-0.497629161439895
1.1860000000000002,-0.49941862176612556
1.1880000000000002,-0.5012118486795735
1.1900000000000002,-0.5030088461776221
1.1920000000000002,-0.5048096182663367
1.1940000000000002,-0.5066141689596204
1.1960000000000002,-0.5084225022798121
1.1980000000000002,-0.5102346222572387
1.2000000000000002,-0.5120505329305379
1.2020000000000002,-0.513870238347165
1.2040000000000002,-0.5156937425616884
1.2060000000000002,-0.5175210496376073
1.2080000000000002,-0.519352163646719
1.2100000000000002,-0.5211870886690874
1.2120000000000002,-0.5230258287921808
1.2140000000000002,-0.5248683881129037
1.2160000000000002,-0.5267147707360224
1.2180000000000002,-0.5285649807737243
1.2200000000000002,-0.5304190223472991
1.222,-0.5322768995865955
1.224,-0.534138616628383
1.226,-0.5360041776191045
1.228,-0.5378735867127438
1.23,-0.5397468480716897
1.232,-0.5416239658659784
1.234,-0.543504944275371
1.236,-0.5453897874861562
1.238,-0.5472784996939879
1.24,-0.5491710851027094
1.242,-0.5510675479239368
1.244,-0.552967892377726
1.246,-0.554872122693105
1.248,-0.5567802431057332
1.25,-0.5586922578614355
1.252,-0.5606081712129899
1.254,-0.5625279874218462
1.256,-0.5644517107579308
1.258,-0.5663793454989634
1.26,-0.5683108959315201
1.262,-0.5702463663501575
1.264,-0.5721857610570794
1.266,-0.5741290843639775
1.268,-0.57607634059028
1.27,-0.5780275340625857
1.272,-0.5799826691178842
1.274,-0.5819417500998642
1.276,-0.5839047813604616
1.278,-0.5858717672610223
1.28,-0.587842712170348
1.282,-0.5898176204654759
1.284,-0.5917964965316467
1.286,-0.5937793447630215
1.288,-0.5957661695616538
1.29,-0.5977569753372777
1.292,-0.5997517665092548
1.294,-0.6017505475034797
1.296,-0.6037533227554436
1.298,-0.6057600967086353
1.3,-0.6077708738144934
1.302,-0.6097856585322522
1.304,-0.6118044553308722
1.306,-0.6138272686867546
1.308,-0.6158541030836392
1.31,-0.6178849630148887
1.312,-0.6199198529818193
1.314,-0.6219587774939145
1.316,-0.6240017410684553
1.318,-0.6260487482308645
1.32,-0.6280998035165258
1.322,-0.6301549114666901
1.324,-0.6322140766327045
1.326,-0.6342773035731548
1.328,-0.6363445968549521
1.33,-0.6384159610537781
1.332,-0.6404914007535304
1.334,-0.6425709205449758
1.336,-0.6446545250290752
1.338,-0.6467422188143176
1.34,-0.6488340065159682
1.342,-0.6509298927598944
1.344,-0.6530298821785409
1.346,-0.6551339794134221
1.348,-0.6572421891142056
1.35,-0.6593545159379365
1.352,-0.6614709645503704
1.354,-0.6635915396257818
1.356,-0.6657162458475385
1.358,-0.6678450879044421
1.36,-0.6699780704952293
1.362,-0.6721151983287046
1.364,-0.674256476118021
1.366,-0.676401908585911
1.368,-0.678551500465622
1.37,-0.6807052564965321
1.372,-0.6828631814249778
1.374,-0.6850252800082375
1.3760000000000001,-0.6871915570103089
1.3780000000000001,-0.6893620172029223
1.3800000000000001,-0.6915366653672823
1.3820000000000001,-0.6937155062918812
1.3840000000000001,-0.6958985447725995
1.3860000000000001,-0.6980857856153393
1.3880000000000001,-0.7002772336335937
1.3900000000000001,-0.7024728936479875
1.3920000000000001,-0.7046727704864969
1.3940000000000001,-0.7068768689894653
1.3960000000000001,-0.7090851940013687
1.3980000000000001,-0.7112977503749693
1.4000000000000001,-0.7135145429730894
1.4020000000000001,-0.7157355766658137
1.4040000000000001,-0.7179608563309268
1.4060000000000001,-0.7201903868543136
1.4080000000000001,-0.722424173131347
1.41,-0.7246622200636937
1.412,-0.7269045325614272
1.414,-0.729151115544603
1.416,-0.7314019739391577
1.418,-0.7336571126782002
1.42,-0.7359165367079649
1.422,-0.7381802509769351
1.424,-0.7404482604429128
1.426,-0.7427205700756371
1.428,-0.7449971848492204
1.43,-0.7472781097447962
1.432,-0.7495633497566182
1.434,-0.7518529098808863
1.436,-0.754146795126618
1.438,-0.7564450105088497
1.44,-0.7587475610492187
1.442,-0.7610544517798378
1.444,-0.7633656877394238
1.446,-0.7656812739761835
1.448,-0.7680012155451479
1.45,-0.7703255175072458
1.452,-0.772654184935142
1.454,-0.7749872229078022
1.456,-0.7773246365113742
1.458,-0.7796664308411257
1.46,-0.7820126109998893
1.462,-0.784363182096802
1.464,-0.78671814925411
1.466,-0.7890775175937494
1.468,-0.7914412922530099
1.47,-0.7938094783753746
1.472,-0.7961820811066436
1.474,-0.7985591056084276
1.476,-0.8009405570450416
1.478,-0.8033264405911679
1.48,-0.8057167614262184
1.482,-0.8081115247433862
1.484,-0.8105107357384148
1.486,-0.8129143996138202
1.488,-0.8153225215850229
1.49,-0.8177351068711298
1.492,-0.820152160702807
1.494,-0.8225736883146519
1.496,-0.8249996949507786
1.498,-0.8274301858631419
1.5,-0.8298651663117886
1.502,-0.8323046415646372
1.504,-0.8347486168931092
1.506,-0.8371970975839809
1.508,-0.8396500889241673
1.51,-0.8421075962150332
1.512,-0.8445696247608507
1.514,-0.8470361798747637
1.516,-0.849507266878749
1.518,-0.8519828911029107
1.52,-0.8544630578801883
1.522,-0.8569477725558615
1.524,-0.8594370404835812
1.526,-0.861930867020521
1.528,-0.8644292575341535
1.53,-0.8669322173983564
1.532,-0.8694397519991256
1.534,-0.8719518667204221
1.536,-0.8744685669621625
1.538,-0.8769898581280413
1.54,-0.8795157456320075
1.542,-0.8820462348937956
1.544,-0.8845813313382229
1.546,-0.8871210404005978
1.548,-0.8896653675275591
1.55,-0.8922143181654585
1.552,-0.8947678977689525
1.554,-0.8973261118036805
1.556,-0.8998889657458905
1.558,-0.9024564650688311
1.56,-0.9050286152645078
1.562,-0.907605421823865
1.564,-0.9101868902519321
1.566,-0.9127730260533402
1.568,-0.9153638347471154
1.57,-0.9179593218568323
1.572,-0.920559492908585
1.574,-0.9231643534489272
1.576,-0.9257739090162551
1.578,-0.9283881651666045
1.58,-0.931007127457952
1.582,-0.9336308014651193
1.584,-0.9362591927496038
1.586,-0.938892306900589
1.588,-0.9415301495090463
1.59,-0.9441727261656964
1.592,-0.9468200424751022
1.594,-0.9494721040477768
1.596,-0.9521289165079639
1.598,-0.9547904854694221
1.6,-0.957456816569212
1.602,-0.9601279154453475
1.604,-0.962803787742325
1.606,-0.9654844391167896
1.608,-0.9681698752264851
1.61,-0.9708601017385059
1.612,-0.9735551243285488
1.614,-0.9762549486746434
1.616,-0.9789595804606841
1.618,-0.9816690253876118
1.62,-0.9843832891603679
1.622,-0.9871023774772254
1.624,-0.9898262960638265
1.6260000000000001,-0.9925550506371307
1.6280000000000001,-0.995288646930849
1.6300000000000001,-0.9980270906754296
1.6320000000000001,-1.000770387615639
1.6340000000000001,-1.0035185435022176
1.6360000000000001,-1.0062715640887048
1.6380000000000001,-1.0090294551487757
1.6400000000000001,-1.0117922224390254
1.6420000000000001,-1.014559871744142
1.6440000000000001,-1.0173324088462654
1.6460000000000001,-1.0201098395411052
1.6480000000000001,-1.0228921696105808
1.6500000000000001,-1.025679404866907
1.6520000000000001,-1.0284715511302618
1.6540000000000001,-1.031268614198696
1.6560000000000001,-1.0340705999059252
1.6580000000000001,-1.0368775140851711
1.6600000000000001,-1.0396893625628836
1.6620000000000001,-1.0425061511897917
1.6640000000000001,-1.045327885812305
1.6660000000000001,-1.0481545722900898
1.6680000000000001,-1.0509862164749464
1.6700000000000002,-1.0538228242554115
1.6720000000000002,-1.0566644014917683
1.6740000000000002,-1.0595109540640029
1.6760000000000002,-1.062362487876776
1.6780000000000002,-1.0652190088091398
1.6800000000000002,-1.0680805227605688
1.6820000000000002,-1.0709470356475443
1.6840000000000002,-1.0738185533830695
1.6860000000000002,-1.0766950818780159
1.6880000000000002,-1.0795766270693083
1.6900000000000002,-1.0824631948832915
1.692,-1.0853547912656867
1.694,-1.0882514221430728
1.696,-1.0911530934902243
1.698,-1.0940598112436437
1.7,-1.0969715813819614
1.702,-1.0998884098612434
1.704,-1.1028103026749634
1.706,-1.1057372657854112
1.708,-1.108669305190676
1.71,-1.111606426873511
1.712,-1.1145486368431343
1.714,-1.1174959411080787
1.716,-1.1204483456647125
1.718,-1.1234058565520813
1.72,-1.126368479770908
1.722,-1.1293362213681584
1.724,-1.1323090873624082
1.726,-1.1352870838062985
1.728,-1.1382702167482852
1.73,-1.1412584922157167
1.732,-1.1442519162976317
1.734,-1.1472504950525835
1.736,-1.1502542345294282
1.738,-1.153263140821719
1.74,-1.1562772199983293
1.742,-1.1592964781684476
1.744,-1.1623209213832244
1.746,-1.1653505557786026
1.748,-1.168385387429343
1.75,-1.1714254224655984
1.752,-1.1744706669902047
1.754,-1.1775211271282218
1.756,-1.1805768089967705
1.758,-1.1836377187220597
1.76,-1.1867038624647344
1.762,-1.1897752463235498
1.764,-1.192851876487723
1.766,-1.1959337590785328
1.768,-1.199020900278503
1.77,-1.2021133062226146
1.772,-1.205210983083428
1.774,-1.2083139370597369
1.776,-1.2114221742931
1.778,-1.2145357009801308
1.78,-1.2176545233132177
1.782,-1.2207786474749145
1.784,-1.2239080796762234
1.786,-1.227042826110858
1.788,-1.230182892991945
1.79,-1.2333282865208488
1.792,-1.2364790129240288
1.794,-1.2396350784152559
1.796,-1.2427964892443057
1.798,-1.2459632516299788
1.8,-1.2491353717787894
1.802,-1.2523128559824672
1.804,-1.2554957104498732
1.806,-1.258683941469978
1.808,-1.261877555242767
1.81,-1.2650765580738867
1.812,-1.2682809562119304
1.814,-1.2714907559473758
1.816,-1.2747059635171438
1.818,-1.2779265852198558
1.82,-1.2811526273425065
1.822,-1.2843840961480208
1.824,-1.2876209979818891
1.826,-1.290863339062005
1.828,-1.2941111257506257
1.83,-1.2973643643356274
1.832,-1.300623061140998
1.834,-1.3038872224384346
1.836,-1.307156854585558
1.838,-1.310431963870635
1.84,-1.3137125566548766
1.842,-1.3169986392324684
1.844,-1.3202902179653653
1.846,-1.3235872991929656
1.848,-1.326889889229041
1.85,-1.3301979944499671
1.852,-1.3335116211952491
1.854,-1.3368307757991362
1.856,-1.3401554646603238
1.858,-1.3434856940935094
1.86,-1.3468214705017225
1.862,-1.3501628002561323
1.864,-1.3535096896939465
1.866,-1.3568621451982583
1.868,-1.3602201731793375
1.87,-1.3635837800025485
1.872,-1.3669529720685254
1.874,-1.3703277557258562
1.8760000000000001,-1.373708137436593
1.8780000000000001,-1.3770941235411147
1.8800000000000001,-1.3804857204770518
1.8820000000000001,-1.3838829346352677
1.8840000000000001,-1.3872857724173335
1.8860000000000001,-1.3906942402237872
1.8880000000000001,-1.3941083445170621
1.8900000000000001,-1.3975280916726212
1.8920000000000001,-1.4009534881112182
1.8940000000000001,-1.4043845403108939
1.8960000000000001,-1.4078212546603888
1.8980000000000001,-1.4112636375711172
1.9000000000000001,-1.4147116955004087
1.9020000000000001,-1.4181654348822488
1.9040000000000001,-1.4216248621573195
1.9060000000000001,-1.4250899837648605
1.9080000000000001,-1.4285608061409618
1.9100000000000001,-1.4320373357729739
1.9120000000000001,-1.435519579085125
1.9140000000000001,-1.4390075425436333
1.9160000000000001,-1.4425012326002578
1.9180000000000001,-1.4460006556598946
1.9200000000000002,-1.4495058182950886
1.9220000000000002,-1.4530167268872687
1.9240000000000002,-1.4565333879587852
1.9260000000000002,-1.4600558079352561
1.9280000000000002,-1.4635839933130115
1.9300000000000002,-1.4671179505683496
1.9320000000000002,-1.4706576861403138
1.9340000000000002,-1.4742032065853603
1.9360000000000002,-1.477754518351052
1.9380000000000002,-1.4813116278831762
1.9400000000000002,-1.4848745417085567
1.9420000000000002,-1.4884432663298233
1.9440000000000002,-1.492017808231415
1.9460000000000002,-1.4955981738540038
1.9480000000000002,-1.499184369756822
1.9500000000000002,-1.5027764024149208
1.9520000000000002,-1.5063742783778094
1.9540000000000002,-1.5099780040567583
1.9560000000000002,-1.5135875860037167
1.9580000000000002,-1.517203030734168
1.9600000000000002,-1.5208243447862464
1.9620000000000002,-1.5244515346229666
1.9640000000000002,-1.5280846067399516
1.9660000000000002,-1.5317235676565397
1.9680000000000002,-1.5353684239488918
1.9700000000000002,-1.539019182063604
1.9720000000000002,-1.5426758485675742
1.974,-1.5463384299734553
1.976,-1.5500069328030543
1.978,-1.553681363593028
1.98,-1.5573617287705024
1.982,-1.5610480350042144
1.984,-1.564740288772603
1.986,-1.5684384965294424
1.988,-1.572142664918437
1.99,-1.5758528003538095
1.992,-1.5795689095174599
1.994,-1.5832909987874946
1.996,-1.587019074839972
1.998,-1.5907531440937104
2.,-1.5944932131933884
2.002,-1.5982392885589927
2.004,-1.6019913768315643
2.006,-1.6057494845342348
2.008,-1.6095136181598677
2.01,-1.6132837842324983
2.012,-1.6170599893982847
2.014,-1.6208422401538587
2.016,-1.6246305429800592
2.018,-1.6284249045274959
2.02,-1.6322253313307098
2.022,-1.6360318297766807
2.024,-1.6398444066492455
2.026,-1.6436630682477753
2.028,-1.6474878213450594
2.03,-1.6513186723912465
2.032,-1.6551556278665542
2.034,-1.6589986944524542
2.036,-1.6628478786500798
2.038,-1.666703186945947
2.04,-1.6705646259718567
2.042,-1.6744322022596214
2.044,-1.678305922270525
2.046,-1.6821857926968264
2.048,-1.686071819991635
2.05,-1.6899640106658962
2.052,-1.6938623714233356
2.054,-1.697766908664469
2.056,-1.7016776290041142
2.058,-1.7055945389925404
2.06,-1.7095176451718275
2.062,-1.7134469541520332
2.064,-1.7173824723128501
2.066,-1.7213242062680143
2.068,-1.7252721627586955
2.07,-1.7292263480372332
2.072,-1.7331867688091391
2.074,-1.7371534315195094
2.076,-1.7411263429294197
2.078,-1.7451055094201335
2.08,-1.7490909374203876
2.082,-1.7530826337837482
2.084,-1.75708060475719
2.086,-1.761084856968038
2.088,-1.765095397143837
2.09,-1.7691122314710868
2.092,-1.7731353666358496
2.094,-1.7771648093615866
2.096,-1.7812005660467682
2.098,-1.7852426430674269
2.1,-1.7892910471922738
2.102,-1.7933457848063812
2.104,-1.7974068626121245
2.106,-1.801474287010668
2.108,-1.8055480642530874
2.11,-1.8096282014497669
2.112,-1.8137147047683597
2.114,-1.8178075807211318
2.116,-1.8219068358898844
2.118,-1.8260124767535046
2.12,-1.8301245099419765
2.122,-1.8342429418190083
2.124,-1.8383677790488882
2.126,-1.8424990279617492
2.128,-1.8466366953054871
2.13,-1.850780787351233
2.132,-1.854931310729744
2.134,-1.8590882718968518
2.136,-1.8632516775059929
2.138,-1.86742153369494
2.14,-1.8715978473165227
2.142,-1.8757806248642557
2.144,-1.8799698724354401
2.146,-1.8841655969832436
2.148,-1.8883678048252002
2.15,-1.89257650225822
2.152,-1.8967916959512938
2.154,-1.9010133924571506
2.156,-1.905241597993621
2.158,-1.9094763194852866
2.16,-1.9137175627313647
2.162,-1.9179653348109469
2.1639999999999997,-1.92221964202217
2.166,-1.9264804905520754
2.1679999999999997,-1.9307478872888844
2.17,-1.9350218384133069
2.1719999999999997,-1.9393023502938678
2.174,-1.9435894296464797
2.1759999999999997,-1.9478830828491052
2.178,-1.9521833160201922
2.1799999999999997,-1.9564901361721045
2.182,-1.9608035492545206
2.1839999999999997,-1.9651235620231575
2.186,-1.969450180529245
2.1879999999999997,-1.9737834116582345
2.19,-1.9781232615761954
2.1919999999999997,-1.9824697367897715
2.194,-1.9868228437034883
2.1959999999999997,-1.9911825885350949
2.198,-1.9955489779466797
2.1999999999999997,-1.9999220185438948
2.202,-2.004301715961357
2.2039999999999997,-2.0086880773184634
2.206,-2.013081108786672
2.2079999999999997,-2.0174808165851057
2.21,-2.021887207492508
2.2119999999999997,-2.0263002875701086
2.214,-2.030720062885998
2.2159999999999997,-2.03514654063078
2.218,-2.0395797269522884
2.2199999999999998,-2.0440196274108753
2.222,-2.0484662492851227
2.2239999999999998,-2.0529195985335766
2.226,-2.057379681718908
2.2279999999999998,-2.061846505087594
2.23,-2.066320074615367
2.2319999999999998,-2.070800397223515
2.234,-2.075287479092314
2.2359999999999998,-2.0797813262788645
2.238,-2.0842819453599883
2.2399999999999998,-2.088789342488485
2.242,-2.0933035241725237
2.2439999999999998,-2.097824496867966
2.246,-2.102352265996245
2.2479999999999998,-2.1068868389470277
2.25,-2.111428221514555
2.252,-2.115976419995455
2.254,-2.1205314409899927
2.2560000000000002,-2.1250932900815216
2.258,-2.1296619742558525
2.2600000000000002,-2.1342374993255953
2.262,-2.1388198716938667
2.2640000000000002,-2.1434090979344522
2.266,-2.1480051833977285
2.2680000000000002,-2.1526081356832396
2.27,-2.1572179601674244
2.2720000000000002,-2.1618346628191483
2.274,-2.1664582506539554
2.2760000000000002,-2.1710887293384165
2.278,-2.1757261051388865
2.2800000000000002,-2.1803703846609426
2.282,-2.1850215734064595
2.2840000000000003,-2.1896796788447563
2.286,-2.1943447059037275
2.2880000000000003,-2.1990166608522435
2.29,-2.203695550895783
2.2920000000000003,-2.208381381168207
2.294,-2.2130741579994475
2.2960000000000003,-2.2177738883829576
2.298,-2.2224805776718406
2.3000000000000003,-2.2271942319207794
2.302,-2.2319148582527486
2.3040000000000003,-2.236642461698078
2.306,-2.2413770485338986
2.3080000000000003,-2.2461186260731116
2.31,-2.2508671984773496
2.3120000000000003,-2.255622773800217
2.314,-2.2603853568466707
2.3160000000000003,-2.2651549544374325
2.318,-2.2699315722291686
2.3200000000000003,-2.274715216375794
2.322,-2.2795058931900307
2.3240000000000003,-2.2843036085200046
2.326,-2.289108368459681
2.3280000000000003,-2.2939201797317685
2.33,-2.2987390466739024
2.3320000000000003,-2.303564977667972
2.334,-2.3083979772613343
2.3360000000000003,-2.3132380510368353
2.338,-2.318085206599277
2.3400000000000003,-2.322939449040365
2.342,-2.3278007836396224
2.3440000000000003,-2.3326692183397544
2.346,-2.337544757617611
2.3480000000000003,-2.342427407080267
2.35,-2.347317174218983
2.352,-2.352214063555413
2.354,-2.357118082572423
2.356,-2.3620292366487274
2.358,-2.3669475301699894
2.36,-2.3718729720654337
2.362,-2.376805565751174
2.364,-2.3817453179584818
2.366,-2.3866922346426698
2.368,-2.3916463224167592
2.37,-2.396607585635572
2.372,-2.401576031716951
2.374,-2.4065516658350665
2.376,-2.4115344936471956
2.378,-2.4165245216083178
2.38,-2.421521755369808
2.382,-2.426526200391105
2.384,-2.4315378634059135
2.386,-2.4365567492233455
2.388,-2.4415828635924686
2.39,-2.4466162139675
2.392,-2.4516568050319663
2.394,-2.456704641616303
2.396,-2.4617597313614024
2.398,-2.4668220791562936
2.4,-2.4718916912497346
2.402,-2.4769685718896657
2.404,-2.482052728142178
2.406,-2.487144166530034
2.408,-2.49224289210596
2.41,-2.4973489085185334
2.412,-2.5024622248521955
2.414,-2.507582845088912
2.416,-2.51271077471628
2.418,-2.517846020723946
2.42,-2.5229885882563945
2.422,-2.5281384803165583
2.424,-2.5332957069373347
2.426,-2.5384602718247757
2.428,-2.543632179520437
2.43,-2.5488114378814424
2.432,-2.55399804953734
2.434,-2.5591920235309145
2.436,-2.5643933646036063
2.438,-2.5696020767665066
2.44,-2.5748181667313825
2.442,-2.5800416400644166
2.444,-2.5852725024105374
2.4459999999999997,-2.590510757173881
2.448,-2.5957564132612068
2.4499999999999997,-2.601009476669676
2.452,-2.606269947689847
2.4539999999999997,-2.6115378380928234
2.456,-2.6168131485375454
2.4579999999999997,-2.622095887951885
2.46,-2.627386059369239
2.4619999999999997,-2.632683670612279
2.464,-2.6379887238462723
2.4659999999999997,-2.643301228318761
2.468,-2.6486211883433617
2.4699999999999998,-2.653948606620954
2.472,-2.659283491630683
2.4739999999999998,-2.664625847864087
2.476,-2.6699756824400596
2.4779999999999998,-2.6753329973149502
2.48,-2.6806977998083155
2.4819999999999998,-2.6860700970342495
2.484,-2.6914498914764216
2.4859999999999998,-2.6968371894292504
2.488,-2.702231995831179
2.4899999999999998,-2.7076343163724395
2.492,-2.7130441580124565
2.4939999999999998,-2.7184615240244585
2.496,-2.7238864190977443
2.4979999999999998,-2.729318852377884
2.5,-2.734758825870326
2.502,-2.740206344737415
2.504,-2.7456614156402126
2.506,-2.751124043024134
2.508,-2.7565942335172764
2.51,-2.762071988846232
2.512,-2.7675573191483513
2.514,-2.7730502265867587
2.516,-2.7785507147858093
2.518,-2.7840587952503086
2.52,-2.7895744659316057
2.522,-2.7950977350106427
2.524,-2.8006286088814556
2.526,-2.806167089236035
2.528,-2.8117131877440253
2.53,-2.8172669036074383
2.532,-2.8228282413621293
2.534,-2.8283972107270765
2.536,-2.8339738151319827
2.5380000000000003,-2.839558056658618
2.54,-2.845149945318699
2.5420000000000003,-2.8507494826600563
2.544,-2.8563566718172275
2.5460000000000003,-2.8619715248893405
2.548,-2.8675940422239687
2.5500000000000003,-2.8732242256572134
2.552,-2.8788620888654126
2.5540000000000003,-2.884507629435009
2.556,-2.8901608527363556
2.5580000000000003,-2.895821769072385
2.56,-2.9014903770714504
2.5620000000000003,-2.9071666858385847
2.564,-2.912850698905346
2.5660000000000003,-2.9185424241703513
2.568,-2.924241861877445
2.5700000000000003,-2.9299490172429095
2.572,-2.935663898931617
2.5740000000000003,-2.9413865083480846
2.576,-2.9471168506735497
2.5780000000000003,-2.9528549356842926
2.58,-2.9586007598611097
2.5820000000000003,-2.9643543345102605
2.584,-2.9701156649716376
2.5860000000000003,-2.975884749423369
2.588,-2.981661601448475
2.5900000000000003,-2.9874462179657812
2.592,-2.9932386061857574
2.5940000000000003,-2.9990387721902247
2.596,-3.0048467211147747
2.5980000000000003,-3.010662452948283
2.6,-3.016485979586302
2.6020000000000003,-3.022317305002082
2.604,-3.028156426555492
2.6060000000000003,-3.0340033523671983
2.608,-3.0398580882463406
2.6100000000000003,-3.0457206467870184
2.612,-3.0515910153652794
2.6140000000000003,-3.0574692110493014
2.616,-3.0633552426154407
2.6180000000000003,-3.0692490952048552
2.62,-3.0751507920968595
2.6220000000000003,-3.081060333165337
2.624,-3.0869777196047368
2.6260000000000003,-3.0929029565901525
2.628,-3.0988360462603355
2.6300000000000003,-3.10477700361161
2.632,-3.110725822921162
2.634,-3.116682512011581
2.636,-3.1226470743547945
2.638,-3.1286195132735783
2.64,-3.1345998416752825
2.642,-3.1405880551348146
2.644,-3.1465841576374673
2.646,-3.152588157776727
2.648,-3.1586000620655863
2.65,-3.164619869065288
2.652,-3.1706475856646525
2.654,-3.1766832129809095
2.656,-3.182726765575508
2.658,-3.1887782381399203
2.66,-3.1948376303300736
2.662,-3.200904961320471
2.664,-3.206980231327255
2.666,-3.2130634373662996
2.668,-3.219154592656541
2.67,-3.2252536906050517
2.672,-3.231360741710949
2.674,-3.2374757517955555
2.676,-3.243598720240344
2.678,-3.249729654709458
2.68,-3.2558685644913035
2.682,-3.2620154398599475
2.684,-3.268170296863703
2.686,-3.2743331444398436
2.688,-3.2805039713835393
2.69,-3.286682785188198
2.692,-3.292869603096171
2.694,-3.299064414539275
2.696,-3.305267228435148
2.698,-3.311478047002299
2.7,-3.3176968837337655
2.702,-3.323923725679696
2.704,-3.3301585975622134
2.706,-3.33640149059187
2.708,-3.3426524028437403
2.71,-3.3489113511859285
2.712,-3.355178344123824
2.714,-3.36145336055391
2.716,-3.367736431573788
2.718,-3.3740275521399083
2.72,-3.38032670582893
2.722,-3.3866339304634065
2.724,-3.3929492175989804
2.726,-3.3992725588573878
2.7279999999999998,-3.405603968874927
2.73,-3.4119434470386785
2.7319999999999998,-3.418291003593563
2.734,-3.424646640526317
2.7359999999999998,-3.431010353661443
2.738,-3.43738215870211
2.7399999999999998,-3.4437620532844853
2.742,-3.450150033283224
2.7439999999999998,-3.456546118471079
2.746,-3.4629503042427787
2.7479999999999998,-3.469362591785954
2.75,-3.475782996734597
2.752,-3.482211508435778
2.754,-3.4886481315661735
2.756,-3.495092876433881
2.758,-3.5015457552562563
2.76,-3.5080067506194696
2.762,-3.5144758787441073
2.764,-3.5209531471051023
2.766,-3.5274385481665713
2.768,-3.533932087125206
2.77,-3.540433783078874
2.772,-3.546943617726604
2.774,-3.5534616129948398
2.776,-3.5599877500061488
2.778,-3.5665220741640975
2.78,-3.5730645504139327
2.782,-3.579615173345154
2.784,-3.586173990214176
2.786,-3.592740966495364
2.788,-3.599316120875781
2.79,-3.6058994729130154
2.792,-3.6124910016873626
2.794,-3.6190906977657376
2.796,-3.625698614944439
2.798,-3.632314710539112
2.8,-3.6389390001083326
2.802,-3.6455715015413146
2.804,-3.652212202702427
2.806,-3.658861110916171
2.808,-3.6655182215616873
2.81,-3.6721835785212495
2.812,-3.678857133029467
2.814,-3.68553889196644
2.816,-3.6922289062974394
2.818,-3.698927139317267
2.82,-3.7056335852154207
2.822,-3.7123482919797635
2.824,-3.7190712113251565
2.826,-3.7258023822717554
2.828,-3.7325418179634595
2.83,-3.7392894729920614
2.832,-3.7460453825182536
2.834,-3.7528095668806625
2.836,-3.7595819729383226
2.838,-3.7663626637103933
2.84,-3.7731516347301413
2.842,-3.779948828829788
2.844,-3.786754324059856
2.846,-3.793568091248991
2.848,-3.8003901206867345
2.85,-3.8072204082065206
2.852,-3.81405901924663
2.854,-3.8209059123174867
2.856,-3.8277610632851355
2.858,-3.8346245026186017
2.86,-3.841496271420206
2.862,-3.8483763090234837
2.864,-3.85526466387987
2.866,-3.862161324581742
2.868,-3.8690662692005384
2.87,-3.8759795162067547
2.872,-3.8829011015288235
2.874,-3.889831002506984
2.876,-3.8967691947684338
2.878,-3.903715735231974
2.88,-3.910670595857796
2.882,-3.9176337708969804
2.884,-3.9246052716511075
2.886,-3.9315851057334257
2.888,-3.93857327107509
2.89,-3.945569772567262
2.892,-3.9525746413273524
2.894,-3.9595878123565096
2.896,-3.9666093357028402
2.898,-3.973639233921119
2.9,-3.980677469253312
2.902,-3.9877240462734598
2.904,-3.994778979042038
2.906,-4.0018423110823225
2.908,-4.008913977665586
2.91,-4.015993969812331
2.912,-4.023082387926123
2.914,-4.03017914773774
2.916,-4.037284286986546
2.918,-4.044397813272617
2.92,-4.051519680115321
2.922,-4.058649929273988
2.924,-4.065788616592654
2.926,-4.072935647228772
2.928,-4.080091045640081
2.93,-4.087254877747679
2.932,-4.094427052069074
2.934,-4.101607667615169
2.936,-4.108796703239186
2.938,-4.115994063312955
2.94,-4.1231998743879785
2.942,-4.130414114747417
2.944,-4.137636712237327
2.946,-4.144867715678724
2.948,-4.152107128688638
2.95,-4.1593549858649075
2.952,-4.166611229127338
2.954,-4.1738759444592315
2.956,-4.1811490630164645
2.958,-4.188430579769754
2.96,-4.195720525032622
2.962,-4.203018953340403
2.964,-4.210325742836221
2.966,-4.2176409832358654
2.968,-4.224964715098009
2.97,-4.2322967822438295
2.972,-4.239637387100763
2.974,-4.246986425249991
2.976,-4.254343840022476
2.978,-4.261709724499992
2.98,-4.269084064451123
2.982,-4.276466892635649
2.984,-4.283858117365872
2.986,-4.291257809813318
2.988,-4.298665991999233
2.99,-4.306082609388801
2.992,-4.31350767964736
2.994,-4.320941227870736
2.996,-4.328383274196811
2.998,-4.335833730599259
3.,-4.34329271589699