0.2,0.001,4.5031652982011416e-11,1059.4181320476584+1080.8217970535002*I
0.2,0.005,5.4608436855449814e-9,149.95188255740067+260.89918763414266*I
0.2,0.009000000000000001,3.085220000833857e-8,61.00167377141415+154.57474725819563*I
0.2,0.013000000000000001,8.99291199977013e-8,28.77507861690693+110.65824466607862*I
0.2,0.017,1.9414959872106e-7,12.494936839812212+85.98364601039155*I
0.2,0.021,3.52596185957065e-7,2.861265947550256+69.8286093006313*I
0.2,0.025,5.718397333564363e-7,-3.374604681897454+58.22515561049071*I
0.2,0.029,8.557824188945393e-7,-7.6355472415587995+49.357795595180725*I
0.2,0.033,1.2054630453051422e-6,-10.641341577545344+42.27650956799416*I
0.2,0.037000000000000005,1.6188832411892896e-6,-12.795107159590545+36.43471444996938*I
0.2,0.041,2.0908181021022985e-6,-14.340328389807896+31.495316538645568*I
0.2,0.045,2.612493700737504e-6,-15.43309224529032+27.239790581237344*I
0.2,0.049,3.1720992300519685e-6,-16.17812087202927+23.51614607628916*I
0.2,0.053000000000000005,3.751223435469314e-6,-16.650325554431134+20.229788822046945*I
0.2,0.057,4.331825381537405e-6,-16.901368928231676+17.293082510054372*I
0.2,0.061,4.885271583524546e-6,-16.974163144728948+14.661020546857157*I
0.2,0.065,5.384715828401228e-6,-16.896419705342716+12.281475756349003*I
0.2,0.069,5.791536026362718e-6,-16.695354878977376+10.128498302060747*I
0.2,0.07300000000000001,6.063968893747443e-6,-16.391071024172952+8.17559362288297*I
0.2,0.077,6.156583494628125e-6,-15.997682207134758+6.398665127584314*I
0.2,0.081,6.015006361525574e-6,-15.528838111381358+4.781466862396231*I
0.2,0.085,5.575323977911465e-6,-14.998761406230253+3.3126812929321265*I
0.2,0.089,4.769445949085416e-6,-14.416464512758703+1.9791915584499717*I
0.2,0.093,3.519839439356191e-6,-13.79091131567733+0.7710103510319659*I
0.2,0.097,1.7400823386587472e-6,-13.130055026938352-0.320514513643233*I
0.2,0.101,-6.657951631096951e-7,-12.441011573957448-1.3029864874651058*I
0.2,0.10500000000000001,-3.8033130641889333e-6,-11.731388761979906-2.182813097853069*I
0.2,0.109,-7.791819619058687e-6,-11.003421043596516-2.967230059302729*I
0.2,0.113,-0.0000127559029151992,-10.267104635934645-3.6605651085412316*I
0.2,0.117,-0.000018841585945056182,-9.523791128548552-4.268790769342945*I
0.2,0.121,-0.000026207528858244807,-8.77802865566565-4.796479941876628*I
0.2,0.125,-0.00003500924016500325,-8.03696892101842-5.248254898324347*I
0.2,0.129,-0.00004545486943970285,-7.300280938576-5.62826626166974*I
0.2,0.133,-0.00005771726429109705,-6.575174130541515-5.941179511564933*I
0.2,0.137,-0.00007205400325782641,-5.861145295662183-6.190262403503364*I
0.2,0.14100000000000001,-0.00008867361269798272,-5.1636065526477655-6.380062174879595*I
0.2,0.14500000000000002,-0.00010782751134468973,-4.484926491573946-6.514496738288093*I
0.2,0.149,-0.00012983169141744731,-3.8259422250043333-6.596554334605878*I
0.2,0.153,-0.00015497651374241322,-3.189437181756653-6.63013110850743*I
0.2,0.157,-0.0001835925629695414,-2.5772252535589204-6.618729787936261*I
0.2,0.161,-0.00021603759521706892,-1.9908882832261219-6.565767245197833*I
0.2,0.165,-0.0002526980940956347,-1.4317924826275072-6.4745821120702445*I
0.2,0.169,-0.00029399135729143647,-0.9010954027717943-6.34843336618274*I
0.2,0.17300000000000001,-0.0003403675163284611,-0.39975465432518686-6.190500702714872*I
0.2,0.177,-0.00039231179789989454,0.0714645127993418-6.003882392139195*I
0.2,0.181,-0.000450346871102716,0.5119811971511556-5.791593092329611*I
0.2,0.185,-0.0005150353497410036,0.9213909892817228-5.556561011954313*I
0.2,0.189,-0.0005869824525272599,1.2994580403639366-5.3016246988858615*I
0.2,0.193,-0.0006668388678880317,1.6461070397127158-5.0295294614990125*I
0.2,0.197,-0.0007553036436255533,1.9614149810204016-4.7429244166423175*I
0.2,0.201,-0.0008531274978622848,2.245602963124075-4.444358430973496*I
0.2,0.20500000000000002,-0.0009611160052746038,2.4990277798043268-4.136277476603099*I
0.2,0.20900000000000002,-0.0010801332862072808,2.722173447911144-3.8210209793760286*I
0.2,0.213,-0.0012111048654150206,2.915643131807713-3.500820799405265*I
0.2,0.217,-0.0013550248875808526,3.08014865982019-3.177791962573958*I
0.2,0.221,-0.0015129555670391655,3.216504487618262-2.8539404961864516*I
0.2,0.225,-0.0016860346608625891,3.3256173904617516-2.531154701726819*I
0.2,0.229,-0.0018754794220402018,3.40847813953515-2.2112052836240337*I
0.2,0.233,-0.0020825914613584913,3.466152891841715-1.8957442762986123*I
0.2,0.23700000000000002,-0.0023087619628190947,3.499774582058149-1.5863042721441862*I
0.2,0.241,-0.002555477089906189,3.5105344587353637-1.2842981550701296*I
0.2,0.245,-0.0028243236048880126,3.4996737698525093-0.9910192658678274*I
0.2,0.249,-0.003116995063560165,3.4684754334104513-0.70764182640314*I
0.2,0.253,-0.0034352979111907326,3.418256106879301-0.4352220077273609*I
0.2,0.257,-0.0037811580500222157,3.3503583414082874-0.17469929220763786*I
0.2,0.261,-0.004156627844385819,3.266142913222096+0.07310181444296013*I
0.2,0.265,-0.004563937224321013,3.1669654962223195+0.30747501502875124*I
0.2,0.269,-0.005005328501689276,3.054233973575057+0.5278065915158496*I
0.2,0.273,-0.005483317651113157,2.929304802377742+0.7336093510795701*I
0.2,0.277,-0.0060005376304408595,2.7935409492912435+0.9244934819214776*I
0.2,0.281,-0.006559785161755614,2.648290200666252+1.1001698096025778*I
0.2,0.28500000000000003,-0.007164031566424732,2.494878690830528+1.2604461424116375*I
0.2,0.28900000000000003,-0.007816431106989055,2.334605678330908+1.4052231509303736*I
0.2,0.293,-0.008520328449538497,2.1687387823715154+1.5344901403965836*I
0.2,0.297,-0.009279270759511864,1.9985087289951207+1.648320522494087*I
0.2,0.301,-0.010097013780816252,1.8251056329734516+1.746867256427529*I
0.2,0.305,-0.010977535420546329,1.6496744451636047+1.8303578936345584*I
0.2,0.309,-0.01192504130859058,1.4733120045445587+1.8990898141759633*I
0.2,0.313,-0.01294397916719639,1.2970633353015544+1.9534249757347306*I
0.2,0.317,-0.014039043965682287,1.1219194013475067+1.9937850317712273*I
0.2,0.321,-0.015215189833704488,0.9488144628528256+2.0206460630547696*I
0.2,0.325,-0.016477640205209098,0.7786240738642016+2.0345333593310535*I
0.2,0.329,-0.017831895833376597,0.6121635714442124+2.0360163057482437*I
0.2,0.333,-0.019283744049741345,0.45018680210653345+2.0257032106159296*I
0.2,0.337,-0.02083776091093594,0.2934301931116136+2.004305184061593*I
0.2,0.341,-0.022505191895174404,0.14237966539164468+1.9722713568744599*I
0.2,0.34500000000000003,-0.024287548525132315,-0.0022473504059876493+1.930533240385468*I
0.2,0.34900000000000003,-0.026193658686569848,-0.14000237125200907+1.879721232432459*I
0.2,0.353,-0.028230863042246555,-0.27044553993684234+1.8205630021155206*I
0.2,0.357,-0.030406798581143684,-0.39319841033566666+1.753797017738859*I
0.2,0.361,-0.032729447476018136,-0.5079435201408898+1.6801663931214954*I
0.2,0.365,-0.03520348849971402,-0.6144160988335049+1.600516155099645*I
0.2,0.369,-0.037844491229837185,-0.712436657442354+1.5153859120787538*I
0.2,0.373,-0.040658082089380106,-0.8018469996485273+1.4256112314600553*I
0.2,0.377,-0.04365342930278929,-0.8825574459195894+1.3319189823911535*I
0.2,0.381,-0.04684012254538488,-0.9545303511534774+1.235019437086297*I
0.2,0.385,-0.05022797362165058,-1.0177779274863281+1.1356075805929975*I
0.2,0.389,-0.053832446192112755,-1.072328517260966+1.0342775619175397*I
0.2,0.393,-0.05764776380668568,-1.1183795794897384+0.9319249174515636*I
0.2,0.397,-0.061706625756995634,-1.1559445531790935+0.8288628560438933*I
0.2,0.401,-0.06600270688385378,-1.185315603327593+0.7259214905245577*I
0.2,0.405,-0.0705524942915688,-1.2066795989532724+0.6235974109456979*I
0.2,0.40900000000000003,-0.0753669548947217,-1.2202919785040873+0.5224320840429033*I
0.2,0.41300000000000003,-0.08045458805180207,-1.2264561030221814+0.42295203503663054*I
0.2,0.41700000000000004,-0.08582624702979778,-1.2254857769375236+0.3256261316296357*I
0.2,0.421,-0.0914975860643622,-1.2176853533572296+0.23086842037751762*I
0.2,0.425,-0.09748371394875398,-1.2033875368750537+0.13907249271029926*I
0.2,0.429,-0.10378572612834648,-1.1830332963476573+0.05065759730685697*I
0.2,0.433,-0.11041696039645736,-1.1569960159873045-0.03405656896200633*I
0.2,0.437,-0.11738749978459306,-1.1256809973795467-0.11477124817395995*I
0.2,0.441,-0.12470659225988724,-1.0895056022740435-0.1912226704357152*I
0.2,0.445,-0.13238319340856475,-1.0488927337133962-0.26318341423002845*I
0.2,0.449,-0.14042521140580294,-1.0042717480393986-0.33046085481012283*I
0.2,0.453,-0.1488404167621207,-0.956070784131518-0.392897513674435*I
0.2,0.457,-0.15763464648819422,-0.9047224069060144-0.4503692594473215*I
0.2,0.461,-0.1668135589179265,-0.8506524596436464-0.5027853114150024*I
0.2,0.465,-0.17638084961895067,-0.7942851741347932-0.5500869478300213*I
0.2,0.46900000000000003,-0.18634021514323315,-0.7360330129423812-0.5922455611231964*I
0.2,0.47300000000000003,-0.1966921909767862,-0.6763058552966656-0.6292631455192742*I
0.2,0.47700000000000004,-0.20743718702576702,-0.6154980000274431-0.6611688384922927*I
0.2,0.481,-0.21857356041067472,-0.5539929983794413-0.688018665529368*I
0.2,0.485,-0.23009791866941118,-0.49216065146631466-0.7098937765765708*I
0.2,0.489,-0.24198408163690488,-0.4304001513723873-0.7269285473846817*I
0.2,0.493,-0.25426814493965705,-0.3689539426213653-0.7391893488396848*I
0.2,0.497,-0.2669130891132021,-0.3082036310151506-0.7468619594310547*I
0.2,0.501,-0.27991622212410955,-0.2484365976890832-0.7500984991826016*I
0.2,0.505,-0.29326194304347913,-0.18994040913571186-0.7490846318925816*I
0.2,0.509,-0.3069348627639643,-0.13297865522937988-0.7440174845543814*I
0.2,0.513,-0.32091808936704624,-0.07779380600068041-0.7351065729902803*I
0.2,0.517,-0.33519260512356713,-0.024607832607500976-0.7225730984423886*I
0.2,0.521,-0.34973751538806347,0.02637832101528664-0.706647942958565*I
0.2,0.525,-0.364530158518801,0.07498487297933475-0.6875699450666238*I
0.2,0.529,-0.3795459351718001,0.1210530581260443-0.6655846842192898*I
0.2,0.533,-0.39475952582380985,0.1644455535350115-0.640941192219584*I
0.2,0.537,-0.41014314320664497,0.20504535382319788-0.6138933347473081*I
0.2,0.541,-0.4256690206532717,0.24275634942788102-0.584694781873265*I
0.2,0.545,-0.4413071590772937,0.2775022402785276-0.5536012237885596*I
0.2,0.549,-0.45702779226849877,0.30922647847627366-0.5208656618952546*I
0.4,0.001,9.724699476308864e-11,875.539780546666-1298.9274691067708*I
0.4,0.005,1.2018118439621895e-8,268.5298850212149-158.1087386664921*I
0.4,0.009000000000000001,6.929314711136924e-8,163.77773052792796-53.09035088954271*I
0.4,0.013000000000000001,2.0643189202574412e-7,117.27928875431783-17.099836047116856*I
0.4,0.017,4.562726768850232e-7,90.10661765156911+0.0808338868949522*I
0.4,0.021,8.499344013090515e-7,71.86907150504801+9.627557227575839*I
0.4,0.025,1.4167926599040754e-6,58.55846498915688+15.364270429250775*I
0.4,0.029,2.1843949391497747e-6,48.28802044400521+18.935456267026915*I
0.4,0.033,3.1784699590763635e-6,40.04731086985835+21.15995626702876*I
0.4,0.037000000000000005,4.422623819790392e-6,33.246064258442+22.4898948042592*I
0.4,0.041,5.938605584213204e-6,27.513400914070854+23.195179459446475*I
0.4,0.045,7.74563415670315e-6,22.60599960566405+23.447490391948037*I
0.4,0.049,9.861018691791432e-6,18.35533464079763+23.361337472966195*I
0.4,0.053000000000000005,0.000012299127026799404,14.642258274847292+23.01700202407741*I
0.4,0.057,0.000015071932182653029,11.378840770813088+22.472538605849763*I
0.4,0.061,0.000018188274793146658,8.499052125130303+21.77161586544894*I
0.4,0.065,0.000021654590436391087,5.951603826297542+20.947645633762317*I
0.4,0.069,0.000025472894787141743,3.696546052027222+20.02758367008213*I
0.4,0.07300000000000001,0.000029643055187577612,1.7012809608098953+19.032762750465448*I
0.4,0.077,0.00003415977826282146,-0.06057465698041477+17.981280799842335*I
0.4,0.081,0.000039014385828318875,-1.6112191973531367+16.888130189264764*I
0.4,0.085,0.00004419333757255234,-2.9694611917417504+15.766208334345265*I
0.4,0.089,0.00004967949721948998,-4.1515879416683825+14.626435581476967*I
0.4,0.093,0.00005544870348274633,-5.1717934478900816+13.47867111341891*I
0.4,0.097,0.00006147237000179075,-6.042756360384753+12.331365746306883*I
0.4,0.101,0.00006771526629171772,-6.77589124934324+11.19206141622985*I
0.4,0.10500000000000001,0.00007413680410484503,-7.38159643012132+10.067312682694615*I
0.4,0.109,0.00008068897500563397,-7.869440010994189+8.96299662462394*I
0.4,0.113,0.00008731488289200343,-8.24835293956598+7.884416839534181*I
0.4,0.117,0.00009394993146677225,-8.526705245533101+6.836199834472377*I
0.4,0.121,0.00010052362071129016,-8.712308419905662+5.8222594513843795*I
0.4,0.125,0.00010695144943307933,-8.812695107740788+4.846260379913473*I
0.4,0.129,0.00011314168366048808,-8.834957615037448+3.9112207320079473*I
0.4,0.133,0.00011899055110071487,-8.785902411054181+3.019764416392884*I
0.4,0.137,0.00012438233680868804,-8.67205183958383+2.174092812359679*I
0.4,0.14100000000000001,0.0001291909254693892,-8.499590787286337+1.3759578863082345*I
0.4,0.14500000000000002,0.0001332719216218764,-8.274595073523885+0.6268448625788644*I
0.4,0.149,0.00013647007435443548,-8.002782451788875-0.072204918514997*I
0.4,0.153,0.0001386114978514212,-7.689722664306986-0.7204384379592722*I
0.4,0.157,0.00013950897539368205,-7.34065059569401-1.317462931888661*I
0.4,0.161,0.00013895384864849193,-6.960669075766781-1.8631437286867403*I
0.4,0.165,0.00013671749819891497,-6.554664413646713-2.357635471460088*I
0.4,0.169,0.00013255171352619932,-6.127256275436779-2.8013662030076847*I
0.4,0.17300000000000001,0.0001261850299875334,-5.682856748441066-3.1950059672591764*I
0.4,0.177,0.00011734347610286802,-5.224992855472058-3.5393808084539313*I
0.4,0.181,0.00010565916485471122,-4.758976342852755-3.835697597633355*I
0.4,0.185,0.00009080552999752853,-4.287854875870155-4.085243193040976*I
0.4,0.189,0.00007238866105748638,-3.8157103392877527-4.289717397599839*I
0.4,0.193,0.00005002797765347207,-3.3446249767557013-4.45036592183148*I
0.4,0.197,0.000023259075683192042,-2.878270467945249-4.569156527555018*I
0.4,0.201,-8.401745250444992e-6,-2.41945989633539-4.648002143543474*I
0.4,0.20500000000000002,-0.000045477906086109597,-1.9707831123789359-4.6889289169490835*I
0.4,0.20900000000000002,-0.00008853518804264014,-1.53460255669405-4.694057665159479*I
0.4,0.213,-0.00013818468698025905,-1.1130552395191464-4.665587996477515*I
0.4,0.217,-0.00019508596575786195,-0.7080553470822307-4.6057826771982056*I
0.4,0.221,-0.0002599508638546072,-0.32129559797895924-4.516948703630846*I
0.4,0.225,-0.0003335456630768038,0.045740851686553785-4.401436000804523*I
0.4,0.229,-0.0004166952469788038,0.3917839550510208-4.261612990210755*I
0.4,0.233,-0.0005102894761952729,0.7157731550742286-4.099842274195558*I
0.4,0.23700000000000002,-0.0006152864528149615,1.0168444108057237-3.9184802428439744*I
0.4,0.241,-0.0007327113051445603,1.294322845234565-3.719882072450437*I
0.4,0.245,-0.0008636690618455076,1.547722782551041-3.506356194263844*I
0.4,0.249,-0.0010093485466824512,1.7767348357073711-3.2801656200259357*I
0.4,0.253,-0.0011710223912012386,1.981218531312426-3.0435296778793695*I
0.4,0.257,-0.0013500567455771864,2.1611943679923047-2.798602817812593*I
0.4,0.261,-0.0015479170893829088,2.3168342478064123-2.547467623891509*I
0.4,0.265,-0.0017661731961212792,2.44845262690164-2.292128798545981*I
0.4,0.269,-0.0020065066970561428,2.5564965922095375-2.0345045442679597*I
0.4,0.273,-0.002270717491154015,2.641536229519192-1.7764208250747764*I
0.4,0.277,-0.002560732084533927,2.70425430809837-1.5196049373936542*I
0.4,0.281,-0.0028786101479163135,2.745436558353194-1.2656817576283022*I
0.4,0.28500000000000003,-0.0032265532436245785,2.765961349924418-1.0161691293078767*I
0.4,0.28900000000000003,-0.0036069617551249536,2.766773258657702-0.7724610264729381*I
0.4,0.293,-0.004022257744312853,2.7489368043492792-0.5358810602564671*I
0.4,0.297,-0.00447516223520388,2.713532914022231-0.3075952843094719*I
0.4,0.301,-0.004968531816919702,2.6617102437645235-0.08866920806314536*I
0.4,0.305,-0.005505410881481032,2.5946603868553915+0.11994745223041361*I
0.4,0.309,-0.006089043964396351,2.513608012623842+0.3174205376944901*I
0.4,0.313,-0.006722881554608051,2.419802902338386+0.5030300009824563*I
0.4,0.317,-0.0074104714196733265,2.314532120303044+0.6761656649895926*I
0.4,0.321,-0.008155952660301218,2.1990231219964347+0.8363391265115425*I
0.4,0.325,-0.008963359986587096,2.074569078014247+0.9831569057723649*I
0.4,0.329,-0.009837095962530648,1.9424321316754531+1.1163352278309127*I
0.4,0.333,-0.010781839911955145,1.8038574104896286+1.2356912379713567*I
0.4,0.337,-0.011802516252911689,1.6600711785557902+1.3411397294789598*I
0.4,0.341,-0.012904372001734951,1.5122666350415135+1.4326877993247964*I
0.4,0.34500000000000003,-0.014092948826471162,1.361603086202844+1.5104305416875514*I
0.4,0.34900000000000003,-0.015374091488255751,1.209200258037853+1.574546344942434*I
0.4,0.353,-0.016754000883864032,1.0561306123892247+1.6252902476521147*I
0.4,0.357,-0.01823918580654358,0.9034190762294706+1.6629904095149093*I
0.4,0.361,-0.019836513166208127,0.7520363697749614+1.6880411794153107*I
0.4,0.365,-0.02155320473643909,0.602896521029533+1.7008977416778308*I
0.4,0.369,-0.02339685231688843,0.45685376947347694+1.7020700448604558*I
0.4,0.373,-0.025375416216570443,0.31470054259997743+1.6921172050248325*I
0.4,0.377,-0.027497878272427903,0.17715436118457836+1.6716222942459729*I
0.4,0.381,-0.029771741671272126,0.04490218409626099+1.641262266264065*I
0.4,0.385,-0.032206706266453465,-0.08147144563268036+1.6016894009159697*I
0.4,0.389,-0.03480858679377516,-0.20140715668255968+1.5536904002001386*I
0.4,0.393,-0.037593775129044237,-0.3145029955459686+1.4978139061861955*I
0.4,0.397,-0.040570043514358924,-0.4203311594358507+1.4348582935478353*I
0.4,0.401,-0.0437480759874576,-0.5185570272972736+1.3655646802044523*I
0.4,0.405,-0.047138042481852195,-0.6089101502129709+1.2906941682090183*I
0.4,0.40900000000000003,-0.050751597930823206,-0.6911867124933069+1.2109833724857666*I
0.4,0.41300000000000003,-0.05460028967153034,-0.7652427840686379+1.127172063026541*I
0.4,0.41700000000000004,-0.05869599420474363,-0.8309935345091883+1.0399893984444535*I
0.4,0.421,-0.06305638320784268,-0.8883900328744798+0.9500865593246542*I
0.4,0.425,-0.06768304535662717,-0.9374954416902002+0.8582932685119856*I
0.4,0.429,-0.07258733508057713,-0.9783999516484526+0.7652765444244275*I
0.4,0.433,-0.0777954589327653,-1.0111679085413725+0.6715588848505357*I
0.4,0.437,-0.0833111152968129,-1.0360092177829376+0.5778521379053867*I
0.4,0.441,-0.08914816708011632,-1.0531308787535254+0.4847392378963062*I
0.4,0.445,-0.09531927033976642,-1.0627831779357715+0.3927820528890044*I
0.4,0.449,-0.10183601906305159,-1.0652558318828067+0.30251301600468067*I
0.4,0.453,-0.10871091848682948,-1.0608640374377312+0.21442248212576*I
0.4,0.457,-0.11595551560494122,-1.0499539689573703+0.128967197474881*I
0.4,0.461,-0.12358009937150205,-1.0328999415034317+0.04656769067037572*I
0.4,0.465,-0.13159449029546996,-1.010096185732115-0.03239627514604642*I
0.4,0.46900000000000003,-0.13999838320079053,-0.9819943820284213-0.10757058752058912*I
0.4,0.47300000000000003,-0.14881892029444177,-0.9489363435999851-0.17868917288672037*I
0.4,0.47700000000000004,-0.15805452011294147,-0.9113975005165976-0.2454738805681494*I
0.4,0.481,-0.16771182643999644,-0.8698189750364563-0.30770428856986426*I
0.4,0.485,-0.1777944128846879,-0.8246527789469977-0.3651979597491948*I
0.4,0.489,-0.1883058059148207,-0.7763466974584567-0.41781185535231896*I
0.4,0.493,-0.19924691236428838,-0.7253503533969201-0.46544011075023206*I
0.4,0.497,-0.21060754886468888,-0.6721347429665807-0.5080181754304571*I
0.4,0.501,-0.22240570450935493,-0.6170780537725811-0.5455027582101801*I
0.4,0.505,-0.23462380344006262,-0.5606462493402096-0.5778980703592665*I
0.4,0.509,-0.24725720987804287,-0.503250102568084-0.6052340503611873*I
0.4,0.513,-0.26029707248637624,-0.44529253852150047-0.6275717138234277*I
0.4,0.517,-0.27373187255116077,-0.38716187883935044-0.6450007975594526*I
0.4,0.521,-0.2875486107115961,-0.3292278466097521-0.6576365289292301*I
0.4,0.525,-0.3017303377248694,-0.27184440183652986-0.6656204422671723*I
0.4,0.529,-0.31625732536174583,-0.21534558931643957-0.669117277023266*I
0.4,0.533,-0.33113130573391714,-0.16001730661577135-0.6682806874453491*I
0.4,0.537,-0.3462658038429467,-0.10621935937043557-0.6633967770616892*I
0.4,0.541,-0.36169777361859484,-0.054149601999929055-0.6546008182880697*I
0.4,0.545,-0.3773790278675632,-0.004074440160383203-0.6421527224180065*I
0.4,0.549,-0.39328051761284055,0.04378656602978333-0.6262964080355761*I
0.6,0.001,1.7286811098606079e-10,-1632.9689594011184+418.59811529267284*I
0.6,0.005,2.145538693734958e-8,-301.00116112551734-148.26651666615243*I
0.6,0.009000000000000001,1.2427053677997962e-7,-132.03165532150393-130.27009157177943*I
0.6,0.013000000000000001,3.72021139392034e-7,-67.40984930254912-108.51340509091597*I
0.6,0.017,8.265147939185496e-7,-34.08601766964235-90.99505485507407*I
0.6,0.021,1.5480634645105875e-6,-14.269262438894108-76.91920701114665*I
0.6,0.025,2.59557580139257e-6,-1.514323465585223-65.32840487791418*I
0.6,0.029,4.026522139243794e-6,7.072696225515825-55.561077152596354*I
0.6,0.033,5.897157357838046e-6,12.984802193931822-47.17688559811179*I
0.6,0.037000000000000005,8.262402161941091e-6,17.071202112945244-39.87891611523998*I
0.6,0.041,0.000011175894164569634,19.85248457681196-33.46080722386195*I
0.6,0.045,0.000014689648062527,21.667318021443197-27.775341647900987*I
0.6,0.049,0.000018855111938398443,22.746796077505874-22.713130663524*I
0.6,0.053000000000000005,0.00002372182993551093,23.25541496828538-18.192463095074327*I
0.6,0.057,0.000029337509840637943,23.31458508363022-14.150145415771457*I
0.6,0.061,0.000035749788382745845,23.01623419902636-10.53542400702583*I
0.6,0.065,0.000043003736007909595,22.43242731209449-7.307703576122689*I
0.6,0.069,0.00005114294156320667,21.62075295156765-4.433208574182526*I
0.6,0.07300000000000001,0.000060208910163258024,20.62826083008793-1.8833366468397916*I
0.6,0.077,0.00007024262058511248,19.49380821930026+0.3667885052864135*I
0.6,0.081,0.00008128017410237192,18.250542583959522+2.3388893111606146*I
0.6,0.085,0.00009335987022607567,16.926185453881985+4.052715418488616*I
0.6,0.089,0.00010651436757329253,15.545019715201128+5.52609684850635*I
0.6,0.093,0.00012077509868717986,14.12797171797375+6.775586033951896*I
0.6,0.097,0.00013617001804513764,12.693347080374885+7.816676728452705*I
0.6,0.101,0.0001527246873437548,11.257113455627664+8.66402471392234*I
0.6,0.10500000000000001,0.00017045989211454755,9.833322333927898+9.331617028247958*I
0.6,0.109,0.00018939523040393885,8.434152144996022+9.832842987172777*I
0.6,0.113,0.0002095452744837501,7.070282208805454+10.180612115141896*I
0.6,0.117,0.00023091581572656005,5.75108191741513+10.387477836432595*I
0.6,0.121,0.00025351913957410787,4.484339769074577+10.465416198584053*I
0.6,0.125,0.00027735310931317156,3.2769173737044452+10.426186027643713*I
0.6,0.129,0.00030241316856785864,2.134499900683908+10.281138308796859*I
0.6,0.133,0.00032878958824807315,1.0632049582134553+10.039561532886644*I
0.6,0.137,0.0003561471468076428,0.06253117787878701+9.717438644756777*I
0.6,0.14100000000000001,0.0003847853035390863,-0.8605246367961875+9.31960805033192*I
0.6,0.14500000000000002,0.00041455679849069295,-1.7052914645077288+8.857868849476173*I
0.6,0.149,0.00044542181419581644,-2.470532022770876+8.341708481802366*I
0.6,0.153,0.00047732878676053623,-3.155704456608384+7.780242930984163*I
0.6,0.157,0.0005102157133258413,-3.76092519612955+7.182172651700843*I
0.6,0.161,0.0005440053077495214,-4.286923151413388+6.555798963291226*I
0.6,0.165,0.0005786238841704949,-4.734967932876512+5.908854279119168*I
0.6,0.169,0.0006139615594464541,-5.1068631534753335+5.24879644103889*I
0.6,0.17300000000000001,0.0006499082178314966,-5.404859089570301+4.582503521403159*I
0.6,0.177,0.0006863349997931818,-5.631623261540134+3.916403051951176*I
0.6,0.181,0.0007230958521947905,-5.790191221045157+3.256442190256437*I
0.6,0.185,0.0007600206608188814,-5.8839378610167135+2.608101963191829*I
0.6,0.189,0.0007969412619728327,-5.9164481804896845+1.9762982614050035*I
0.6,0.193,0.00083363549790177,-5.891640240767202+1.3655738578711216*I
0.6,0.197,0.0008698780894191934,-5.813561380087002+0.7799139710779927*I
0.6,0.201,0.0009054150918047432,-5.686419353716731+0.22283851872513655*I
0.6,0.20500000000000002,0.0009399602396959989,-5.514547758289407-0.3025973873573904*I
0.6,0.20900000000000002,0.0009732021462424274,-5.302338504471245-0.7938092253945658*I
0.6,0.213,0.0010050865385198417,-5.053680356962859-1.2477271346218601*I
0.6,0.217,0.0010343583759319895,-4.77464953526688-1.6654520931203627*I
0.6,0.221,0.0010614733594548876,-4.468014706201231-2.0429071849686564*I
0.6,0.225,0.0010859952624337201,-4.13841049205637-2.3792162888444204*I
0.6,0.229,0.0011064860669326294,-3.7908469863757106-2.6767003763399067*I
0.6,0.233,0.0011233265345942194,-3.4287209957883205-2.932428730165805*I
0.6,0.23700000000000002,0.0011356046606689012,-3.0562811944982924-3.1475588085912465*I
0.6,0.241,0.0011426631402748249,-2.677367985123079-3.3226326116219096*I
0.6,0.245,0.0011437813064519215,-2.295647306526751-3.4584932104400035*I
0.6,0.249,0.0011381862840826047,-1.9145664755864944-3.556244138968939*I
0.6,0.253,0.001125022857567863,-1.5373833444914482-3.617249836730369*I
0.6,0.257,0.0011033663768995892,-1.1671214604635192-3.643092714145091*I
0.6,0.261,0.0010722060128767871,-0.8065760674051334-3.635561593800275*I
0.6,0.265,0.0010304684591000133,-0.45827194514365016-3.5965810901436157*I
0.6,0.269,0.0009769524057573148,-0.12452547745980176-3.5282762497246773*I
0.6,0.273,0.0009103804994487765,0.19262649787695602-3.432858074224346*I
0.6,0.277,0.0008293626060454574,0.49139459905100163-3.3126438528910516*I
0.6,0.281,0.0007323941390734454,0.7702433994853539-3.170023779862849*I
0.6,0.28500000000000003,0.0006178472532437424,1.0278888402356627-3.007438809872169*I
0.6,0.28900000000000003,0.00048396227969507087,1.2632944167888402-2.827357831940235*I
0.6,0.293,0.00032883821501156744,1.4756654235663158-2.6322565174861636*I
0.6,0.297,0.00015042255149704556,1.6644418190069301-2.424597873278623*I
0.6,0.301,-0.000053499114023599404,1.829289579643252-2.206812263154465*I
0.6,0.305,-0.0002853144589536197,1.9700910750752578-1.981281068442943*I
0.6,0.309,-0.0005475965039202162,2.086933505376838-1.7503183681246683*I
0.6,0.313,-0.0008431159988478968,2.1800977063791187-1.516158428486122*I
0.6,0.317,-0.0011748546610701469,2.2500449902533752-1.2809408272231078*I
0.6,0.321,-0.0015460193628146403,2.297403515152664-1.0466984073582482*I
0.6,0.325,-0.00196005655710674,2.3229544016939734-0.8153470379312053*I
0.6,0.329,-0.002420667809267962,2.327617065589023-0.5886763122637446*I
0.6,0.333,-0.0029318257286372186,2.312434443080853-0.3683419852770623*I
0.6,0.337,-0.0034977910347699943,2.2785578423965047-0.15585961595304512*I
0.6,0.341,-0.004123130631829288,2.22723169880693+0.04739990328474859*I
0.6,0.34500000000000003,-0.004812732741340596,2.159779436019526+0.2402137902221678*I
0.6,0.34900000000000003,-0.005571829263592806,2.0775874242083474+0.42150968752504414*I
0.6,0.353,-0.0064060120701145504,1.9820912004291864+0.5903661015686361*I
0.6,0.357,-0.007321254758214864,1.8747607642670254+0.7460120596039445*I
0.6,0.361,-0.00832393098678807,1.7570871720484673+0.8878253528440144*I
0.6,0.365,-0.009420835706242251,1.6305691581453103+1.0153297982497256*I
0.6,0.369,-0.010619202260978957,1.4967009143246939+1.1281914967579494*I
0.6,0.373,-0.011926728263528847,1.356959553946321+1.2262140278240101*I
0.6,0.377,-0.013351589126913544,1.2127946675085566+1.3093329609678346*I
0.6,0.381,-0.01490249577397015,1.0656156206009517+1.377608369970685*I
0.6,0.385,-0.01658857497520817,0.9167903351295543+1.4312220454747475*I
0.6,0.389,-0.018419583320721227,0.7676243269704353+1.470463873902103*I
0.6,0.393,-0.02040579386956288,0.6193613092058601+1.495727591735848*I
0.6,0.397,-0.022558043350213546,0.47317416095345677+1.5075012531611245*I
0.6,0.401,-0.024887739408022917,0.33015917863410094+1.506358488805472*I
0.6,0.405,-0.027406862519647492,0.19133117293056764+1.4929495698145103*I
0.6,0.40900000000000003,-0.030127862519269206,0.057620612210211614+1.4679947747207829*I
0.6,0.41300000000000003,-0.03306410509773856,-0.07013536812189755+1.4322638461251047*I
0.6,0.41700000000000004,-0.03622919373574359,-0.19118579441447994+1.386583881630808*I
0.6,0.421,-0.03963740988808984,-0.3048740071160263+1.3318184114467553*I
0.6,0.425,-0.04330355429785961,-0.4106363248746332+1.2688618458386394*I
0.6,0.429,-0.047242952681476394,-0.5080020553232454+1.1986299524310973*I
0.6,0.433,-0.051471359483865664,-0.5965924838066409+1.1220522880458836*I
0.6,0.437,-0.056005013762688974,-0.6761192949002194+1.0400623404379248*I
0.6,0.441,-0.06086043967175614,-0.7463823577358742+0.9535917656335477*I
0.6,0.445,-0.06604910675729309,-0.8072842456042695+0.8636155754735954*I
0.6,0.449,-0.071598552463587,-0.8587606448752771+0.7709245268720083*I
0.6,0.453,-0.07752076756302065,-0.900869949868773+0.676457306065571*I
0.6,0.457,-0.08383067832852563,-0.9337400907933707+0.5810790458558235*I
0.6,0.461,-0.09054820145885623,-0.9575467762782729+0.4855815835561991*I
0.6,0.465,-0.09770225347337955,-0.9724864399715784+0.3906831798318808*I
0.6,0.46900000000000003,-0.10527260662963808,-0.9790312331876976+0.2972948216406952*I
0.6,0.47300000000000003,-0.11330924869479632,-0.9773912468289121+0.20593140936257082*I
0.6,0.47700000000000004,-0.12181654561273074,-0.9680235094116871+0.11727754620627984*I
0.6,0.481,-0.13080779386833655,-0.9513824969606813+0.031914435626984365*I
0.6,0.485,-0.1403041566181803,-0.9279224632086978-0.04964875203942029*I
0.6,0.489,-0.1502995413297407,-0.8982313349764396-0.126911473979706*I
0.6,0.493,-0.16081071705912736,-0.8628210408110313-0.1994821588594038*I
0.6,0.497,-0.17184585811042888,-0.8222502875861272-0.2670106635166004*I
0.6,0.501,-0.18340936239071584,-0.7770968358947722-0.32920322329718055*I
0.6,0.505,-0.19550519719146633,-0.7279401103986294-0.385823929723265*I
0.6,0.509,-0.2081309812803487,-0.6753736022472729-0.4366930862958829*I
0.6,0.513,-0.22126458326025952,-0.6200290346000381-0.4816963173710459*I
0.6,0.517,-0.23493600404557452,-0.5623895456962124-0.5207478790748088*I
0.6,0.521,-0.24911817964742727,-0.5030696312456939-0.553833098708212*I
0.6,0.525,-0.26379786630040325,-0.44262212509431786-0.5809806898552895*I
0.6,0.529,-0.27895817357239816,-0.3815814787393225-0.6022654101105192*I
0.6,0.533,-0.29457865740067085,-0.32046011066735697-0.6178050137980949*I
0.6,0.537,-0.31063518037388954,-0.25974566412341377-0.6277572503007616*I
0.6,0.541,-0.3271000332348587,-0.19989821516061324-0.6323165193142579*I
0.6,0.545,-0.34394214397521555,-0.1413478879745094-0.6317103292871034*I
0.6,0.549,-0.36112667255765624,-0.08449351633150017-0.6261965020682633*I
0.8,0.001,3.6430972801897636e-10,-224.25324896702955-1985.813301410807*I
0.8,0.005,4.5165426535557715e-8,353.44939076633403-183.1794523849168*I
0.8,0.009000000000000001,2.6134775053792356e-7,220.05991098992448+8.76998572218009*I
0.8,0.013000000000000001,7.817661259935984e-7,139.32567574710473+60.25125664881498*I
0.8,0.017,1.7357382892885499e-6,87.75744065001162+75.15893065587677*I
0.8,0.021,3.2494887932461193e-6,52.710316957345086+76.72458325607703*I
0.8,0.025,5.446525495488418e-6,27.926251616755195+72.61882050898669*I
0.8,0.029,8.448027797379114e-6,10.007007534635589+65.97190054838066*I
0.8,0.033,0.000012372824707749965,-3.056869082415391+58.2471950473538*I
0.8,0.037000000000000005,0.000017338449698943745,-12.541382622796942+50.19389772706491*I
0.8,0.041,0.000023467643598243107,-19.30417174918139+42.21516594151114*I
0.8,0.045,0.00003085251204714505,-23.949477738501706+34.570279784974474*I
0.8,0.049,0.00003962899519120458,-26.92334459332828+27.37141015344415*I
0.8,0.053000000000000005,0.000049900897446172633,-28.56436511860347+20.70710922159151*I
0.8,0.057,0.00006178084590312133,-29.138054134373782+14.62087973316402*I
0.8,0.061,0.00007537974937094308,-28.858012583676178+9.13366229724283*I
0.8,0.065,0.00009080800533941114,-27.899525049307726+4.250485593040511*I
0.8,0.069,0.00010817448041435504,-26.40893633322636-0.034815067104591826*I
0.8,0.07300000000000001,0.00012759025506483524,-24.50954254213159-3.7368503241637034*I
0.8,0.077,0.00014916727442151442,-22.30644312926877-6.876268765965887*I
0.8,0.081,0.0001730853611921601,-19.88785729313202-9.472571993909074*I
0.8,0.085,0.00019923574047437994,-17.33867520794388-11.572010760359078*I
0.8,0.089,0.00022795146184647678,-14.718382245047248-13.189049961624157*I
0.8,0.093,0.000259268479548406,-12.08701662622874-14.363237211438525*I
0.8,0.097,0.0002932974887050546,-9.493724387527564-15.129877372502426*I
0.8,0.101,0.0003301436463787192,-6.9802688800720905-15.525365890139287*I
0.8,0.10500000000000001,0.00036992908607398563,-4.5812078912007985-15.586319895141095*I
0.8,0.109,0.0004127616048881881,-2.325324683587134-15.349740795084402*I
0.8,0.113,0.00045875336254865354,-0.23562893169186575-14.85230869493251*I
0.8,0.117,0.000508151171379665,1.6707862534271802-14.128135992884388*I
0.8,0.121,0.0005608798295619097,3.3754858915658947-13.216464335668713*I
0.8,0.125,0.0006167928786280344,4.8812818053856875-12.151289641360151*I
0.8,0.129,0.0006765431486190249,6.173291338521313-10.96114155083768*I
0.8,0.133,0.0007400154434412944,7.253341480286399-9.679087303663676*I
0.8,0.137,0.0008073218272802577,8.123374389759357-8.33431466315658*I
0.8,0.14100000000000001,0.0008787966145368401,8.787526113448854-6.952586999432401*I
0.8,0.14500000000000002,0.0009542348100620351,9.252354680354822-5.564052669223819*I
0.8,0.149,0.0010333301677552698,9.533650930301883-4.185369049475978*I
0.8,0.153,0.001117071541508918,9.635068203909075-2.840419704943157*I
0.8,0.157,0.0012051923073462662,9.572292120213886-1.5469647811111442*I
0.8,0.161,0.0012977963429643851,9.359453366540636-0.3209883297246478*I
0.8,0.165,0.0013949837528133028,9.011640571955974+0.8238596821578806*I
0.8,0.169,0.001497387398497011,8.543427789069261+1.8743813433184071*I
0.8,0.17300000000000001,0.0016040587740174216,7.973678764003878+2.8251427675165965*I
0.8,0.177,0.0017149576304833429,7.31797544224722+3.669448574949187*I
0.8,0.181,0.0018314049083239703,6.590908620202493+4.398595804359932*I
0.8,0.185,0.0019528786700187695,5.809524629280515+5.011686521328384*I
0.8,0.189,0.002079438542240993,4.989442994477102+5.507789798167023*I
0.8,0.193,0.0022111461201494843,4.14563608522518+5.887710235195434*I
0.8,0.197,0.002348861718001209,3.2927655092289823+6.152240821350919*I
0.8,0.201,0.002491065414135455,2.4434299777225164+6.308518496574527*I
0.8,0.20500000000000002,0.002638523034552258,1.6100867167241883+6.360039508745626*I
0.8,0.20900000000000002,0.0027912541865276843,0.8039598840888014+6.3130045208647205*I
0.8,0.213,0.0029483050998110453,0.03415489386267484+6.175599981287396*I
0.8,0.217,0.0031115044118595466,-0.688649944702582+5.953682640052249*I
0.8,0.221,0.0032799473650002788,-1.3578247794316876+5.656990185347616*I
0.8,0.225,0.003453541687978033,-1.9670724377943816+5.2946496857495084*I
0.8,0.229,0.003632179571278312,-2.5113742113478494+4.8760898285916605*I
0.8,0.233,0.003816988221787855,-2.985747171355244+4.410664434891699*I
0.8,0.23700000000000002,0.0040040672939454305,-3.3912801378590065+3.908656870153729*I
0.8,0.241,0.004197002260724475,-3.722930469774507+3.3788722153611146*I
0.8,0.245,0.004394304270176871,-3.98162857416806+2.8308221295311595*I
0.8,0.249,0.004595684533158847,-4.1681332557069055+2.2734538451781456*I
0.8,0.253,0.004800831404295405,-4.284156761865779+1.7152638217276726*I
0.8,0.257,0.0050093453190072235,-4.332298570657287+1.1642389670072388*I
0.8,0.261,0.005222413191858916,-4.315170215769924+0.6283254604967655*I
0.8,0.265,0.005436340285391042,-4.238461082824289+0.11313205005797067*I
0.8,0.269,0.005650456667274806,-4.106506563677546-0.37542619341669403*I
0.8,0.273,0.00586739262300945,-3.9232600866766045-0.8308414227141686*I
0.8,0.277,0.006084752882478697,-3.6949095797299445-1.2492269109253447*I
0.8,0.281,0.0063017123631116615,-3.4272704468076225-1.6268762676538442*I
0.8,0.28500000000000003,0.0065172450756332415,-3.126381706411581-1.9608690607724648*I
0.8,0.28900000000000003,0.006730329725099289,-2.7983406340957884-2.2490627529322764*I
0.8,0.293,0.006939740587025556,-2.4492793771688954-2.4900738870211523*I
0.8,0.297,0.007144067839052693,-2.0852648282174115-2.683257394264446*I
0.8,0.301,0.007341827427023855,-1.7121899955941702-2.8286573948837153*I
0.8,0.305,0.007531292593760996,-1.3357417442475603-2.9269797056150475*I
0.8,0.309,0.007710505338067514,-0.9613237290988307-2.979543692779946*I
0.8,0.313,0.007877482619053649,-0.593967311601136-2.9881906091575674*I
0.8,0.317,0.008029776142108022,-0.23834943295884417-2.955292937368435*I
0.8,0.321,0.008164801864540402,0.10130351132414789-2.883636805254463*I
0.8,0.325,0.0082796747094872,0.42122530156880045-2.7763811211416347*I
0.8,0.329,0.008371179526440262,0.7181362622945143-2.636993715676709*I
0.8,0.333,0.008435761138754758,0.9892617527991264-2.4691828418228527*I
0.8,0.337,0.008469664274935392,1.2323392144774992-2.276803795205406*I
0.8,0.341,0.008468513419912947,1.4456142048308636-2.063863318324189*I
0.8,0.34500000000000003,0.008427643178814163,1.6278385879649853-1.8343959823611626*I
0.8,0.34900000000000003,0.008341741590646622,1.7782649419518566-1.592457472774368*I
0.8,0.353,0.008205150239886026,1.896615855563731-1.3420163932306208*I
0.8,0.357,0.008011612281713048,1.983065987336736-1.0869374219267227*I
0.8,0.361,0.007754260834018075,2.038213262283096-0.8309293265849377*I
0.8,0.365,0.007425578374946059,2.0630456629153615-0.5775026789193224*I
0.8,0.369,0.007017335859338052,2.058906369985539-0.32993437079538135*I
0.8,0.373,0.006520546935030158,2.0274540450191947-0.09123579499172081*I
0.8,0.377,0.0059254062244166825,1.9706225146526797+0.13587223903084863*I
0.8,0.381,0.005221228846790524,1.8905787022221847+0.34897959301044656*I
0.8,0.385,0.004396386511369266,1.789680069523381+0.5460014623916167*I
0.8,0.389,0.0034382451446445667,1.670431252844403+0.7251879146743038*I
0.8,0.393,0.002333094678533855,1.5354426661177973+0.8851281295967275*I
0.8,0.397,0.0010660856271869858,1.3873889950735934+1.02475020084433*I
0.8,0.401,-0.00037883473846145636,1.2289667051865714+1.1433154440282138*I
0.8,0.405,-0.0020189959854927677,1.0628611360413172+1.240409908969474*I
0.8,0.40900000000000003,-0.003873058902970679,0.891707824003127+1.3159309234515424*I
0.8,0.41300000000000003,-0.005961075177155345,0.7180604688821438+1.3700705369849555*I
0.8,0.41700000000000004,-0.008304537277905992,0.5443614546251888+1.4032960428423482*I
0.8,0.421,-0.010926421509232764,0.37291522363833024+1.4163276885006637*I
0.8,0.425,-0.013851214222597835,0.20586547262684227+1.4101146161072458*I
0.8,0.429,-0.017104932324112636,0.04517533585425808+1.3858085508916298*I
0.8,0.433,-0.020715112856468453,-0.10738827270750574+1.344736962519201*I
0.8,0.437,-0.024710789811355938,-0.25026717304821267+1.288374886979349*I
0.8,0.441,-0.02912243935700335,-0.38212068347517875+1.2183166395683143*I
0.8,0.445,-0.033981886357440844,-0.5018309720645109+1.1362476871531304*I
0.8,0.449,-0.03932219587696289,-0.6085051276119763+1.043916418746401*I
0.8,0.453,-0.04517748665566821,-0.7014739970865395+0.9431075257681625*I
0.8,0.457,-0.05158271653743091,-0.7802881779350549+0.8356158915953256*I
0.8,0.461,-0.05857343417584579,-0.8447111252142074+0.723221743791751*I
0.8,0.465,-0.0661854133217152,-0.8947100193400283+0.6076682006469041*I
0.8,0.46900000000000003,-0.07445428338658582,-0.9304442179117722+0.490639873619564*I
0.8,0.47300000000000003,-0.08341506807262832,-0.9522518785752004+0.3737439037890776*I
0.8,0.47700000000000004,-0.0931016237613157,-0.9606351445260443+0.25849327390000554*I
0.8,0.481,-0.10353277935003975,-0.9563070983947887+0.1463355680921278*I
0.8,0.485,-0.1147628399735117,-0.9399267627903752+0.038459972456399205*I
0.8,0.489,-0.12681071533580493,-0.9124267579455867-0.06393931668470647*I
0.8,0.493,-0.13968884972602827,-0.8748369904380986-0.1598297351164541*I
0.8,0.497,-0.15342918137175973,-0.8281615199090113-0.24836242595169233*I
0.8,0.501,-0.1680334360999017,-0.7735611261248024-0.32880164235185366*I
0.8,0.505,-0.18351110105297538,-0.7121788173318493-0.40057656423323496*I
0.8,0.509,-0.19986186697107858,-0.6451900717122325-0.46325853064127465*I
0.8,0.513,-0.21707847344653305,-0.5737732106543345-0.516561023922426*I
0.8,0.517,-0.2351410580733088,-0.4991056205002393-0.5603387405584861*I
0.8,0.521,-0.2540232778764745,-0.4223307146661776-0.5945781859801272*I
0.8,0.525,-0.27367936551992583,-0.3445685425763891-0.6194017920149147*I
0.8,0.529,-0.29408422095244363,-0.2668357679405436-0.6350141712451358*I
0.8,0.533,-0.3151725888132944,-0.19014124575417846-0.641758675803616*I
0.8,0.537,-0.3368811997686846,-0.11540157275178295-0.6400621054787675*I
0.8,0.541,-0.3591373202988343,-0.043454962654580605-0.6304360399819444*I
0.8,0.545,-0.3818605165862371,0.02494636440116619-0.6134639273940828*I
0.8,0.549,-0.40496454789417086,0.0891410592992693-0.5897879402669243*I
0.9,0.001,8.018995938242535e-10,727.3774561030589-2359.790480231304*I
0.9,0.005,9.906392812373465e-8,416.86033934204886+261.90670415080115*I
0.9,0.009000000000000001,5.715119813367966e-7,64.76417409025429+264.69546365095266*I
0.9,0.013000000000000001,1.7030456476031424e-6,-55.28049766995896+179.6900577414696*I
0.9,0.017,3.768815130236334e-6,-95.66808198510107+106.55687681622068*I
0.9,0.021,7.0329423447181225e-6,-103.09184647955287+51.95906443272678*I
0.9,0.025,0.000011750934559424007,-95.68404409741895+12.922970512541081*I
0.9,0.029,0.00001817805046567486,-81.6397373736126-14.046437685137292*I
0.9,0.033,0.000026532128984370384,-65.13125636928271-31.773402720963148*I
0.9,0.037000000000000005,0.000037085676817439667,-48.28574572211655-42.46435315255099*I
0.9,0.041,0.00005001470112208793,-32.37370680892932-47.814906508581146*I
0.9,0.045,0.00006561571330274643,-18.003358930058685-49.126815576191476*I
0.9,0.049,0.00008401482756869663,-5.552110910603105-47.47375760446069*I
0.9,0.053000000000000005,0.00010555056213090349,4.8725849772065-43.660740758410654*I
0.9,0.057,0.0001303366914149387,13.243276882720666-38.391346440591796*I
0.9,0.061,0.00015855760137457945,19.640563726828976-32.213227023002325*I
0.9,0.065,0.0001905367660103161,24.19357774062711-25.552451320810594*I
0.9,0.069,0.00022651679008004665,27.062014410419998-18.76831553885439*I
0.9,0.07300000000000001,0.00026644993754233005,28.441725910919896-12.161910651867865*I
0.9,0.077,0.0003108046488346087,28.52036301472235-5.934012014387217*I
0.9,0.081,0.00035983622434314404,27.49789385026939-0.2532236979765279*I
0.9,0.085,0.0004133564966444426,25.589331804424074+4.754635868256357*I
0.9,0.089,0.00047214767120536296,22.967959261466646+9.020970219569902*I
0.9,0.093,0.0005359691977859617,19.832629371447865+12.499205625179838*I
0.9,0.097,0.0006049716179845367,16.353263446354244+15.18012266925107*I
0.9,0.101,0.0006797830566176982,12.676602293947628+17.075283336873035*I
0.9,0.10500000000000001,0.0007608145159094793,8.948626031520089+18.212943467843697*I
0.9,0.109,0.0008471373473495318,5.286980120331226+18.66384612307618*I
0.9,0.113,0.0009401375501874228,1.8008973161864512+18.473081347419203*I
0.9,0.117,0.0010396633513010426,-1.424534446300882+17.721557293753307*I
0.9,0.121,0.001146327233145308,-4.321019647665922+16.487358569562694*I
0.9,0.125,0.0012598347727315838,-6.829981744379351+14.862614564436505*I
0.9,0.129,0.0013797610754386156,-8.932007081843317+12.93076868943804*I
0.9,0.133,0.0015078071670250994,-10.591973299636802+10.773645804822573*I
0.9,0.137,0.0016436220486329598,-11.808184783605205+8.475774804859341*I
0.9,0.14100000000000001,0.001788032038854163,-12.585344519468252+6.1128482434902445*I
0.9,0.14500000000000002,0.001940221446525959,-12.943440858723388+3.760768020745453*I
0.9,0.149,0.0021013112993673554,-12.90657676695098+1.4852263459104507*I
0.9,0.153,0.002269935019678004,-12.515464756807113-0.6674265866876311*I
0.9,0.157,0.0024487152058152778,-11.802628813150946-2.6407087020524913*I
0.9,0.161,0.0026369716993270174,-10.816732771906588-4.398131031171981*I
0.9,0.165,0.0028358563866738764,-9.604307865788844-5.909746982361681*I
0.9,0.169,0.0030440470795452266,-8.219235876816867-7.154689363687757*I
0.9,0.17300000000000001,0.0032631278864336077,-6.7115073509404555-8.118469728289183*I
0.9,0.177,0.00349256905722336,-5.127136132594453-8.802127242267996*I
0.9,0.181,0.003731485135697276,-3.5134100381219047-9.209128025394135*I
0.9,0.185,0.003983418408120223,-1.9161818123581706-9.343869026384773*I
0.9,0.189,0.004247196177856487,-0.37491171157935715-9.225524526079907*I
0.9,0.193,0.004523188930638183,1.074813160226208-8.875397684538875*I
0.9,0.197,0.004813086864099743,2.40268947434494-8.317664146374137*I
0.9,0.201,0.005115377367682641,3.5805920520968484-7.584088849123724*I
0.9,0.20500000000000002,0.00543043354881081,4.5939051673644125-6.703779290334462*I
0.9,0.20900000000000002,0.005756867629180869,5.428579535167029-5.709204544336755*I
0.9,0.213,0.006099779239995266,6.071431482541806-4.632544480299274*I
0.9,0.217,0.0064590380597496794,6.520820806845243-3.505821389296895*I
0.9,0.221,0.00682989012762842,6.780321545528752-2.36309386859011*I
0.9,0.225,0.0072206214937376514,6.852827213632359-1.2321876399207088*I
0.9,0.229,0.007624693811319912,6.7524964425670335-0.1395011943917916*I
0.9,0.233,0.008044982444734138,6.491570413235498+0.8900770541015834*I
0.9,0.23700000000000002,0.008478838398468509,6.087621792770234+1.8365768676856344*I
0.9,0.241,0.008932976878828231,5.557921380988192+2.6796075581906895*I
0.9,0.245,0.009404675379007509,4.924465525815195+3.4064664716870463*I
0.9,0.249,0.009894349833286398,4.209252145555184+4.006881685148463*I
0.9,0.253,0.010404889780601095,3.434107924965459+4.473986816601211*I
0.9,0.257,0.010933068265142398,2.62391365127423+4.8045174189313125*I
0.9,0.261,0.011479065433084197,1.7978635125639164+5.000800914200869*I
0.9,0.265,0.012044437943406443,0.9776031196205921+5.065475457717653*I
0.9,0.269,0.012625334149862813,0.18173683110346384+5.005998847070651*I
0.9,0.273,0.013230230998114573,-0.5708789899636666+4.829719586968252*I
0.9,0.277,0.013855114413082063,-1.2655729232947506+4.5490233085253005*I
0.9,0.281,0.014500376454926075,-1.889395783055972+4.1769729755519736*I
0.9,0.28500000000000003,0.015165908458925875,-2.4318859491330724+3.728042144730899*I
0.9,0.28900000000000003,0.015851715449812606,-2.885180492204611+3.217570968556823*I
0.9,0.293,0.01655748775904773,-3.2440332734945394+2.661411840185796*I
0.9,0.297,0.017283221361035564,-3.5057393398585863+2.075438561593912*I
0.9,0.301,0.018028367768424453,-3.6700740985423845+1.4752792211893968*I
0.9,0.305,0.01879237759004118,-3.7391123051129997+0.8758920742215112*I
0.9,0.309,0.019574374960054753,-3.7170509738934836+0.2912857826271312*I
0.9,0.313,0.02037366406405749,-3.609928349856264-0.26577794918944664*I
0.9,0.317,0.02118889723950928,-3.4254331750543905-0.783958695843231*I
0.9,0.321,0.022018588850199264,-3.1725729600537598-1.2535452786141448*I
0.9,0.325,0.022860722793262466,-2.861406830868439-1.6665715490504618*I
0.9,0.329,0.02371359195397392,-2.502674337349892-2.0168875153072086*I
0.9,0.333,0.024574356277656313,-2.107609043415764-2.3001903630395066*I
0.9,0.337,0.025440074821637525,-1.6875620776736857-2.5140047850903153*I
0.9,0.341,0.026306954339354267,-1.2537741289398916-2.6576361277232596*I
0.9,0.34500000000000003,0.027170768107309916,-0.8170892981276051-2.7320612312738675*I
0.9,0.34900000000000003,0.028026885853995157,-0.38773067833087704-2.739789117107165*I
0.9,0.353,0.02886951208985781,0.02487309136481288-2.6847325378518296*I
0.9,0.357,0.029692100528984976,0.41227862267391174-2.5720080564569385*I
0.9,0.361,0.030487115841045558,0.7671559434190274-2.4077445409138862*I
0.9,0.365,0.031245907128181833,1.0833879068965488-2.198875917787311*I
0.9,0.369,0.03195857434595032,1.35613484871602-1.9529281963041452*I
0.9,0.373,0.03261379637664906,1.5818653586838538-1.6778072932297918*I
0.9,0.377,0.03319871951141788,1.7583536963195423-1.3815889830441974*I
0.9,0.381,0.033698700980344824,1.8846480797762781-1.0723231288519899*I
0.9,0.385,0.03409714234572048,1.961010476459397-0.7578472265661443*I
0.9,0.389,0.03437526723288435,1.9888320460623767-0.44561858555135164*I
0.9,0.393,0.034511911579190174,1.9705270402008523-0.14256568885247142*I
0.9,0.397,0.034483227709858885,1.9094113559049275+0.14503677609966137*I
0.9,0.401,0.0342624412515298,1.8095665295582248+0.41167105848078994*I
0.9,0.405,0.03381966598032084,1.6756925545022314+0.652654431706179*I
0.9,0.40900000000000003,0.03312119204905164,1.5129704085344322+0.8641914752195624*I
0.9,0.41300000000000003,0.03212985888155158,1.326892599347635+1.043405369533481*I
0.9,0.41700000000000004,0.030804243104757906,1.123129774018568+1.1883419394045505*I
0.9,0.421,0.029098566477070296,0.9073831821737698+1.2979540068935935*I
0.9,0.425,0.026962404504596603,0.6852521723240531+1.372065180485251*I
0.9,0.429,0.024340467509281496,0.4621120984772913+1.4113157105622016*I
0.9,0.433,0.021172426794957903,0.24300597347203876+1.4170931842189518*I
0.9,0.437,0.01739283818817727,0.03255083146906324+1.3914501438251485*I
0.9,0.441,0.012931149411937388,-0.16513912171273695+1.33701245936764*I
0.9,0.445,0.0077118724751238255,-0.34651291010647195+1.256879889157658*I
0.9,0.449,0.0016549109623152137,-0.508625553563896+1.154523208255171*I
0.9,0.453,-0.005323883510359183,-0.6491640359499122+1.0336791386558675*I
0.9,0.457,-0.013311903499595618,-0.7664567100823894+0.8982471089596887*I
0.9,0.461,-0.022395793839493406,-0.8595001443203509+0.752265190746529*I
0.9,0.465,-0.03266992826391841,-0.9278195132620698+0.5995071975297714*I
0.9,0.46900000000000003,-0.044222131598434855,-0.9715916415774191+0.4438557799196617*I
0.9,0.47300000000000003,-0.05713799403810645,-0.9915157006571708+0.2889281176273344*I
0.9,0.47700000000000004,-0.07149726869880886,-0.9887733173776493+0.138071348641419*I
0.9,0.481,-0.08737079697365385,-0.9649689207809439-0.0056908269033346575*I
0.9,0.485,-0.10481722681192511,-0.9220635172215692-0.13970345051896663*I
0.9,0.489,-0.12387949355801742,-0.8623051164691461-0.2617139956192942*I
0.9,0.493,-0.144581322901102,-0.7881571151329912-0.3698945565132374*I
0.9,0.497,-0.166924359947862,-0.702225427567295-0.46285218551807933*I
0.9,0.501,-0.19088560513757508,-0.6071893525091808-0.5396272894722759*I
0.9,0.505,-0.21640979401599947,-0.5057501604380819-0.5996879874160675*I
0.9,0.509,-0.24341253827859474,-0.4005514280660401-0.6429099912170665*I
0.9,0.513,-0.2717804832097575,-0.2941252546346708-0.6695462347439192*I
0.9,0.517,-0.3013323452384184,-0.18889629911835779-0.6802472988916973*I
0.9,0.521,-0.3319650128664374,-0.08694581267130964-0.6758236721679942*I
0.9,0.525,-0.3634480583098935,0.009724003370545407-0.6574880948502226*I
0.9,0.529,-0.39555668827465745,0.09941779498865361-0.6266379016942972*I
0.9,0.533,-0.4280559747303759,0.18072299071098397-0.5848342468582225*I
0.9,0.537,-0.46071544088535793,0.25251504074289755-0.5337439698515483*I
0.9,0.541,-0.49328622406841177,0.3139528539269139-0.47513483070974155*I
0.9,0.545,-0.525530883313295,0.36448463177212903-0.41079842483672413*I
0.9,0.549,-0.5572232505501904,0.4038358114453803-0.3425174455522368*I
0.99,0.001,2.7177159826458567e-8,4411.807621233243+4163.863750455251*I
0.99,0.005,3.32602486548604e-6,1011.1510545302957+668.3916944002659*I
0.99,0.009000000000000001,0.000019003351168423433,-671.3574266634971+38.604527100603896*I
0.99,0.013000000000000001,0.000056139454578600855,40.34555966249536-463.00249983310334*I
0.99,0.017,0.00012312367265458117,351.85972032758673-44.66722697430915*I
0.99,0.021,0.00022772616844887275,148.68472113237556+244.85273611328788*I
0.99,0.025,0.0003771664965142132,-108.87127091213097+213.89009833203275*I
0.99,0.029,0.0005781612036421773,-203.02630867120035+36.66209466102544*I
0.99,0.033,0.0008369843200764929,-141.4810880861506-112.47184047799824*I
0.99,0.037000000000000005,0.0011595845846259104,-16.657231704615302-159.78894032371895*I
0.99,0.041,0.0015512531473549176,87.12474540044707-115.23682791084856*I
0.99,0.045,0.0020174107145232885,128.28938901413056-27.102294277883463*I
0.99,0.049,0.0025628961744915166,106.5425918845515+55.061593644958315*I
0.99,0.053000000000000005,0.0031923656583567744,46.43138901220958+100.16647732750073*I
0.99,0.057,0.003910264653458914,-20.684998800709202+100.08078197310422*I
0.99,0.061,0.004720838184300898,-69.66617763289587+64.65476411141353*I
0.99,0.065,0.005628076986218528,-87.8155171906131+12.903455711380564*I
0.99,0.069,0.006636194016166222,-75.20426796085755-35.55047447120981*I
0.99,0.07300000000000001,0.007748758842865858,-41.201508531335406-66.47269422071369*I
0.99,0.077,0.008969692201380277,0.5669510543405408-73.72975922984101*I
0.99,0.081,0.010302212974736626,36.99449596973542-59.05866892620982*I
0.99,0.085,0.011752967776454914,58.88389067777947-29.826318247776747*I
0.99,0.089,0.013317558461590362,62.528870291873126+4.0432336018733945*I
0.99,0.093,0.0150105992516754,49.50277014045604+33.1497128615996*I
0.99,0.097,0.01682318306529965,25.334091284453077+50.78364244114521*I
0.99,0.101,0.018768821141771606,-2.6243149384561058+54.072470126320404*I
0.99,0.10500000000000001,0.02084041690419455,-27.180376516428815+44.00248212264337*I
0.99,0.109,0.023063321791502823,-42.96190871514109+24.501117055813598*I
0.99,0.113,0.025424903000525058,-47.33647091154047+1.164756985743477*I
0.99,0.117,0.027920271494939343,-40.59341977629916-20.31014493286262*I
0.99,0.121,0.03057559831456493,-25.407671842058615-35.364291513560005*I
0.99,0.125,0.033370485825341634,-5.9877929404847094-41.38926921549714*I
0.99,0.129,0.03632857914606841,13.082749525388184-38.00321421870562*I
0.99,0.133,0.039447206732775374,27.807146561761364-26.85331014040602*I
0.99,0.137,0.04273105132018097,35.54033947891713-11.00714939527015*I
0.99,0.14100000000000001,0.04618516207523671,35.35275088950819+5.842785464271183*I
0.99,0.14500000000000002,0.04982336681748958,28.006528498271276+20.192696757909847*I
0.99,0.149,0.05360457937968338,15.62757270259896+29.40378530824795*I
0.99,0.153,0.05762790402602706,1.078738737859876+32.096129824264814*I
0.99,0.157,0.06178449533843726,-12.592291421067602+28.328477016620607*I
0.99,0.161,0.06618445098998384,-22.830642328844117+19.3515990986967*I
0.99,0.165,0.07074905058821439,-27.96770699300764+7.331036584877666*I
0.99,0.169,0.0755386959569773,-27.445510257952616-5.2228563032742334*I
0.99,0.17300000000000001,0.08055761743181335,-21.815974764565713-15.913646956786973*I
0.99,0.177,0.08578839277097307,-12.532066974171757-22.9056624069057*I
0.99,0.181,0.09129582220664607,-1.5801927211585214-25.197659130452166*I
0.99,0.185,0.09697037520812836,8.906312386562854-22.746816159428764*I
0.99,0.189,0.10293415651022375,17.074539377479702-16.344888269907734*I
0.99,0.193,0.10917978027033323,21.62973497332509-7.439897747452007*I
0.99,0.197,0.11565821147973877,22.033673399615815+2.192374409772287*I
0.99,0.201,0.12249392655449931,18.512001106367865+10.800271983355056*I
0.99,0.20500000000000002,0.12954351622859725,11.981370381793774+16.946111181936146*I
0.99,0.20900000000000002,0.13692222840360177,3.7891463492393793+19.737413301128772*I
0.99,0.213,0.14467462965953595,-4.526164562390299+18.92776221672875*I
0.99,0.217,0.1526992483148385,-11.52213788829813+14.919132176494612*I
0.99,0.221,0.16109100745761246,-16.09702408513931+8.618610426787294*I
0.99,0.225,0.16989631202787817,-17.640388508086982+1.2580844691467652*I
0.99,0.229,0.17903574284160287,-16.106042581540542-5.8405069660039475*I
0.99,0.233,0.18876276528888125,-11.956438057622014-11.501403058931098*I
0.99,0.23700000000000002,0.19871104111552013,-6.081862646681446-14.878183610863822*I
0.99,0.241,0.20919255536358836,0.4312068141351401-15.563500724445966*I
0.99,0.245,0.22017750158104682,6.456536587072143-13.628461498290672*I
0.99,0.249,0.2317008760726713,11.032424128198192-9.571381200370013*I
0.99,0.253,0.2438526179353287,13.50419721856074-4.20293578934088*I
0.99,0.257,0.25651256817112356,13.613040347032308+1.5056787948996424*I
0.99,0.261,0.26981442225063046,11.500877009094722+6.60298615023401*I
0.99,0.265,0.2838321457095575,7.661080049564308+10.302461470320189*I
0.99,0.269,0.29857367953133024,2.833240363577966+12.100576475138388*I
0.99,0.273,0.314127668943373,-2.1374542675492654+11.836504276408192*I
0.99,0.277,0.33076071613080044,-6.441961633147765+9.690093856129161*I
0.99,0.281,0.34794831665701204,-9.436927141793953+6.141878121645673*I
0.99,0.28500000000000003,0.366266810439178,-10.733748262234627+1.8473277366164054*I
0.99,0.28900000000000003,0.38571720572578944,-10.242208946583093-2.4572873584506296*I
0.99,0.293,0.4064012468946925,-8.163263932773198-6.087680020589063*I
0.99,0.297,0.4285140857178252,-4.935140282997001-8.515098677856647*I
0.99,0.301,0.4519960521923981,-1.1489355069269171-9.440399774137555*I
0.99,0.305,0.4770841416012469,2.5609712622928313-8.822577727873073*I
0.99,0.309,0.5039689136707965,5.6170890858316795-6.8668425913157956*I
0.99,0.313,0.5328661624303948,7.5863794818149035-3.9741330867670617*I
0.99,0.317,0.5639976070650203,8.237980961429257-0.6636170213388095*I
0.99,0.321,0.5975244241928067,7.56498385212976+2.5179354112299492*I
0.99,0.325,0.6340097163878214,5.766691928171942+5.084455903248847*I
0.99,0.329,0.6737202480222896,3.2050771102920783+6.681195299526576*I
0.99,0.333,0.7171385206655247,0.33377370892987773+7.131306586096232*I
0.99,0.337,0.7647220199782675,-2.3791453258712543+6.450143034533796*I
0.99,0.341,0.8176999130866873,-4.525516284297241+4.826300678625748*I
0.99,0.34500000000000003,0.8759875825337211,-5.816582279573761+2.584176275161604*I
0.99,0.34900000000000003,0.9404866172275953,-6.1194159494706035+0.11634409362513738*I
0.99,0.353,1.013458681746173,-5.462186696839777-2.180638861158592*I
0.99,0.357,1.096592190013844,-4.020970719157424-3.9655645711219467*I
0.99,0.361,1.1907716677463427,-2.081037999931189-5.004768634623018*I
0.99,0.365,1.2991927865879702,0.020494110104179272-5.198586457282768*I
0.99,0.369,1.4253543378621123,1.9480811187126945-4.586080649369397*I
0.99,0.373,1.5739902579858016,3.420670629400293-3.3276954453980943*I
0.99,0.377,1.7516645171532699,4.2509311441760715-1.6702384908907497*I
0.99,0.381,1.9669122570958535,4.36686025118637+0.09860793778333254*I
0.99,0.385,2.234480545841912,3.812198777512175+1.699284880320845*I
0.99,0.389,2.5780055468385785,2.730068936319983+2.9018063743381224*I
0.99,0.393,3.025164537337858,1.3343007239275335+3.558777029166405*I
0.99,0.397,3.6433099316515682,-0.1351031114473529+3.619230552838578*I
0.99,0.401,4.544454354637178,-1.4469558448992081+3.129598073178616*I
0.99,0.405,5.979633326910886,-2.416544619793379+2.216397951998186*I
0.99,0.40900000000000003,8.614925299453285,-2.9294697862681236+1.0594053938557717*I
0.99,0.41300000000000003,15.010528872873065,-2.9528055402094444-0.14160434417671777*I
0.99,0.41700000000000004,52.9360334977217,-2.5322157651615815-1.1999563019889794*I
0.99,0.421,-36.97664929970436,-1.7770469071845283-1.9698444500701524*I
0.99,0.425,-14.065753181835314,-0.8367676956725633-2.364957629385696*I
0.99,0.429,-8.83753798472885,0.12656508896003849-2.365751842846677*I
0.99,0.433,-6.531671353888384,0.9649496587083736-2.01535648604047*I
0.99,0.437,-5.241884032852382,1.5659926676897018-1.4060202660905141*I
0.99,0.441,-4.425626066373461,1.8664913962707288-0.6592080708000572*I
0.99,0.445,-3.8695504407812225,1.8566081759711477+0.0967470616758132*I
0.99,0.449,-3.4740905702478275,1.5751790632184974+0.7473953030885011*I
0.99,0.453,-3.187711161973315,1.097833941890775+1.2084197118423528*I
0.99,0.457,-2.980931307532025,0.5204162014193636+1.4349763422188662*I
0.99,0.461,-2.839288004976047,-0.05821684779487121+1.4236833629290233*I
0.99,0.465,-2.7584145803243203,-0.5521179317496615+1.207743106759435*I
0.99,0.46900000000000003,-2.7450009262895416,-0.8998346188422769+0.8467790904411366*I
0.99,0.47300000000000003,-2.8268770438923023,-1.070512202053223+0.4140620042832833*I
0.99,0.47700000000000004,-3.088950158714273,-1.0643822265984513-0.01679505171094233*I
0.99,0.481,-3.8575515844963157,-0.9079871506106031-0.38331324664427335*I
0.99,0.485,-8.282383218891955,-0.6464327008006615-0.6418834317513126*I
0.99,0.489,4.230331353660997,-0.3334570457665447-0.7716683523427964*I
0.99,0.493,0.4729869085576303,-0.02192461976357207-0.7741323733828156*I
0.99,0.497,-0.27761751462586254,0.24404845009004633-0.6691903826619835*I
0.99,0.501,-0.5809573067644617,0.4342835642591225-0.48915259122412375*I
0.99,0.505,-0.7362797594716013,0.5346601887964315-0.27168090075789936*I
0.99,0.509,-0.8259264476654276,0.5464112849539035-0.0533741628741826*I
0.99,0.513,-0.8814874029755633,0.48322248884618485+0.13551783449622418*I
0.99,0.517,-0.9175607040650765,0.36691273342350295+0.27439195876852346*I
0.99,0.521,-0.941782210055201,0.22257083545366207+0.35339764377498833*I
0.99,0.525,-0.958410382688719,0.07467722538149443+0.3728419440278425*I
0.99,0.529,-0.9700291179723778,-0.05658189015081165+0.34112627474853424*I
0.99,0.533,-0.9782544419317896,-0.157165602717378+0.27196058581197147*I
0.99,0.537,-0.9841364886325534,-0.21990857819493773+0.18136473409403128*I
0.99,0.541,-0.9883759549518304,-0.24408123723915515+0.08498583009779512*I
0.99,0.545,-0.991451132161227,-0.23412349821805015-0.003956536203972201*I
0.99,0.549,-0.9936924216998482,-0.19795972213400814-0.07590553916430463*I
0.999,0.001,1.9782546807664307e-6,17136.61626021055+3694.8968150672304*I
0.999,0.005,0.00024153068335961193,2470.4128405878073+2487.3182780961833*I
0.999,0.009000000000000001,0.0013774492516552925,-1481.7498598963532+1262.9394301703549*I
0.999,0.013000000000000001,0.004068248581898857,-16.947492977332526+1346.8048548054558*I
0.999,0.017,0.00894388107231269,944.3699218373273-407.7803235767087*I
0.999,0.021,0.016619253122623884,-828.5253167369317-71.17697233944205*I
0.999,0.025,0.027751283008041683,689.4990982096836+103.82519556517849*I
0.999,0.029,0.04304565290408146,-597.4564979709999+54.24757823423208*I
0.999,0.033,0.0633712548136304,446.39420896607663-278.0076077861519*I
0.999,0.037000000000000005,0.08970824366157161,-169.78834199729033+435.9162919543063*I
0.999,0.041,0.12336297985540542,-168.41480925224002-385.8132220476798*I
0.999,0.045,0.1660320144965735,369.409618903546+98.67097993755993*I
0.999,0.049,0.22001184797342818,-260.0028429750339+234.26942099699613*I
0.999,0.053000000000000005,0.2884420197776361,-76.22392975768949-313.30606832969767*I
0.999,0.057,0.3761798729304302,293.5121830353842+55.22767241938837*I
0.999,0.061,0.4900886696370204,-145.17900993190563+237.0338718201478*I
0.999,0.065,0.6417312805575276,-169.52270012828197-196.74580127934684*I
0.999,0.069,0.849081544139086,219.4547487556966-105.6798307739792*I
0.999,0.07300000000000001,1.1473616525189216,51.93842670568268+223.16233835099573*I
0.999,0.077,1.6057027252515048,-215.91039050131747+10.083152677773787*I
0.999,0.081,2.389021916912993,20.579683103402-203.39482210399834*I
0.999,0.085,4.023860833087677,189.20356583324113+41.742070999485165*I
0.999,0.089,9.402128942372254,-55.22590691572059+175.5509647972264*I
0.999,0.093,-71.30218782244722,-163.48424452034564-62.71010191418776*I
0.999,0.097,-8.567307016766277,65.54389627527998-153.4458067615548*I
0.999,0.101,-4.886365329774589,145.497080726954+64.75901825433033*I
0.999,0.10500000000000001,-3.5639483931374913,-61.11561174070722+139.39972266600572*I
0.999,0.109,-2.8858873981111715,-134.80627902863068-55.15764880455245*I
0.999,0.113,-2.4746481244974974,47.27939135885635-131.28507355067134*I
0.999,0.117,-2.1996369393608424,128.3790342945044+37.77906695697204*I
0.999,0.121,-2.003828430232325,-26.904261237912852+125.63140519744802*I
0.999,0.125,-1.8568878547901206,-122.53797886969527-14.908165723792903*I
0.999,0.129,-1.7431858862902496,2.0527434421312245-118.67899143417506*I
0.999,0.133,-1.6528548963547451,113.6558783747818-11.354090200124135*I
0.999,0.137,-1.579459129855736,24.943737151536478+107.12245030876706*I
0.999,0.14100000000000001,-1.518794455937992,-98.81861814946721+38.29066806790248*I
0.999,0.14500000000000002,-1.4679687300084803,-50.916586329748924-88.58586265166524*I
0.999,0.149,-1.424563255081679,76.37192708894733-62.273614630516356*I
0.999,0.153,-1.3878300791474134,71.88680314350916+62.30375905176734*I
0.999,0.157,-1.3557055762694472,-46.5996822066173+79.14687833515455*I
0.999,0.161,-1.3277164383080784,-83.60934713178032-29.67450148158424*I
0.999,0.165,-1.3032215589522678,12.071412368150199-84.88932867224005*I
0.999,0.169,-1.2814604441219375,82.70209876378108-5.527440948821683*I
0.999,0.17300000000000001,-1.2621209187599813,22.353873377124625+76.97322905684972*I
0.999,0.177,-1.244736979853541,-67.80708942120805+37.57447837872372*I
0.999,0.181,-1.2292614174061323,-50.40196192325149-55.56005865312863*I
0.999,0.185,-1.2152346500448186,40.777570907537225-60.06443309787701*I
0.999,0.189,-1.2025290429376307,65.962112759663+24.239205766117028*I
0.999,0.193,-1.190969635373848,-6.894723483215877+67.68659584465381*I
0.999,0.197,-1.1804351441534748,-65.0898101363915+10.188767372548465*I
0.999,0.201,-1.1708037794327044,-25.8991283774709-58.313753580082505*I
0.999,0.20500000000000002,-1.1619638414925224,47.809528685913484-39.164293657903414*I
0.999,0.20900000000000002,-1.1538324471068173,49.04849757050262+34.32883007136057*I
0.999,0.213,-1.1463356144266654,-18.880998859794634+54.84023364371646*I
0.999,0.217,-1.139411816646403,-56.130273976095864-2.664287530233095*I
0.999,0.221,-1.1329679994530093,-13.022568986139971-52.86010817437737*I
0.999,0.225,-1.1270299589004273,45.37215866779138-26.908904635371673*I
0.999,0.229,-1.1215007539331987,37.84244622343445+34.35964118111182*I
0.999,0.233,-1.1163547512861833,-20.849806667556564+44.92526967118219*I
0.999,0.23700000000000002,-1.1115401050865785,-47.5966852716541-6.108111900364348*I
0.999,0.241,-1.10704114682042,-8.476119052778085-45.713194079998146*I
0.999,0.245,-1.102829265117182,39.56525420180051-21.52480418468576*I
0.999,0.249,-1.098863730837258,31.80761565505039+29.862089201754614*I
0.999,0.253,-1.0951745450539438,-17.672777948594018+38.39057284244176*I
0.999,0.257,-1.0916865054157534,-40.70377537330485-4.309151436243572*I
0.999,0.261,-1.0884110979221833,-8.802031172571342-38.647986817606665*I
0.999,0.265,-1.0853365477680825,32.58635602037076-20.27992170578235*I
0.999,0.269,-1.0824199064356717,28.93339582972931+23.311026989120897*I
0.999,0.273,-1.0796444704722437,-11.965908121869141+33.908398171670186*I
0.999,0.277,-1.0770435794510118,-34.79588973234407+0.09630357457658886*I
0.999,0.281,-1.0745933447888996,-11.471741837635697-31.651714205153684*I
0.999,0.28500000000000003,-1.0722375925669414,24.99969972309651-20.858016404699804*I
0.999,0.28900000000000003,-1.0700292519014976,27.242160235659444+15.781861255806572*I
0.999,0.293,-1.0679231560441376,-5.212032119214493+29.98332620785487*I
0.999,0.297,-1.065909358571277,-28.912959524976177+5.360156425732174*I
0.999,0.301,-1.0640259292823944,-14.637293864202466-24.348917968301052*I
0.999,0.305,-1.0622216246327163,17.0219276088134-21.516443017822294*I
0.999,0.309,-1.0604992353436915,25.24644034479621+7.999170254971173*I
0.999,0.313,-1.0588570227904677,1.4756203586009748+25.511061107275324*I
0.999,0.317,-1.0572907062702535,-22.458743715703314+10.14999815355412*I
0.999,0.321,-1.0557944098807357,-16.929605189978197-16.66953038679171*I
0.999,0.325,-1.054364244603642,9.06374363950194-21.021553029053095*I
0.999,0.329,-1.0529966507334805,22.032307572438977+0.7643219700676941*I
0.999,0.333,-1.0516879534741963,7.065418456472622+20.00723518258248*I
0.999,0.337,-1.050432992858014,-15.407093089957005+13.38494228882019*I
0.999,0.341,-1.0492192996673715,-17.416218301623232-9.02673201709416*I
0.999,0.34500000000000003,-1.0480651525035336,1.8676402703353174-18.750864791664426*I
0.999,0.34900000000000003,-1.0469658276474552,17.379793422016466-5.018375236135743*I
0.999,0.353,-1.0459133764655177,10.678800633569958+13.678779693806103*I
0.999,0.357,-1.044870699823769,-8.33564086904527+14.388139468314668*I
0.999,0.361,-1.0438804007022133,-15.764021204887637-2.237056736284389*I
0.999,0.365,-1.0429154842393697,-3.682371402173619-14.777889529057036*I
0.999,0.369,-1.0419991467472463,11.757160436952773-8.58144405557198*I
0.999,0.373,-1.041103222596464,11.823641201589462+7.299682577395735*I
0.999,0.377,-1.0402331514562937,-2.1771069008482318+13.069682909862916*I
0.999,0.381,-1.0393987118168002,-12.305599973679357+2.801210244162177*I
0.999,0.385,-1.0385777308329387,-6.909638764021803-9.816009783904404*I
0.999,0.389,-1.0377662947697077,6.1269364403643385-9.614061300799591*I
0.999,0.393,-1.0369789924596418,10.643439400090179+1.9011642062151126*I
0.999,0.397,-1.036198597897709,2.1763391499857505+10.002250589340909*I
0.999,0.401,-1.0354272056792833,-7.953898268058709+5.506865263559191*I
0.999,0.405,-1.0346635603131795,-7.664992185932286-4.9526181554542665*I
0.999,0.40900000000000003,-1.0338848944636727,1.5551462790714705-8.446737860736846*I
0.999,0.41300000000000003,-1.0331336563058529,7.891674192919319-1.6801083040427691*I
0.999,0.41700000000000004,-1.0323599796933016,4.277461869539998+6.233219759555769*I
0.999,0.421,-1.0315741994474117,-3.85870004605475+5.917235219739166*I
0.999,0.425,-1.030759715177061,-6.4665385081875275-1.2214425857232047*I
0.999,0.429,-1.0299314418623609,-1.23957722964715-5.985047129304274*I
0.999,0.433,-1.0290793503020847,4.685928681698815-3.1699939361669993*I
0.999,0.437,-1.0281786159586943,4.34524163818468+2.884633809881195*I
0.999,0.441,-1.027222448571028,-0.9356787722644018+4.694574591664852*I
0.999,0.445,-1.0262235846724328,-4.2931347424264015+0.835039332874966*I
0.999,0.449,-1.0251466423717095,-2.1783713963873077-3.3234502445612293*I
0.999,0.453,-1.024008149115104,2.035740898532608-2.9567129587019867*I
0.999,0.457,-1.0227840912175052,3.1460445961235615+0.6900306812480982*I
0.999,0.461,-1.021481797284363,0.48774025259300735+2.826560507882028*I
0.999,0.465,-1.0201013862389556,-2.1491032545581974+1.3403766745513932*I
0.999,0.46900000000000003,-1.0186582993950672,-1.7955167566477586-1.2977903732724614*I
0.999,0.47300000000000003,-1.017182957550176,0.45084614990174116-1.863616524712385*I
0.999,0.47700000000000004,-1.0157214922108921,1.6204871227040423-0.2504151028503809*I
0.999,0.481,-1.0143603299818915,0.7205249404470108+1.1816235363489769*I
0.999,0.485,-1.013244505846972,-0.6723681672641122+0.9347248935743537*I
0.999,0.489,-1.0126766908123768,-0.9212997737562615-0.20235977996490664*I
0.999,0.493,-1.0135774542699332,-0.15241238559425335-0.7449407036173069*I
0.999,0.497,-1.0224852320467748,0.4857797422512838-0.3570903058089951*I
0.999,0.501,-0.9784113612828936,0.4158555469650677+0.22007243898156173*I
0.999,0.505,-0.9965474932846374,-0.005072891847361276+0.3618825558609171*I
0.999,0.509,-0.9988899701560479,-0.24333123381720836+0.1285418497554876*I
0.999,0.513,-0.9995790999825261,-0.17678464919878462-0.1090948819499857*I
0.999,0.517,-0.9998274015500683,-0.0023621112465774846-0.15672332144900866*I
0.999,0.521,-0.9999247540644679,0.09700352313289463-0.06949429105164984*I
0.999,0.525,-0.9999649569357985,0.08834209016745277+0.027867487514970892*I
0.999,0.529,-0.9999823090321953,0.02672507623212951+0.06919067846953143*I
0.999,0.533,-0.9999902154818342,-0.03009546978257755+0.053892778540595626*I
0.999,0.537,-0.9999940770839172,-0.052489710315666405+0.01000298224503838*I
0.999,0.541,-0.9999961253875016,-0.036852989916410506-0.03052254254117801*I
0.999,0.545,-0.9999973100241324,0.0006267739381212648-0.04395017263592477*I
0.999,0.549,-0.9999980515976092,0.03275189560177429-0.02479382489255349*I