0.2,0.001,4.5457894568617734e-11,11752.931603973133+8795.632538687643*I
0.2,0.005,5.50424675993247e-9,2057.7799034603545+2244.7127124626795*I
0.2,0.009000000000000001,3.1053829506135025e-8,1082.5957708219373+1384.4214056233036*I
0.2,0.013000000000000001,9.039612995747014e-8,724.9988335299987+1038.0058906768043*I
0.2,0.017,1.949158576462372e-7,542.3337098781349+851.437136892783*I
0.2,0.021,3.5358352576251123e-7,432.7048859535461+736.1088421211847*I
0.2,0.025,5.728301778054213e-7,360.3215029754758+659.1654562566084*I
0.2,0.029,8.564357316938239e-7,309.4627363497754+605.5969477280786*I
0.2,0.033,1.205321671643245e-6,272.1817111391834+567.6360145417088*I
0.2,0.037000000000000005,1.617423128370574e-6,244.0529478647264+540.9071736177538*I
0.2,0.041,2.087497100588419e-6,222.43844836452027+522.8390920439612*I
0.2,0.045,2.606792633404816e-6,205.6899390909891+511.9348402566056*I
0.2,0.049,3.1629744093719087e-6,192.7502157067401+507.3781915919556*I
0.2,0.053000000000000005,3.7396640224629515e-6,182.94239668931564+508.8860202622252*I
0.2,0.057,4.316260694199375e-6,175.85776083979664+516.6349390103522*I
0.2,0.061,4.867634170817545e-6,171.3018355667606+531.2981061274658*I
0.2,0.065,5.363663192457902e-6,169.28264305997396+554.1939749864964*I
0.2,0.069,5.768784826695292e-6,170.04331533832627+587.5951920001763*I
0.2,0.07300000000000001,6.041781527264482e-6,174.1638623933247+635.3362240705408*I
0.2,0.077,6.1351953003519825e-6,182.7930448980654+704.1173078936104*I
0.2,0.081,5.994647184644366e-6,198.19449185526398+806.4741030383815*I
0.2,0.085,5.558567561369764e-6,225.19221623735118+968.4757776212801*I
0.2,0.089,4.758010751484844e-6,275.80413048491494+1254.2144154755122*I
0.2,0.093,3.5134297739819255e-6,389.5713117773138+1874.948766316059*I
0.2,0.097,1.7380907304593017e-6,817.5689738627731+4168.034044501321*I
0.2,0.101,-6.655501250159577e-7,-2206.8324264324883-11928.981942779119*I
0.2,0.10500000000000001,-3.8059531967940647e-6,-397.1785205035143-2278.874784396146*I
0.2,0.109,-7.803399396549795e-6,-198.54825894081404-1210.674470621097*I
0.2,0.113,-0.00001279096687964242,-123.64909436109645-802.3415987418693*I
0.2,0.117,-0.000018915586118740796,-85.01422556076902-587.9021505898927*I
0.2,0.121,-0.000026339178133433073,-61.83236175069474-456.4291343829387*I
0.2,0.125,-0.00003523988306943112,-46.621349570121225-368.0024333093272*I
0.2,0.129,-0.000045813384208793805,-36.034292584441054-304.7367709042079*I
0.2,0.133,-0.00005827433525949252,-28.352365579416837-257.4259734286339*I
0.2,0.137,-0.0000728578986609702,-22.604068984392747-220.85061075556033*I
0.2,0.14100000000000001,-0.00008980873387604642,-18.193970941828923-191.84676670981563*I
0.2,0.14500000000000002,-0.00010944610109783091,-14.763220933238754-168.32709910890338*I
0.2,0.149,-0.00013203913912159765,-12.041173258977736-148.9600710882826*I
0.2,0.153,-0.0001579129523597651,-9.854953572561802-132.78422473040368*I
0.2,0.157,-0.00018750054121145201,-8.093806181513655-119.08326045575397*I
0.2,0.161,-0.00022113177424777118,-6.6535455882748185-107.38182150093974*I
0.2,0.165,-0.0002592620348251807,-5.471154443961897-97.29053974751169*I
0.2,0.169,-0.00030236185046057817,-4.495467747983315-88.51897557399023*I
0.2,0.17300000000000001,-0.0003509425706607151,-3.6870976167954157-80.84120163318306*I
0.2,0.177,-0.000405559352584049,-3.0153304487560066-74.07897840500272*I
0.2,0.181,-0.0004668146831713485,-2.4559234977330675-68.08988675372245*I
0.2,0.185,-0.0005353619188696515,-1.9895378365684142-62.7588461389083*I
0.2,0.189,-0.0006119091788066492,-1.6006055514270567-57.99191661014373*I
0.2,0.193,-0.0006972747003118657,-1.2680392200349755-53.7099353544544*I
0.2,0.197,-0.0007921351384707594,-1.0068445684271565-49.85393698162593*I
0.2,0.201,-0.000897610838009045,-0.775651017931305-46.363149840622164*I
0.2,0.20500000000000002,-0.0010144947585116874,-0.5913636807198389-43.197348448538264*I
0.2,0.20900000000000002,-0.0011438966528991219,-0.4400783140927639-40.31633378140746*I
0.2,0.213,-0.001286948635787022,-0.3169853149666216-37.68729925535871*I
0.2,0.217,-0.0014447731778023899,-0.22321944824468656-35.283268874287494*I
0.2,0.221,-0.001618891101314974,-0.14393567503066457-33.07736658546902*I
0.2,0.225,-0.001810775137734757,-0.07693983918137964-31.048674331186707*I
0.2,0.229,-0.0020215337121944456,-0.035240126371749635-29.182499022018714*I
0.2,0.233,-0.0022534263030909852,0.0033926632138544005-27.458123969271796*I
0.2,0.23700000000000002,-0.0025077601014449973,0.02627184579452182-25.86491619383434*I
0.2,0.241,-0.002786401411353309,0.03590421475013701-24.390295279081162*I
0.2,0.245,-0.003091819009131804,0.04179781529882967-23.021398268117153*I
0.2,0.249,-0.003426039989087284,0.040912773646123536-21.749534259072394*I
0.2,0.253,-0.0037914501606402438,0.03427067244154389-20.566087105305385*I
0.2,0.257,-0.004190612542478908,0.022756742099925547-19.463372244153575*I
0.2,0.261,-0.0046262777135530585,0.007136736751853621-18.43452015962722*I
0.2,0.265,-0.005100579604358836,-0.011170442499097015-17.47477189975598*I
0.2,0.269,-0.005619133974357331,-0.033842488398623215-16.574391512491207*I
0.2,0.273,-0.0061828796795254,-0.05812035696319341-15.732593276283602*I
0.2,0.277,-0.006796264173280883,-0.08431813572960338-14.943475524304434*I
0.2,0.281,-0.007463172133022028,-0.11205481251434711-14.202965490860226*I
0.2,0.28500000000000003,-0.008186418813292766,-0.14041798451315288-13.508481386899994*I
0.2,0.28900000000000003,-0.008974458740083931,-0.1708613625395459-12.853337841632381*I
0.2,0.293,-0.009828014783886684,-0.2013917239118333-12.23781434435823*I
0.2,0.297,-0.010753481142333054,-0.232371744882646-11.658018008837917*I
0.2,0.301,-0.01175624682853055,-0.26361209532120183-11.111407845953163*I
0.2,0.305,-0.012842048626760217,-0.2949491135824272-10.595660616491621*I
0.2,0.309,-0.014016993598660734,-0.3262404437934637-10.10864643306685*I
0.2,0.313,-0.015284817011658576,-0.3569365785741131-9.649298105754664*I
0.2,0.317,-0.0166576466425153,-0.38780841949040157-9.21401710516687*I
0.2,0.321,-0.018140277480025783,-0.41831618996292036-8.802072165610294*I
0.2,0.325,-0.019740444533073498,-0.44838309458204295-8.411942045508708*I
0.2,0.329,-0.02146632949765035,-0.477944035159705-8.0422234754501*I
0.2,0.333,-0.02332657421183276,-0.5069442272294526-7.691620460102734*I
0.2,0.337,-0.02533029288049148,-0.5353379592301486-7.358934649197985*I
0.2,0.341,-0.027487083264213383,-0.5630875806755411-7.043056601952676*I
0.2,0.34500000000000003,-0.029807033553078694,-0.590162469595336-6.742958251178966*I
0.2,0.34900000000000003,-0.032300727974698545,-0.6165382144152585-6.457685872561552*I
0.2,0.353,-0.03497924991783338,-0.6421959073135298-6.186353702573884*I
0.2,0.357,-0.037854179161255136,-0.6671214475197547-5.928138404633042*I
0.2,0.361,-0.040937587875946604,-0.6913050029083344-5.68227377237885*I
0.2,0.365,-0.044242025605789354,-0.7147404081653785-5.448046408709209*I
0.2,0.369,-0.04778050606767778,-0.7374247889098354-5.224791211279395*I
0.2,0.373,-0.05156648084714517,-0.7593581060760309-5.011887752560191*I
0.2,0.377,-0.05561381133533079,-0.7805428271361965-4.808756640531444*I
0.2,0.381,-0.05993672994091137,-0.8009836036962728-4.614856387798246*I
0.2,0.385,-0.06454979004380508,-0.8206869482534718-4.4296806394588755*I
0.2,0.389,-0.0694678081839629,-0.8396609865799232-4.2527555245728195*I
0.2,0.393,-0.07470579670310766,-0.8579152394844685-4.083637208040269*I
0.2,0.397,-0.08027888424393781,-0.8754604283820376-3.9219096887692126*I
0.2,0.401,-0.08620222343182608,-0.8923082806142477-3.7671828072546085*I
0.2,0.405,-0.09249088797031349,-0.9084713784819227-3.6190903638964698*I
0.2,0.40900000000000003,-0.0991597525289704,-0.9239630038145749-3.4772884908264987*I
0.2,0.41300000000000003,-0.10622336606679457,-0.9387970336878264-3.3414540049227663*I
0.2,0.41700000000000004,-0.11369580781440959,-0.9529878070864225-3.211283002181692*I
0.2,0.421,-0.1215905272751438,-0.9665500314153969-3.0864895929704*I
0.2,0.425,-0.1299201800621681,-0.9794986947209074-2.9668046092501137*I
0.2,0.429,-0.13869644572998951,-0.9918489849435772-2.8519745207689926*I
0.2,0.433,-0.14792983955818398,-1.0036162218618259-2.74176037815132*I
0.2,0.437,-0.15762951381145818,-1.0148157935346978-2.635936868922085*I
0.2,0.441,-0.1678030551274818,-1.0254631028342838-2.5342914220258255*I
0.2,0.445,-0.17845627918945187,-1.0355735196889682-2.4366233806882764*I
0.2,0.449,-0.18959302440568698,-1.0451623383333923-2.3427432493174334*I
0.2,0.453,-0.2012149506983264,-1.0542447408195526-2.252471985794058*I
0.2,0.457,-0.21332134718815046,-1.062835765969168-2.165640341479677*I
0.2,0.461,-0.22590894839889866,-1.0709502778032833-2.0820882775773337*I
0.2,0.465,-0.23897178714262235,-1.0786029446172802-2.0016643086408195*I
0.2,0.46900000000000003,-0.2525010298130041,-1.0858082225028431-1.9242251233828374*I
0.2,0.47300000000000003,-0.2664848896251129,-1.092580327151202-1.8496349554579463*I
0.2,0.47700000000000004,-0.2809085296212559,-1.0989332272184296-1.7777652181859365*I
0.2,0.481,-0.2957540310530907,-1.1048806290274786-1.7084940241099413*I
0.2,0.485,-0.31100038545000397,-1.1104359684722205-1.6417058149530817*I
0.2,0.489,-0.3266235398544249,-1.1156123971479817-1.5772909792812195*I
0.2,0.493,-0.3425964791034296,-1.120422784831541-1.5151455203157707*I
0.2,0.497,-0.35888936869856763,-1.1248797045570933-1.455170709269263*I
0.2,0.501,-0.375469725816462,-1.128995440597753-1.3972728114972384*I
0.2,0.505,-0.3923026712622882,-1.1327819646225181-1.3413627438346956*I
0.2,0.509,-0.40935115470533145,-1.136250969671714-1.2873559208013965*I
0.2,0.513,-0.426576314076337,-1.139413835833043-1.235171882996643*I
0.2,0.517,-0.4439377848358741,-1.1422816528808213-1.1847341484051706*I
0.2,0.521,-0.46139410566030314,-1.1448651978507205-1.135969925141638*I
0.2,0.525,-0.47890305856235726,-1.1471749768194766-1.0888100028571213*I
0.2,0.529,-0.49642213953146064,-1.149221177884247-1.0431884444369957*I
0.2,0.533,-0.5139092402930503,-1.151013499473572-0.9990420101222989*I
0.2,0.537,-0.5313218775507643,-1.1525619343895521-0.9563117807638305*I
0.2,0.541,-0.5486192213664417,-1.1538756815412323-0.9149404586153039*I
0.2,0.545,-0.5657614837851017,-1.1549638130109934-0.8748737668815773*I
0.2,0.549,-0.5827104958517777,-1.1558351236431046-0.8360599492165286*I
0.4,0.001,1.0064637920843302e-10,1503.8351430411924-6442.466977009206*I
0.4,0.005,1.2402444965481748e-8,765.4313755656556-1107.4267624404392*I
0.4,0.009000000000000001,7.130733287637702e-8,520.6275101388005-555.162058356536*I
0.4,0.013000000000000001,2.1187430630804392e-7,403.54751515629647-353.2284369614074*I
0.4,0.017,4.669805498182069e-7,334.0705674593239-250.55261424850192*I
0.4,0.021,8.675955298595601e-7,287.7058048148303-189.10367810290498*I
0.4,0.025,1.4424791073441047e-6,254.46769383406283-148.5265316434648*I
0.4,0.029,2.2184515628347042e-6,229.42898947016272-119.89070395385527*I
0.4,0.033,3.2200824558039387e-6,209.89024900509716-98.68788518431295*I
0.4,0.037000000000000005,4.469938031856756e-6,194.2288583951397-82.40440182906424*I
0.4,0.041,5.988148853579039e-6,181.4191598216689-69.53306654854902*I
0.4,0.045,7.792758349354793e-6,170.7715254773861-59.11737647176341*I
0.4,0.049,9.899684464306203e-6,161.8065950767567-50.52267936113046*I
0.4,0.053000000000000005,0.000012321240121421801,154.1913990442717-43.310805124666*I
0.4,0.057,0.000015068443543056897,147.6702766077068-37.17137949791629*I
0.4,0.061,0.00001814874464860518,142.05772471621654-31.87737613979349*I
0.4,0.065,0.000021567516909054895,137.2087797217324-27.25993067949013*I
0.4,0.069,0.000025325181619306236,133.01788895295294-23.18911416764997*I
0.4,0.07300000000000001,0.000029420768314137365,129.3964516947445-19.56536358999924*I
0.4,0.077,0.00003384852442943877,126.27842123180912-16.30937459333402*I
0.4,0.081,0.00003859957015419953,123.61043991064865-13.357945813041932*I
0.4,0.085,0.0000436613121417812,121.35048350876454-10.659765033257823*I
0.4,0.089,0.000049014218157484585,119.46963608202462-8.171238069521001*I
0.4,0.093,0.00005463663207793563,117.94276755515936-5.856892731450018*I
0.4,0.097,0.000060500681437142547,116.75334123149864-3.6859213978434675*I
0.4,0.101,0.00006657304889128473,115.89090323715598-1.6315110254350438*I
0.4,0.10500000000000001,0.0000728142372178865,115.35101708799795+0.33028749879601343*I
0.4,0.109,0.00007917947789521587,115.13409831176287+2.2209270168222415*I
0.4,0.113,0.00008561281220472006,115.24953075659576+4.0618703403829945*I
0.4,0.117,0.00009205471295225071,115.70996950855749+5.872533342660925*I
0.4,0.121,0.00009843610760021712,116.5362813843637+7.672760423264623*I
0.4,0.125,0.00010467817756793837,117.75817428750973+9.483328099850407*I
0.4,0.129,0.00011069298328427655,119.41513694170946+11.32632885038228*I
0.4,0.133,0.00011638127557462732,121.55971522574804+13.226555719312753*I
0.4,0.137,0.00012163248796361142,124.26057045092169+15.212496360933391*I
0.4,0.14100000000000001,0.00012632481635615857,127.60709009553173+17.317685164707935*I
0.4,0.14500000000000002,0.00013031824985865314,131.719570337994+19.58475621387107*I
0.4,0.149,0.00013346267964717937,136.75571925122458+22.066142357942372*I
0.4,0.153,0.00013559011365828246,142.93034340098328+24.830992334331878*I
0.4,0.157,0.00013651504372438883,150.54037201251347+27.972487769529636*I
0.4,0.161,0.00013603311859377044,160.00660866319967+31.620334418997402*I
0.4,0.165,0.00013391932714861018,171.9443798297987+35.96199138487606*I
0.4,0.169,0.0001299265566104108,187.28857398117677+41.28000633027176*I
0.4,0.17300000000000001,0.00012378336923549106,207.53035899608696+48.02285823202146*I
0.4,0.177,0.0001151921866257144,235.2004438279712+56.94934538204589*I
0.4,0.181,0.0001038271962800463,274.96293979392794+69.45537754226055*I
0.4,0.185,0.00008933150483830803,336.4602837694482+88.42427266043694*I
0.4,0.189,0.00007131506854339881,443.3636365043868+120.93086643406315*I
0.4,0.193,0.0000493524074270164,673.452299768198+190.2160022906219*I
0.4,0.197,0.000022978530820567368,1519.3435619594811+443.46862465864183*I
0.4,0.201,-8.313480500224324e-6,-4408.243769467668-1327.1223622316413*I
0.4,0.20500000000000002,-0.00004507622999085827,-852.8953241060424-264.36857073778344*I
0.4,0.20900000000000002,-0.00008791116016665268,-458.493319047615-146.08312145916514*I
0.4,0.213,-0.00013747314150279772,-307.2188095703165-100.46061298609153*I
0.4,0.217,-0.0001944745945678906,-227.4368577571802-76.21796262264182*I
0.4,0.221,-0.0002596899204670363,-178.2828890292504-61.14444484525507*I
0.4,0.225,-0.0003339582545167871,-145.0466828891903-50.844164706617164*I
0.4,0.229,-0.0004181975214218736,-121.13336701080249-43.34519257655612*I
0.4,0.233,-0.0005133966887053841,-103.14707718885411-37.63243813162517*I
0.4,0.23700000000000002,-0.0006206311414440257,-89.16036396688311-33.12920135654143*I
0.4,0.241,-0.0007410667249225297,-77.99823046099128-29.483669794461836*I
0.4,0.245,-0.0008760830289750893,-68.90008992533163-26.46467657590619*I
0.4,0.249,-0.0010266994205811657,-61.36711235138611-23.932218996854463*I
0.4,0.253,-0.001194745942427726,-55.03290696645339-21.766537156492276*I
0.4,0.257,-0.001381709322659209,-49.64541702362755-19.894987762741604*I
0.4,0.261,-0.0015893225906345723,-45.016183677111535-18.260731339431118*I
0.4,0.265,-0.001819459851811488,-41.00323348768607-16.820850158223777*I
0.4,0.269,-0.0020741429257860452,-37.497633937254804-15.542343880583712*I
0.4,0.273,-0.0023558778292717642,-34.41258977965931-14.397095253803625*I
0.4,0.277,-0.0026660618715342067,-31.686236243648192-13.371416332981626*I
0.4,0.281,-0.0030086165113891246,-29.257722067133567-12.440004919472297*I
0.4,0.28500000000000003,-0.0033851884027836354,-27.088344994850313-11.595784582540773*I
0.4,0.28900000000000003,-0.003799098232107308,-25.14064971597286-10.825598007653012*I
0.4,0.293,-0.004253529368990536,-23.385048461157538-10.120269984917806*I
0.4,0.297,-0.004751906908169376,-21.796877615426546-9.472117290781519*I
0.4,0.301,-0.005297915036360164,-20.35541761413475-8.874650616841494*I
0.4,0.305,-0.00589551392325433,-19.043140265437064-8.322348729742561*I
0.4,0.309,-0.006548956646020541,-17.845122642692964-7.810482651795516*I
0.4,0.313,-0.007262808536423473,-16.748582642046376-7.334976192230267*I
0.4,0.317,-0.008041966587658217,-15.742511560497181-6.892295450028365*I
0.4,0.321,-0.008890415168516037,-14.818180789150752-6.48039832417545*I
0.4,0.325,-0.009816160899908069,-13.965662158987396-6.094453673102716*I
0.4,0.329,-0.010824072140913563,-13.178563817709989-5.733187040497895*I
0.4,0.333,-0.011920582580871733,-12.450530203471526-5.39449307451008*I
0.4,0.337,-0.0131125491414146,-11.775971629280697-5.076509299056265*I
0.4,0.341,-0.014407274368098669,-11.149951618217292-4.77757874480234*I
0.4,0.34500000000000003,-0.015812585625615667,-10.568078427587059-4.49620399168029*I
0.4,0.34900000000000003,-0.01733939283082187,-10.025874252327132-4.230323932930703*I
0.4,0.353,-0.018988684834273066,-9.521608354389425-3.980923980091195*I
0.4,0.357,-0.020777616089046505,-9.0504320291834-3.7447414159295387*I
0.4,0.361,-0.02271352074064589,-8.610130356514132-3.5215157514778284*I
0.4,0.365,-0.024806897022014798,-8.19819299581664-3.310353790454548*I
0.4,0.369,-0.02706882823246563,-7.812357556732185-3.110442802460565*I
0.4,0.373,-0.029511014715594596,-7.45057806952115-2.9210389106358443*I
0.4,0.377,-0.03214575337445853,-7.111003576473973-2.7414631445986952*I
0.4,0.381,-0.03498595950808489,-6.791954078009538-2.5710922085376833*I
0.4,0.385,-0.03804515450132082,-6.491902785647398-2.4093535612377845*I
0.4,0.389,-0.04133748634931966,-6.209457476308134-2.2557187762147026*I
0.4,0.393,-0.04487767393311716,-5.943349526797494-2.1097014191723944*I
0.4,0.397,-0.04868113610089698,-5.692412824655862-1.9708458104024653*I
0.4,0.401,-0.05276346816883079,-5.4555981376963905-1.838746833167216*I
0.4,0.405,-0.05714111624579274,-5.231925561812879-1.7130119560990305*I
0.4,0.40900000000000003,-0.0618308549720139,-5.020501389064706-1.5932821573314946*I
0.4,0.41300000000000003,-0.06684983864548391,-4.820503937387334-1.4792234044018588*I
0.4,0.41700000000000004,-0.07221552132114707,-4.631176766900037-1.3705245196204339*I
0.4,0.421,-0.0779455623050446,-4.451822623139009-1.2668952323787332*I
0.4,0.425,-0.08405772011064012,-4.281797928673847-1.1680643434759361*I
0.4,0.429,-0.09056971829159303,-4.120508127487603-1.0737783136989676*I
0.4,0.433,-0.09749910881307594,-3.967403160788418-0.9837996862371235*I
0.4,0.437,-0.10486310555369623,-3.82197367478767-0.897905906544209*I
0.4,0.441,-0.1126784026941252,-3.683747531139294-0.815888159922201*I
0.4,0.445,-0.12096098174644115,-3.552286564649058-0.7375502759609078*I
0.4,0.449,-0.12972588641005092,-3.4271838830325008-0.6627078676136415*I
0.4,0.453,-0.13898699828463765,-3.3080611770289354-0.5911874037839371*I
0.4,0.457,-0.1487567885383947,-3.1945664361401405-0.5228254421397139*I
0.4,0.461,-0.1590460585817193,-3.0863718564110236-0.45746792663917635*I
0.4,0.465,-0.16986367899951704,-2.983171878908878-0.394969515123163*I
0.4,0.46900000000000003,-0.18121631176589853,-2.884681522760099-0.33519301230101234*I
0.4,0.47300000000000003,-0.1931081468880409,-2.7906347403692338-0.27800879922341626*I
0.4,0.47700000000000004,-0.20554063886499357,-2.700782981708126-0.22329432643280078*I
0.4,0.481,-0.21851225209517258,-2.6148938993038993-0.1709336711921237*I
0.4,0.485,-0.23201823760086931,-2.5327500903128604-0.12081708529492045*I
0.4,0.489,-0.24605040988769764,-2.4541480926822516-0.0728406455123176*I
0.4,0.493,-0.2605969880964351,-2.378897288548744-0.02690585440628043*I
0.4,0.497,-0.27564246880133597,-2.306818964065308+0.01708069776132349*I
0.4,0.501,-0.29116427404751616,-2.2377581822694372+0.059202068736195886*I
0.4,0.505,-0.30714602301766547,-2.1715304062956022+0.09955455618895431*I
0.4,0.509,-0.3235572275449246,-2.1080026207135862+0.13821125191740616*I
0.4,0.513,-0.3403671594461068,-2.047036071133473+0.175248026353724*I
0.4,0.517,-0.357541517074053,-1.9885003051000447+0.21073699440933882*I
0.4,0.521,-0.3750426390853639,-1.932272629889345+0.2447467230035637*I
0.4,0.525,-0.3928297937606572,-1.8782375770620194+0.2773424362592981*I
0.4,0.529,-0.4108595162106842,-1.8262864434234845+0.3085861928343818*I
0.4,0.533,-0.42908603650392546,-1.7763167802066404+0.3385370806405998*I
0.4,0.537,-0.4474616826806039,-1.7282320932914634+0.367251350115362*I
0.4,0.541,-0.4659374176782641,-1.6819413482220598+0.39478259340734245*I
0.4,0.545,-0.48446332674975334,-1.6373586865178549+0.4211818692629293*I
0.4,0.549,-0.50298915972058,-1.594403078141459+0.44649784454619285*I
0.6,0.001,1.8239733499146624e-10,-2388.396622770826+2708.2589840598107*I
0.6,0.005,2.2553517630387555e-8,-714.2094696309862+155.9186850859028*I
0.6,0.009000000000000001,1.301555563914686e-7,-410.87530276396313-12.53764233033437*I
0.6,0.013000000000000001,3.8826263285480953e-7,-282.7835770590759-54.72041413582045*I
0.6,0.017,8.594675760586023e-7,-212.10665522841595-68.64675037977744*I
0.6,0.021,1.60378290084517e-6,-167.36925929772895-73.22180234634268*I
0.6,0.025,2.679294409166063e-6,-136.540335163564-74.06014115497244*I
0.6,0.029,4.141360948936185e-6,-114.04131035862208-73.27618497436458*I
0.6,0.033,6.0436548100803585e-6,-96.9152309501314-71.7633997210563*I
0.6,0.037000000000000005,8.437168866490738e-6,-83.45728530214147-69.94430532509747*I
0.6,0.041,0.000011371801755646255,-72.60975335032128-68.02091912028975*I
0.6,0.045,0.000014894037952749948,-63.68736655769461-66.10182691963801*I
0.6,0.049,0.000019049731529129742,-56.222196039069615-64.23734953562776*I
0.6,0.053000000000000005,0.000023884608164367215,-49.88581243545808-62.44914983827906*I
0.6,0.057,0.00002943405994591537,-44.44311472476424-60.7605490001623*I
0.6,0.061,0.00003574296823494783,-39.71706469977781-59.16411154538486*I
0.6,0.065,0.000042847553296884334,-35.57522910198351-57.6616920079447*I
0.6,0.069,0.000050787708636948167,-31.915375994237014-56.24692195367779*I
0.6,0.07300000000000001,0.00005958587905274304,-28.657555814902302-54.92378416774204*I
0.6,0.077,0.00006928303146002563,-25.73839041251264-53.680141112236534*I
0.6,0.081,0.00007990611349125535,-23.10676308912178-52.51296616552837*I
0.6,0.085,0.00009148227121399513,-20.721214805257773-51.417523090637445*I
0.6,0.089,0.00010404723072993329,-18.548239443114777-50.38613558683548*I
0.6,0.093,0.0001175936923877075,-16.5580058035121-49.4235249227591*I
0.6,0.097,0.000132167341332981,-14.728431393702051-48.51799602736868*I
0.6,0.101,0.00014777782413399814,-13.039090963557973-47.66831192523882*I
0.6,0.10500000000000001,0.00016443855663994447,-11.473045063283136-46.871472538515576*I
0.6,0.109,0.00018216143652167646,-10.015832699596176-46.12453355570038*I
0.6,0.113,0.0002009592849324726,-8.65510497989245-45.42441288629559*I
0.6,0.117,0.00022081949285023645,-7.379610327678901-44.770965321295996*I
0.6,0.121,0.00024175920964911277,-6.180322361562859-44.160229673693216*I
0.6,0.125,0.0002637631395258578,-5.048644219443926-43.59175240621785*I
0.6,0.129,0.0002868258517666096,-3.977305047284486-43.06376084945443*I
0.6,0.133,0.000310933018543963,-2.9597372047133232-42.57513219184116*I
0.6,0.137,0.00033606492815519985,-1.9900484316728533-42.124963388212834*I
0.6,0.14100000000000001,0.00036219590772534253,-1.0629110816287668-41.71257535570897*I
0.6,0.14500000000000002,0.00038929622605792105,-0.17352428820841573-41.33738133001006*I
0.6,0.149,0.00041732137369221325,0.682693928042992-40.99943572172751*I
0.6,0.153,0.00044622680543884976,1.5098269503494484-40.69858502441306*I
0.6,0.157,0.00047595976137973706,2.311699806483175-40.43494261804924*I
0.6,0.161,0.0005064581608146788,3.091940794414737-40.20890476412418*I
0.6,0.165,0.0005376390756479041,3.8542387267692404-40.021536744456924*I
0.6,0.169,0.0005694150800865881,4.602037451540637-39.87388226221934*I
0.6,0.17300000000000001,0.0006016934187510787,5.3386052041896-39.76707644280743*I
0.6,0.177,0.0006343661396425556,6.067248277150822-39.702702656137355*I
0.6,0.181,0.0006672986999100519,6.791535710886038-39.68308630275409*I
0.6,0.185,0.0007003595193731437,7.514801802701873-39.710443830322305*I
0.6,0.189,0.0007333864739057082,8.24077627478474-39.78788282575323*I
0.6,0.193,0.0007662029241339431,8.973339523062448-39.91897317649543*I
0.6,0.197,0.0007986110778274863,9.716686850066388-40.107987382177726*I
0.6,0.201,0.0008304109795029193,10.475076756091385-40.35957213488178*I
0.6,0.20500000000000002,0.0008613174788490812,11.25427651001156-40.68067963959262*I
0.6,0.20900000000000002,0.0008910781851724836,12.059720914925851-41.078115092861694*I
0.6,0.213,0.000919392674936936,12.897978077202454-41.56055051670306*I
0.6,0.217,0.0009459324997067512,13.77659396030624-42.138363715271595*I
0.6,0.221,0.0009703264693153229,14.704574809183763-42.82430824521241*I
0.6,0.225,0.0009921698495624512,15.692556338590247-43.63385336431268*I
0.6,0.229,0.0010110155282249346,16.753391518845092-44.5860722238182*I
0.6,0.233,0.0010263716955966665,17.90280071559063-45.70467723392832*I
0.6,0.23700000000000002,0.0010377090901892412,19.160091660023607-47.019273699627554*I
0.6,0.241,0.0010443897686106677,20.55071510875551-48.56868541259416*I
0.6,0.245,0.0010458025690599985,22.10551881372202-50.40128388583744*I
0.6,0.249,0.0010412140609969446,23.866196827616964-52.58206051665176*I
0.6,0.253,0.0010298372864025456,25.888054707873525-55.19782312630254*I
0.6,0.257,0.0010108069981848325,28.246862880401622-58.36783248137613*I
0.6,0.261,0.0009831885989892528,31.048907208211464-62.26004128639412*I
0.6,0.265,0.0009459202092673888,34.450082040663126-67.12032548611423*I
0.6,0.269,0.0008978819141906533,38.685104233990565-73.32031781929422*I
0.6,0.273,0.0008378332249835583,44.128166959652965-81.45251613188448*I
0.6,0.277,0.0007644183026990706,51.413535498389585-92.5217114507679*I
0.6,0.281,0.0006761539918427985,61.709485904139946-108.37909347315325*I
0.6,0.28500000000000003,0.0005714273498442653,77.42953185189836-132.85015087756724*I
0.6,0.28900000000000003,0.00044847106715466126,104.49820499696064-175.325591208588*I
0.6,0.293,0.00030536063030463885,162.38049684837293-266.6603538057972*I
0.6,0.297,0.00013999562933009912,374.3555896651552-602.271313086068*I
0.6,0.301,-0.00004990945150224558,-1108.7535565323408+1749.091497335538*I
0.6,0.305,-0.00026684497331417017,-218.75709005295093+338.6787679228527*I
0.6,0.309,-0.0005135205051587682,-119.80266058254648+182.1848362718753*I
0.6,0.313,-0.0007928863932108071,-81.70162658116163+122.14157836567749*I
0.6,0.317,-0.0011081480798681468,-61.50188227675591+90.46295521510882*I
0.6,0.321,-0.0014627894689836333,-48.97650586212976+70.9380095095205*I
0.6,0.325,-0.0018605928484483707,-40.44372108277242+57.73086863237486*I
0.6,0.329,-0.0023056485391127076,-34.25315082740373+48.22559577830614*I
0.6,0.333,-0.0028024420164528834,-29.55400233542584+41.07430266339739*I
0.6,0.337,-0.0033557853577936623,-25.86383729305328+35.51231951864046*I
0.6,0.341,-0.003970909158278893,-22.888261700874978+31.073306935061428*I
0.6,0.34500000000000003,-0.004653465444268459,-20.437544763886834+27.456782464939355*I
0.6,0.34900000000000003,-0.0054095764215969224,-18.38382727315544+24.460379425654885*I
0.6,0.353,-0.0062458466879929415,-16.63784096988578+21.942859897110605*I
0.6,0.357,-0.00716943214558526,-15.135293133961785+19.802621363211085*I
0.6,0.361,-0.00818800010776604,-13.828807626801371+17.96477548385586*I
0.6,0.365,-0.00930987978918615,-12.682551044003617+16.37282940713381*I
0.6,0.369,-0.010543966969546183,-11.66905362057413+14.983449372934036*I
0.6,0.373,-0.011899862443995433,-10.766804632918285+13.762789210757969*I
0.6,0.377,-0.013387872004186988,-9.95874755308533+12.684050279591476*I
0.6,0.381,-0.015019029242540541,-9.231186220383163+11.725743813024973*I
0.6,0.385,-0.01680515966509407,-8.572978839301733+10.870432504842581*I
0.6,0.389,-0.018758894028161797,-7.974975527461792+10.10382588108127*I
0.6,0.393,-0.020893710559170924,-7.429585879123519+9.414100936235817*I
0.6,0.397,-0.02322396222247068,-6.930459001501726+8.791393728626002*I
0.6,0.401,-0.025764898925139786,-6.4722390672502135+8.227411754994476*I
0.6,0.405,-0.02853269443494156,-6.05037494751551+7.715133593904578*I
0.6,0.40900000000000003,-0.0315444534316922,-5.660974252350225+7.248576385745029*I
0.6,0.41300000000000003,-0.03481821814707038,-5.300686683931917+6.822611779960624*I
0.6,0.41700000000000004,-0.03837296560156312,-4.966611708867465+6.432819515160905*I
0.6,0.421,-0.042228588222735744,-4.656224823118134+6.0753705665819835*I
0.6,0.425,-0.04640586808346047,-4.367317160037088+5.74693235410205*I
0.6,0.429,-0.050926419172863224,-4.097948248469203+5.444591783450778*I
0.6,0.433,-0.055812645310946714,-3.84640363157629+5.165791808980619*I
0.6,0.437,-0.06108762743419291,-3.611164605663404+4.908279841081499*I
0.6,0.441,-0.06677503045656166,-3.39087934957081+4.6700641707964925*I
0.6,0.445,-0.07289896316448015,-3.184340517626823+4.449378018312749*I
0.6,0.449,-0.07948380193175641,-2.9904663477664943+4.2446495720544535*I
0.6,0.453,-0.08655406817051096,-2.8082829001458642+4.054474772999744*I
0.6,0.457,-0.09413404357337449,-2.636913999424525+3.87759933900212*I
0.6,0.461,-0.10224767704506364,-2.4755656154131866+3.712896525393769*I
0.6,0.465,-0.11091820015245851,-2.323518032527615+3.559353419062917*I
0.6,0.46900000000000003,-0.12016781681365507,-2.1801168185302915+3.4160570093447005*I
0.6,0.47300000000000003,-0.13001733791048015,-2.0447654604386107+3.2821826067247106*I
0.6,0.47700000000000004,-0.14048578202688203,-1.9169191309955176+3.1569837701940235*I
0.6,0.481,-0.1515899644363524,-1.7960788526969238+3.03978358514381*I
0.6,0.485,-0.1633437989698667,-1.6817891431522316+2.929968740496826*I
0.6,0.489,-0.17575895082527254,-1.57362347069763+2.8269754186724283*I
0.6,0.493,-0.18884255240899936,-1.4711979230290382+2.730296066688716*I
0.6,0.497,-0.2025980474675188,-1.3741550187488234+2.639465019229924*I
0.6,0.501,-0.2170244063400772,-1.2821644119381006+2.5540565524762027*I
0.6,0.505,-0.23211571751960453,-1.1949203479250023+2.473680917544773*I
0.6,0.509,-0.24786082044268695,-1.11213943390001+2.397980847760079*I
0.6,0.513,-0.264243011831223,-1.0335585903066726+2.326628414776888*I
0.6,0.517,-0.2812398108727523,-0.9589333174000149+2.259322296434475*I
0.6,0.521,-0.2988228364006046,-0.888036050026942+2.1957852710687913*I
0.6,0.525,-0.3169577692383278,-0.8206547623037215+2.1357620420731673*I
0.6,0.529,-0.3356044426362984,-0.7565916690216445+2.079017246539329*I
0.6,0.533,-0.3547170514488416,-0.695662064112724+2.0253336851246733*I
0.6,0.537,-0.37424448392379395,-0.6376932864123976+1.974510736296332*I
0.6,0.541,-0.3941307812123644,-0.5825237765591683+1.9263629210656383*I
0.6,0.545,-0.41430819913577066,-0.5300148868723864+1.8807334563720466*I
0.6,0.549,-0.43472710110406015,-0.479999566527893+1.8374344273418115*I
0.8,0.001,3.4621802714899606e-10,-1514.8778185288131-981.165924727142*I
0.8,0.005,4.28069233230973e-8,44.637125721955044-362.04260281117564*I
0.8,0.009000000000000001,2.470193389775523e-7,107.77200703602075-174.11881538435043*I
0.8,0.013000000000000001,7.368130892491564e-7,106.28518361167282-96.0167579031981*I
0.8,0.017,1.6311906958086282e-6,95.96839957003264-55.091214608729395*I
0.8,0.021,3.0447281084778275e-6,85.09948858270211-30.778663853671734*I
0.8,0.025,5.087884329452654e-6,75.27544784959038-15.16467651962785*I
0.8,0.029,7.866879060688615e-6,66.70950860284837-4.598341342222227*I
0.8,0.033,0.000011485906617970586,59.28678252807124+2.816944690804291*I
0.8,0.037000000000000005,0.000016043646755844622,52.84291434770652+8.158614082642357*I
0.8,0.041,0.000021636665840002167,47.216637420708366+12.076899294205225*I
0.8,0.045,0.000028358908563774127,42.27156302169022+14.985170310619065*I
0.8,0.049,0.000036301413161455315,37.896549887845694+17.157411716682358*I
0.8,0.053000000000000005,0.00004555170533415262,34.00188631791177+18.781645808150564*I
0.8,0.057,0.00005619328272215775,30.51495516249551+19.990633270314383*I
0.8,0.061,0.00006831331803272073,27.37548900947323+20.87838900994221*I
0.8,0.065,0.00008199866980780278,24.53473630124015+21.514226672612*I
0.8,0.069,0.00009731607279285852,21.95412247144153+21.95345900155069*I
0.8,0.07300000000000001,0.0001143477323006094,19.59971646313636+22.234840481031917*I
0.8,0.077,0.00013316906385640222,17.443721140538806+22.38918537913569*I
0.8,0.081,0.00015385320523315804,15.4627487470451+22.440609618213855*I
0.8,0.085,0.00017647376285208986,13.636934489022856+22.40796460132087*I
0.8,0.089,0.00020109578396855816,11.94942228205601+22.306801212152177*I
0.8,0.093,0.00022778841405566498,10.385638658141746+22.149157576576386*I
0.8,0.097,0.0002566189191513337,8.933031309307186+21.944835304485625*I
0.8,0.101,0.0002876524290447345,7.580719182553469+21.701876484208643*I
0.8,0.10500000000000001,0.0003209517549547621,6.319212485508456+21.426920840784142*I
0.8,0.109,0.0003565563274337692,5.140069979103058+21.126164073208837*I
0.8,0.113,0.0003945979529370098,4.036377252602184+20.801822457676096*I
0.8,0.117,0.00043505615070816797,3.0012204546092636+20.460233656158174*I
0.8,0.121,0.0004780168625856289,2.0290176471436943+20.10362909631291*I
0.8,0.125,0.0005235352303957681,1.1146538726554107+19.734690400992346*I
0.8,0.129,0.0005716647417436768,0.2535552878038451+19.355683086868936*I
0.8,0.133,0.0006224266246902593,-0.558595692473527+18.96898716927938*I
0.8,0.137,0.0006759226866815829,-1.3251307799812022+18.575387017684726*I
0.8,0.14100000000000001,0.0007322983474282935,-2.048580217918019+18.17525927468496*I
0.8,0.14500000000000002,0.0007912617156202092,-2.7347140601882423+17.773760725571325*I
0.8,0.149,0.0008531771522346826,-3.3836620306787486+17.368155713403205*I
0.8,0.153,0.0009180318276118327,-3.9984804423062257+16.96011060410191*I
0.8,0.157,0.0009858095239381039,-4.581822212642035+16.55091491681782*I
0.8,0.161,0.0010565272738984753,-5.1359024746932125+16.14130771407534*I
0.8,0.165,0.001130181525272943,-5.662848011038404+15.731992970564326*I
0.8,0.169,0.0012070110245173975,-6.163305796704584+15.32222967806444*I
0.8,0.17300000000000001,0.0012868271217111268,-6.6401203893082155+14.913692198807256*I
0.8,0.177,0.0013697287762958685,-7.094420109684197+14.506289136728096*I
0.8,0.181,0.0014557357158231103,-7.527641848993996+14.100320466329059*I
0.8,0.185,0.0015449974166731307,-7.9404125776013075+13.695662627434952*I
0.8,0.189,0.001637265209655941,-8.335417915528728+13.293313373063768*I
0.8,0.193,0.0017326685412732017,-8.713146131744788+12.893052908422767*I
0.8,0.197,0.0018312062165444644,-9.074723925935862+12.495031339390446*I
0.8,0.201,0.001932869777699233,-9.421224688345035+12.099372366415375*I
0.8,0.20500000000000002,0.0020376434843082164,-9.753672791946626+11.706174023459763*I
0.8,0.20900000000000002,0.0021455045126407522,-10.073047005710196+11.315509619242734*I
0.8,0.213,0.0022564167920965713,-10.380305601336637+10.927438122762808*I
0.8,0.217,0.002370337445448877,-10.676366455691715+10.541991872365145*I
0.8,0.221,0.002487210451927644,-10.96213036598188+10.159187619324383*I
0.8,0.225,0.002606966713572701,-11.23848280653767+9.779023807721465*I
0.8,0.229,0.0027295230072652567,-11.506298289351669+9.401480922017772*I
0.8,0.233,0.0028547790508309688,-11.766450467729712+9.02652233396319*I
0.8,0.23700000000000002,0.0029826144243310024,-12.019821625557782+8.654093577161769*I
0.8,0.241,0.003112664717509576,-12.267937926090381+8.284130385563437*I
0.8,0.245,0.003245215729181636,-12.510402320372352+7.916504758242679*I
0.8,0.249,0.0033798653604936585,-12.74878433967084+7.551128744062595*I
0.8,0.253,0.003516695615343751,-12.98330442175728+7.187910583951484*I
0.8,0.257,0.0036548855934976352,-13.21642806992196+6.826623877954418*I
0.8,0.261,0.0037944337928855587,-13.448482951763017+6.467105110219037*I
0.8,0.265,0.003935020671579427,-13.68058575262896+6.10913629471811*I
0.8,0.269,0.004076283109242549,-13.913931019900694+5.752464805404468*I
0.8,0.273,0.004217809396789079,-14.149807007987384+5.396798487254054*I
0.8,0.277,0.004359133664353202,-14.389614271175649+5.0417997144912405*I
0.8,0.281,0.004499729686420656,-14.634887678798199+4.687078171385124*I
0.8,0.28500000000000003,0.0046390039887703495,-14.887322729161808+4.3321820591595355*I
0.8,0.28900000000000003,0.0047762884115694825,-15.148806819274508+3.976587578001567*I
0.8,0.293,0.00491083078037867,-15.421459348176528+3.6196851741321217*I
0.8,0.297,0.005041786672363033,-15.707676669075754+3.260764072908605*I
0.8,0.301,0.005168208222777139,-16.01019193917021+2.8989915082748965*I
0.8,0.305,0.0052890325996417815,-16.332147867905075+2.5333875957914698*I
0.8,0.309,0.00540306925531822,-16.677188506405006+2.162793303856323*I
0.8,0.313,0.005508985274503088,-17.049577035336654+1.7858293411849122*I
0.8,0.317,0.0056052902239464,-17.454345507920685+1.4008439301554392*I
0.8,0.321,0.005690318532206245,-17.89749151592009+1.0058445647067942*I
0.8,0.325,0.005762208954969591,-18.386239324994207+0.5984057887148748*I
0.8,0.329,0.005818885217114702,-18.9293831140102+0.17555035640266298*I
0.8,0.333,0.005858031084473221,-19.537759703320337-0.2664161685119565*I
0.8,0.337,0.005877064500406391,-20.22489794421643-0.7321323979473908*I
0.8,0.341,0.00587310882612484,-21.00793262487497-1.22750049907682*I
0.8,0.34500000000000003,0.005842495168679542,-21.90974549879108-1.7607783740674328*I
0.8,0.34900000000000003,0.005782590061958531,-22.957620781011045-2.340772978078258*I
0.8,0.353,0.005688975451569021,-24.191007932953976-2.9814962900495168*I
0.8,0.357,0.005557237462381083,-25.66290167032536-3.7013943681412456*I
0.8,0.361,0.00538250486724034,-27.447879757942594-4.526438784613159*I
0.8,0.365,0.00515933505886577,-29.65460903313641-5.494525910909764*I
0.8,0.369,0.004881715974505922,-32.44766936171031-6.663066148462353*I
0.8,0.373,0.00454297817104786,-36.08907072854544-8.123494002906492*I
0.8,0.377,0.0041357365133075285,-41.02295165961399-10.030835016616969*I
0.8,0.381,0.0036518198250264956,-48.067297932269526-12.670639969099192*I
0.8,0.385,0.0030821952537757233,-58.91240964758564-16.633012367901465*I
0.8,0.389,0.0024170884474149015,-77.70430990197109-23.363307335452447*I
0.8,0.393,0.0016448891419802152,-118.08170069099636-37.629449028024396*I
0.8,0.397,0.0007540729159509463,-266.3642353505873-89.56135898183395*I
0.8,0.401,-0.0002689174320632218,772.3576804845737+272.9238428520334*I
0.8,0.405,-0.0014387442593550566,149.2765138530551+55.23690110589901*I
0.8,0.40900000000000003,-0.0027715369101700823,80.13047447886755+30.946479622017502*I
0.8,0.41300000000000003,-0.004284916830423396,53.59599243711888+21.537400892965227*I
0.8,0.41700000000000004,-0.005998716235503488,39.5933645397461+16.506516163724694*I
0.8,0.421,-0.007933147655778884,30.963843102838688+13.357465990122403*I
0.8,0.425,-0.010110846049433084,25.128169633850963+11.188759179624858*I
0.8,0.429,-0.012558045591851369,20.929175794287687+9.59477841780645*I
0.8,0.433,-0.015301249970743667,17.772165558058436+8.368787785987816*I
0.8,0.437,-0.01836970906749216,15.31911216754457+7.392730100704862*I
0.8,0.441,-0.021794970178093395,13.363847908105702+6.594569406530877*I
0.8,0.445,-0.02561086746250389,11.773481793503121+5.9278571970516385*I
0.8,0.449,-0.029853556208075168,10.45848492224526+5.3612792943223155*I
0.8,0.453,-0.03456140069402295,9.356338583246457+4.872955111776739*I
0.8,0.457,-0.039775338340424085,8.422015686445677+4.447075314852985*I
0.8,0.461,-0.04553814932853721,7.622310042764926+4.0719851840178345*I
0.8,0.465,-0.051894658545466564,6.9321623666949135+3.738860408244761*I
0.8,0.46900000000000003,-0.058891222872752585,6.3323160018898035+3.440905462768884*I
0.8,0.47300000000000003,-0.06657567314306485,5.807714281053919+3.1727801046407005*I
0.8,0.47700000000000004,-0.07499647947341856,5.346425877392106+2.930239974198897*I
0.8,0.481,-0.0842024791300435,4.938863411227683+2.7098523512168855*I
0.8,0.485,-0.09424192141813395,4.5772399491879545+2.5088143366975983*I
0.8,0.489,-0.10516158433372302,4.255164683364334+2.324810473932349*I
0.8,0.493,-0.1170059930573705,3.967339963222591+2.155903600926541*I
0.8,0.497,-0.12981584064649845,3.7093428631256895+2.000464928663941*I
0.8,0.501,-0.1436278893205484,3.477439964255914+1.8570970561491453*I
0.8,0.505,-0.15847201540384376,3.2684740767639044+1.7246124120371855*I
0.8,0.509,-0.17437079785613344,3.0797482385694286+1.6019812216137435*I
0.8,0.513,-0.19133798638928887,2.90894643850891+1.488306098296124*I
0.8,0.517,-0.20937641898903298,2.7540728229884572+1.3828044899843313*I
0.8,0.521,-0.22847757145857553,2.6133939284325955+1.2847836162221062*I
0.8,0.525,-0.24861978693277875,2.485400431326362+1.1936306152638667*I
0.8,0.529,-0.26976743244658935,2.368772005825604+1.1087996502997073*I
0.8,0.533,-0.2918702377701372,2.2623491999048095+1.0298022206790467*I
0.8,0.537,-0.3148629985071017,2.16511024762976+0.9561992338566798*I
0.8,0.541,-0.3386657517936684,2.0761516995309512+0.88759431860108*I
0.8,0.545,-0.36319019479870124,1.9946593077666512+0.8236147951820634*I
0.8,0.549,-0.38832213684812306,1.919938582145814+0.7639536018540887*I
0.9,0.001,5.387088346065624e-10,-735.4372434767934-743.8041806161734*I
0.9,0.005,6.653072319091658e-8,172.67461300022921-121.9736819568611*I
0.9,0.009000000000000001,3.8351610334728974e-7,118.47415324448357+6.817091111877863*I
0.9,0.013000000000000001,1.1428038504296035e-6,72.89309206552484+39.69309137876225*I
0.9,0.017,2.527583760608738e-6,43.063351866892965+47.50018960110666*I
0.9,0.021,4.713613190153378e-6,23.349779474139225+46.93749231075309*I
0.9,0.025,7.869798241966447e-6,9.992442201293315+43.33888344491339*I
0.9,0.029,0.00001215870788077049,0.7645118437383821+38.7133541205687*I
0.9,0.033,0.000017737120956527312,-5.681558633744135+33.88905252833246*I
0.9,0.037000000000000005,0.000024756211883748436,-10.193527817770596+29.21973624688765*I
0.9,0.041,0.00003336231835576247,-13.32503780523352+24.852078649169265*I
0.9,0.045,0.000043696767922847296,-15.450079931847654+20.838094474714218*I
0.9,0.049,0.000055896453420173025,-16.828570685640454+17.18530109339329*I
0.9,0.053000000000000005,0.00007009472874608154,-17.645579454507224+13.880582683499544*I
0.9,0.057,0.00008641999910640243,-18.036014950515014+10.901973341268937*I
0.9,0.061,0.00010499760662169812,-18.099804654035886+8.224308885368735*I
0.9,0.065,0.00012595338822200136,-17.91194730489171+5.822208812593674*I
0.9,0.069,0.0001494156147478613,-17.529578706266395+3.6717214346715115*I
0.9,0.07300000000000001,0.00017544833611132812,-17.000464483792562+1.7491220999250698*I
0.9,0.077,0.00020422263688116022,-16.355703984412735+0.034992673973567624*I
0.9,0.081,0.000235827650738637,-15.624201536249181-1.4897905474778679*I
0.9,0.085,0.000270370482965867,-14.82791045939692-2.8421183423195866*I
0.9,0.089,0.0003080006503648804,-13.983590932364955-4.0363585701933395*I
0.9,0.093,0.0003486924283671618,-13.107946119006884-5.088663559862631*I
0.9,0.097,0.0003926651281328878,-12.210213541435929-6.009080798813101*I
0.9,0.101,0.0004399851729143277,-11.30047077673285-6.809400180705382*I
0.9,0.10500000000000001,0.000490815866713656,-10.38604710277978-7.498806490570769*I
0.9,0.109,0.0005451175515013283,-9.47428499828989-8.08832611921838*I
0.9,0.113,0.0006030458068362494,-8.569860650042633-8.585315063201387*I
0.9,0.117,0.0006646911193410712,-7.677075036600303-8.99731772652419*I
0.9,0.121,0.0007301422863750257,-6.799470477682467-9.331215572160858*I
0.9,0.125,0.0007994054279369705,-5.939972205341742-9.593965445928035*I
0.9,0.129,0.0008727090997164151,-5.100905959122956-9.790065183833486*I
0.9,0.133,0.0009500638945257745,-4.284268187394769-9.925460755660414*I
0.9,0.137,0.0010316224373346184,-3.491662309722044-10.004614070412224*I
0.9,0.14100000000000001,0.0011173563448349348,-2.7243461788601984-10.03267001600048*I
0.9,0.14500000000000002,0.0012074005950841688,-1.9833363673206903-10.01344795325606*I
0.9,0.149,0.001301830853087121,-1.2694219149848707-9.950809706798413*I
0.9,0.153,0.0014009097413417522,-0.5835247942696092-9.847648384965716*I
0.9,0.157,0.0015042126642623081,0.07481455362028315-9.709116929625615*I
0.9,0.161,0.0016122436253132228,0.7045056615716109-9.536699739205364*I
0.9,0.165,0.001724961150318216,1.3056085873746042-9.333687851414716*I
0.9,0.169,0.001842435036044655,1.878057747984089-9.102766057873811*I
0.9,0.17300000000000001,0.0019647373677764567,2.421872476731585-8.846433210104346*I
0.9,0.177,0.0020919561992887438,2.937122587803004-8.56699759497711*I
0.9,0.181,0.0022241164507900337,3.4240443614921605-8.266728749332612*I
0.9,0.185,0.0023613096645460126,3.882824200263689-7.947631840168105*I
0.9,0.189,0.002503707904732349,4.313577539917632-7.611510991537664*I
0.9,0.193,0.002651137287273313,4.716987834461895-7.260462423952766*I
0.9,0.197,0.0028037865288853187,5.093219818516786-6.896015495153022*I
0.9,0.201,0.0029617144653245765,5.442668354834193-6.51976758493288*I
0.9,0.20500000000000002,0.003124975431110623,5.765760820854887-6.133221555536506*I
0.9,0.20900000000000002,0.0032936230112885568,6.0629475137606645-5.737788694526742*I
0.9,0.213,0.003467715417030754,6.3346914946364645-5.334793296914123*I
0.9,0.217,0.0036472965722738134,6.58148983850625-4.9254860980474415*I
0.9,0.221,0.0038324247194981356,6.803834720653072-4.511038006137097*I
0.9,0.225,0.004023123259312486,7.002269174177736-4.09255685232143*I
0.9,0.229,0.00421945934861116,7.177294196310786-3.671075526677097*I
0.9,0.233,0.004421425395920744,7.329496456091432-3.2475702163893962*I
0.9,0.23700000000000002,0.0046290789073910365,7.459396169233072-2.82295098964929*I
0.9,0.241,0.004842392770703165,7.567596475727914-2.398067849689344*I
0.9,0.245,0.005061541100479263,7.654520760272179-1.973736053833751*I
0.9,0.249,0.005286691033840947,7.720626011401431-1.5507424018980762*I
0.9,0.253,0.005517223034185958,7.76698298055223-1.1296786687037987*I
0.9,0.257,0.005753490154668253,7.793860022978891-0.7112379512445712*I
0.9,0.261,0.005995460992760194,7.801837830807535-0.2960132244750652*I
0.9,0.265,0.006242836820490001,7.791652568249546+0.11552512654131515*I
0.9,0.269,0.006496648782818483,7.763216599267168+0.5225661970190832*I
0.9,0.273,0.006755504652118243,7.7179117828356665+0.9250355909052796*I
0.9,0.277,0.007019509383045431,7.656147372199054+1.322492191400317*I
0.9,0.281,0.00728927185404177,7.578112839298218+1.7143435754001226*I
0.9,0.28500000000000003,0.0075642609379841155,7.484577022110452+2.1004051896838765*I
0.9,0.28900000000000003,0.007844467890945974,7.3760249635107416+2.4803575570291887*I
0.9,0.293,0.008129501789292963,7.253080678595568+2.854058176572165*I
0.9,0.297,0.008419271753619308,7.1162198097840745+3.221290159727426*I
0.9,0.301,0.008713450665174007,6.965982140620091+3.5819621372248855*I
0.9,0.305,0.009011739372272598,6.802866182590065+3.9360080747488766*I
0.9,0.309,0.009313763566522191,6.627361916276924+4.283427526422106*I
0.9,0.313,0.009619123698470376,6.439932212352993+4.624267388217156*I
0.9,0.317,0.009927186612165932,6.241056797636576+4.958701915017975*I
0.9,0.321,0.01023744473370712,6.031139623487689+5.286899368957587*I
0.9,0.325,0.010549193589944437,5.810582318877415+5.609144490483414*I
0.9,0.329,0.010861768960424293,5.579731086328009+5.925752952744691*I
0.9,0.333,0.01117451043934084,5.338889639133681+6.23708987710998*I
0.9,0.337,0.01148520060896808,5.088475889924535+6.544171113647935*I
0.9,0.341,0.011793217308008587,4.82862492566899+6.847464042977847*I
0.9,0.34500000000000003,0.012097089864317049,4.559496805753722+7.147834040917815*I
0.9,0.34900000000000003,0.012395120384311504,4.281173111036518+7.446319115676648*I
0.9,0.353,0.012685350030713995,3.9936408520361097+7.744160182299858*I
0.9,0.357,0.012964589214396846,3.6967808141593057+8.0431850637388*I
0.9,0.361,0.013233036246904568,3.390299601238997+8.34412448034513*I
0.9,0.365,0.013486047140665562,3.0738835573617678+8.649688582820136*I
0.9,0.369,0.013718850937974942,2.746689529837484+8.962973342646093*I
0.9,0.373,0.013928504156740809,2.4078602560943407+9.28666236935682*I
0.9,0.377,0.014110721021404734,2.0561609944649244+9.624415020864129*I
0.9,0.381,0.014260139099809043,1.6898725430891466+9.980908837083595*I
0.9,0.385,0.014370471144953387,1.306662202445066+10.36200029461617*I
0.9,0.389,0.014434790627843004,0.9034653356497059+10.77493176141188*I
0.9,0.393,0.014446431808327689,0.476487126936216+11.228431511067882*I
0.9,0.397,0.014395686194090061,0.020158393730952226+11.734692699384013*I
0.9,0.401,0.01427232274475046,-0.4728980098875169+12.309425748182017*I
0.9,0.405,0.01406464202846641,-1.0128713266773652+12.973843478708817*I
0.9,0.40900000000000003,0.013759318132639569,-1.6141157992097253+13.757314845601131*I
0.9,0.41300000000000003,0.013341062184806912,-2.29743030193236+14.701823488694211*I
0.9,0.41700000000000004,0.012792623952243027,-3.0938596302987382+15.869457552375218*I
0.9,0.421,0.01209522711796778,-4.051246560244365+17.355847895052502*I
0.9,0.425,0.011224536310316608,-5.250378437203398+19.319617149289506*I
0.9,0.429,0.010156197872508838,-6.831369842325361+22.037425395981113*I
0.9,0.433,0.008861518887646382,-9.06752203366158+26.046971968360722*I
0.9,0.437,0.007308097999510149,-12.568842411144578+32.54719892721659*I
0.9,0.441,0.0054594321571781465,-19.030212017816318+44.8677003275818*I
0.9,0.445,0.003274508461256053,-35.570752188737465+76.99129880911609*I
0.9,0.449,0.0007073857950438321,-183.21799832278916+366.6185858875304*I
0.9,0.453,-0.002293218121177971,62.48131888821311-116.28386622135149*I
0.9,0.457,-0.0057843191019767825,27.230314205664847-47.38631538743196*I
0.9,0.461,-0.009829015622442504,17.527628675756432-28.65616834688856*I
0.9,0.465,-0.014496769536925358,12.940020380677668-19.96179106493783*I
0.9,0.46900000000000003,-0.01986356868531109,10.241163894135349-14.966251593443205*I
0.9,0.47300000000000003,-0.02601196050452639,8.449086060143827-11.740627272080314*I
0.9,0.47700000000000004,-0.03303086284305818,7.163666389026401-9.498828251121147*I
0.9,0.481,-0.041015086486432234,6.191238149845238-7.860297375945298*I
0.9,0.485,-0.0500645661406338,5.426598731483059-6.618285276300494*I
0.9,0.489,-0.060274918551921,4.8081770231321315-5.650933589030978*I
0.9,0.493,-0.07176550578062416,4.29582686580034-4.881077419814549*I
0.9,0.497,-0.08463907732455903,3.8641492383940292-4.2581621998607195*I
0.9,0.501,-0.09900308715011619,3.4952913119211564-3.7472823886910622*I
0.9,0.505,-0.11493347803189762,3.1770818406053585-3.3238651215755524*I
0.9,0.509,-0.13254759190358573,2.8994995400778882-2.9694763190384923*I
0.9,0.513,-0.15187867783842185,2.6561975285181854-2.670825731962071*I
0.9,0.517,-0.17300796009130848,2.4412963823056373-2.4173554824107644*I
0.9,0.521,-0.19595170861905506,2.2507118668713177-2.2010752969192544*I
0.9,0.525,-0.22071835054044958,2.0809750562955953-2.0155982258757157*I
0.9,0.529,-0.24723279741676638,1.9295844261905728-1.8559333774937512*I
0.9,0.533,-0.27543133659657576,1.794142729331348-1.7179165931220268*I
0.9,0.537,-0.30518946550984005,1.672775734031869-1.59819079788043*I
0.9,0.541,-0.3363412547890746,1.5638971682002114-1.4939840655578218*I
0.9,0.545,-0.3686812450997956,1.4661507763851938-1.4029905994847616*I
0.9,0.549,-0.40195863690640354,1.3783914160304258-1.323287946527264*I
0.99,0.001,1.179982752432899e-9,196.44071094064878-145.76680089374074*I
0.99,0.005,1.4527971012786687e-7,29.41608385429048-39.80642021816627*I
0.99,0.009000000000000001,8.35024785251813e-7,3.574411067326402+27.5818103097716*I
0.99,0.013000000000000001,2.481379775903194e-6,-19.356549208622486+2.1077013317943742*I
0.99,0.017,5.4738087511179105e-6,-6.490637867551421-13.582864499518255*I
0.99,0.021,0.000010182412005185307,6.7641678093836575-10.296003926228778*I
0.99,0.025,0.000016959701874629337,10.40953724943789-1.0178872321792234*I
0.99,0.029,0.00002614214465462183,6.97424236702472+5.8644181394014465*I
0.99,0.033,0.000038051449194849806,1.1785986965861042+8.005339445323058*I
0.99,0.037000000000000005,0.000052995845494128286,-3.648575929570305+6.313306470650183*I
0.99,0.041,0.00007127084074184737,-6.068185290500012+2.715442996171497*I
0.99,0.045,0.00009316081338248994,-6.031625204833642-1.0294310251813985*I
0.99,0.049,0.00011893895413355296,-4.234955421455577-3.7794071031107164*I
0.99,0.053000000000000005,0.0001488685714160881,-1.6081495907884877-5.050586458240165*I
0.99,0.057,0.00018320350854603384,1.0064461469356567-4.8747817593664236*I
0.99,0.061,0.00022218880695003677,3.012615836650348-3.6039455711043096*I
0.99,0.065,0.00026606134915083346,4.102407621291893-1.7283270705531644*I
0.99,0.069,0.00031505020177407335,4.226461328087254+0.26294446989917064*I
0.99,0.07300000000000001,0.00036937706033744484,3.527983380054875+1.971820280396008*I
0.99,0.077,0.0004292562439935599,2.265567699168767+3.136144796307967*I
0.99,0.081,0.0004948967685576616,0.7410574537720361+3.6386978535935115*I
0.99,0.085,0.0005665001038966722,-0.7584891148637302+3.491315527422553*I
0.99,0.089,0.0006442621633451284,-2.000988657387037+2.804268908281089*I
0.99,0.093,0.0007283730566788632,-2.831527219206227+1.7495132868031404*I
0.99,0.097,0.0008190172552034813,-3.178732879251851+0.5243485428188409*I
0.99,0.101,0.0009163745764432905,-3.048729031382871-0.680016282366972*I
0.99,0.10500000000000001,0.001020619081389541,-2.5105418962093813-1.7023901093300269*I
0.99,0.109,0.0011319200933774787,-1.6767194794027585-2.4269597449393254*I
0.99,0.113,0.0012504421948635696,-0.6824893630189289-2.7902553373491807*I
0.99,0.117,0.0013763453392137011,0.3338940976101146-2.7807427212777673*I
0.99,0.121,0.0015097849804660787,1.2477058828386998-2.432597141521385*I
0.99,0.125,0.0016509120966826736,1.960044334198703-1.8154588068828115*I
0.99,0.129,0.0017998731635665093,2.4053723625113514-1.021990157242972*I
0.99,0.133,0.001956811072505111,2.554382859394328-0.15489375697641344*I
0.99,0.137,0.002121863902218544,2.4126936067005995+0.6852048746783747*I
0.99,0.14100000000000001,0.002295165313529711,2.0161871616736367+1.4099755541571786*I
0.99,0.14500000000000002,0.0024768461555546633,1.4239640078296751+1.9510025647224551*I
0.99,0.149,0.0026670319627820267,0.7099406976312399+2.2644797842640134*I
0.99,0.153,0.002865844660616147,-0.04593369745965543+2.3329641857535193*I
0.99,0.157,0.003073401480947981,-0.7659825637893494+2.164436577366088*I
0.99,0.161,0.0032898155675108163,-1.3819413075162585+1.789114166716296*I
0.99,0.165,0.003515198758156508,-1.8404551221702385+1.2545852039801364*I
0.99,0.169,0.003749656050430442,-2.1066475111147986+0.6199059405299507*I
0.99,0.17300000000000001,0.003993286297617397,-2.1656922375675256-0.050715136431244534*I
0.99,0.177,0.0042461871004614874,-2.022477310077082-0.6940591086135596*I
0.99,0.181,0.004508450920169293,-1.6996082527321899-1.2533577856504878*I
0.99,0.185,0.00478016557514555,-1.2340925671245009-1.6827125256319764*I
0.99,0.189,0.005061415806542746,-0.6731129814059094-1.9502042267556055*I
0.99,0.193,0.005352278163751508,-0.06932747640166728-2.039581174278206*I
0.99,0.197,0.005652826348590025,0.5238941930018983-1.950527475739827*I
0.99,0.201,0.005963130425366387,1.0568964793539934-1.6976224514956197*I
0.99,0.20500000000000002,0.006283254525014875,1.487530886819485-1.3081966095337305*I
0.99,0.20900000000000002,0.006613257686308765,1.7840678453146803-0.819342894774836*I
0.99,0.213,0.006953193694163959,1.9270844535798552-0.2743856889701549*I
0.99,0.217,0.007303110048329253,1.9102700589143982+0.28088053043326194*I
0.99,0.221,0.007663049956549337,1.7401761790618824+0.8018846419234696*I
0.99,0.225,0.008033050543907095,1.4350126054496068+1.248633016500404*I
0.99,0.229,0.008413144898814024,1.0226483553808268+1.588508926052446*I
0.99,0.233,0.008803348551569702,0.5380240572068773+1.7983505118869223*I
0.99,0.23700000000000002,0.009203687916859903,0.020199331207815686+1.8657086333411121*I
0.99,0.241,0.009614172866992524,-0.49072343609891445+1.7892586993324318*I
0.99,0.245,0.010034806279383654,-0.9565798305771965+1.5783858569337228*I
0.99,0.249,0.010465589828483406,-1.343822735455717+1.2520284534719468*I
0.99,0.253,0.010906489002404611,-1.6257325216329592+0.8369120603807924*I
0.99,0.257,0.011357526549717837,-1.7840308773381528+0.36532232665277026*I
0.99,0.261,0.011818630687729736,-1.8098453708069795-0.12738986292690715*I
0.99,0.265,0.012289795035360521,-1.703956661625964-0.605402660204797*I
0.99,0.269,0.012770954477038734,-1.476396936386095-1.034923777314281*I
0.99,0.273,0.013262076140299119,-1.1454232831096638-1.3864445111697583*I
0.99,0.277,0.013763068435181975,-0.735996725407186-1.6366081402517472*I
0.99,0.281,0.014273878021534186,-0.2778646085245504-1.7695878953968174*I
0.99,0.28500000000000003,0.014794409181766423,0.19658437348512575-1.7779157324964217*I
0.99,0.28900000000000003,0.015324567452335083,0.65456296606041-1.662726550052268*I
0.99,0.293,0.01586424279279391,1.0650668207446197-1.4334352942661013*I
0.99,0.297,0.016413313481657858,1.4008629205377903-1.1068897183608348*I
0.99,0.301,0.016971646731927904,1.6401675128561233-0.7060754405263039*I
0.99,0.305,0.017539086227777518,1.7679213130926899-0.25847317246925255*I
0.99,0.309,0.018115476902010454,1.776596766796634+0.20581557717235405*I
0.99,0.313,0.018700640743260437,1.6665111549596305+0.6560487828667549*I
0.99,0.317,0.01929438205020374,1.4456397945123658+1.0628096717122673*I
0.99,0.321,0.019893441189072405,1.1289895507730277+1.3999860086700746*I
0.99,0.325,0.020506740675644283,0.7373864278161559+1.6455864174103305*I
0.99,0.329,0.021124879149064753,0.2963613630431619+1.7845341897013374*I
0.99,0.333,0.02175064858638134,-0.16578198356761675+1.8079911550303533*I
0.99,0.337,0.022383760490698696,-0.6196037215253051+1.7145590334227987*I
0.99,0.341,0.023023908444090448,-1.0363648467419755+1.5101116200970914*I
0.99,0.34500000000000003,0.023670762813062046,-1.38975806719392+1.2073507505431469*I
0.99,0.34900000000000003,0.024323970297662673,-1.6574628529861468+0.8249684017009472*I
0.99,0.353,0.024983154985965043,-1.822440302740236+0.38647346082314904*I
0.99,0.357,0.025647905045654843,-1.8739013805537594-0.08124308175478766*I
0.99,0.361,0.02631778897111951,-1.8078990312870309-0.549514509875125*I
0.99,0.365,0.02699234103779569,-1.6275229959140112-0.9895864954635445*I
0.99,0.369,0.027671060999371628,-1.342691895351912-1.374288668965048*I
0.99,0.373,0.028347264584441964,-0.9695738552728991-1.6798354715826644*I
0.99,0.377,0.029032355991274874,-0.5295501510985382-1.8862567301793463*I
0.99,0.381,0.029719992981923474,-0.04824251418721959-1.9798975644807182*I
0.99,0.385,0.030409428826258557,0.4461429027827722-1.953319614041924*I
0.99,0.389,0.03110055484638535,0.9243041820361684-1.805933728447128*I
0.99,0.393,0.03179153761568362,1.3575249911508376-1.544125749420383*I
0.99,0.397,0.032483671105074614,1.7191296579265012-1.180852030610287*I
0.99,0.401,0.033171788959889266,1.986258807031789-0.7350947544815121*I
0.99,0.405,0.03385686245602287,2.1407219905989483-0.2307533123031194*I
0.99,0.40900000000000003,0.03453753866565606,2.170301846179714+0.304481351241965*I
0.99,0.41300000000000003,0.035212120265408826,2.06940497923175+0.8405888110819107*I
0.99,0.41700000000000004,0.03587856078335337,1.83943393026531+1.3467695079500486*I
0.99,0.421,0.03653382126869541,1.4888078777148066+1.7930538686235673*I
0.99,0.425,0.037173889764677566,1.032596741470068+2.151850675847408*I
0.99,0.429,0.03779654141167251,0.4918420659308059+2.3992621962427143*I
0.99,0.433,0.03839278965028516,-0.1074585237799407+2.51659658350724*I
0.99,0.437,0.03896011979404784,-0.7355015798699273+2.4908622150958886*I
0.99,0.441,0.03947727334462974,-1.3605884346960249+2.316106562463306*I
0.99,0.445,0.03993889105026541,-1.9499124932951672+1.9925942608564657*I
0.99,0.449,0.040315274031975365,-2.4721776204121544+1.5274695959738698*I
0.99,0.453,0.04057470556859553,-2.898423965227903+0.9332553841190253*I
0.99,0.457,0.04067549290715341,-3.203334003564224+0.22656542924891254*I
0.99,0.461,0.04055098461331985,-3.36640316003726-0.5743253133712567*I
0.99,0.465,0.04011089495531168,-3.371517389688529-1.4530510064554714*I
0.99,0.46900000000000003,0.03922591333954976,-3.2056240679969576-2.40078058324896*I
0.99,0.47300000000000003,0.03771263986008839,-2.8544113297333062-3.4259643285869648*I
0.99,0.47700000000000004,0.035313156830398,-2.2916652031352043-4.574159473458012*I
0.99,0.481,0.03166537963783102,-1.4509307394190947-5.978245431514679*I
0.99,0.485,0.026269860493800798,-0.1317491185437502-8.023601314472192*I
0.99,0.489,0.018430824481913195,2.4644790010209547-12.172179179214933*I
0.99,0.493,0.007228022251675795,13.730494909368852-31.63837255226623*I
0.99,0.497,-0.00854543734893472,-18.287025923178405+26.074484784849975*I
0.99,0.501,-0.030401216475519438,-7.057130675082516+6.7821311095953245*I
0.99,0.505,-0.0601093710390539,-4.52416951997606+2.972455313133882*I
0.99,0.509,-0.09957045364191801,-3.276894621281798+1.4134719628356223*I
0.99,0.513,-0.1504617504936558,-2.4944467367214243+0.6201016322582529*I
0.99,0.517,-0.2137348881370901,-1.9503263452450268+0.17668369169396342*I
0.99,0.521,-0.28901841352252705,-1.5528580131670655-0.08327450098909407*I
0.99,0.525,-0.37398060296994223,-1.2546042970985447-0.2410822596326463*I
0.99,0.529,-0.464536498916661,-1.0257185813863001-0.34078193352805675*I
0.99,0.533,-0.5554593157077989,-0.8454570717893818-0.40739860633476815*I
0.99,0.537,-0.6412546832848054,-0.6986957837257929-0.4552743345759882*I
0.99,0.541,-0.7178103748417977,-0.5740151458882344-0.4919219572649683*I
0.99,0.545,-0.7827908615150956,-0.46312324205453725-0.5207681421486636*I
0.99,0.549,-0.8356759495513713,-0.3602726974906513-0.5427173448857189*I
0.999,0.001,1.5507448979277644e-9,20.029289937344334-67.448058793887*I
0.999,0.005,1.9066788384524075e-7,9.498914375646677-10.616646443867673*I
0.999,0.009000000000000001,1.0945185582415245e-6,6.274676327341656+4.978249455459061*I
0.999,0.013000000000000001,3.2485261417157566e-6,5.330762317965708-1.7498531437397393*I
0.999,0.017,7.158398086201055e-6,-3.3265093684087903-2.7874857695688964*I
0.999,0.021,0.00001330123037145112,1.7535801660544768+3.090587862402059*I
0.999,0.025,0.000022129688102815685,-1.6759539124575817-2.5104533513430565*I
0.999,0.029,0.0000340787679504118,2.1628415605186464+1.4978771369450072*I
0.999,0.033,0.00004956394833745852,-2.337063191809194-0.005550163184723106*I
0.999,0.037000000000000005,0.00006896680674911641,1.502224497668456-1.4773087100733715*I
0.999,0.041,0.00009266186856418786,0.24261944108471106+1.9063657470646784*I
0.999,0.045,0.00012100879566575554,-1.623916744997066-0.7029074304801805*I
0.999,0.049,0.00015438374655463407,1.2305509222890574-1.0871571674391007*I
0.999,0.053000000000000005,0.00019309245724496415,0.5501588422274942+1.431733241063565*I
0.999,0.057,0.00023743980804235188,-1.4362009185481563+0.11601361833716871*I
0.999,0.061,0.0002877306754130943,0.19578803100219955-1.3460598424010328*I
0.999,0.065,0.0003443146025654412,1.2257561953364025+0.40028283634493395*I
0.999,0.069,0.00040750541269411636,-0.5214627268315281+1.1105225625250392*I
0.999,0.07300000000000001,0.00047742152137953645,-1.0166769249223817-0.5816796706752201*I
0.999,0.077,0.0005544062948554853,0.5977002764514113-0.949084137682242*I
0.999,0.081,0.0006387433723126695,0.9067696184282181+0.5808390061732897*I
0.999,0.085,0.0007308097617352343,-0.5379172329298438+0.8857080306417667*I
0.999,0.089,0.0008306822811229539,-0.8804059881812836-0.4729789112509728*I
0.999,0.093,0.0009385485620710231,0.3882398732569808-0.8843763425237363*I
0.999,0.097,0.0010545647194484808,0.8905932099415821+0.28527798396187437*I
0.999,0.101,0.0011792678865342509,-0.16571517850405526+0.8916404176493917*I
0.999,0.10500000000000001,0.0013127244207311864,-0.880273204746788-0.032200035685815684*I
0.999,0.109,0.0014552161513182798,-0.1112560743154148-0.849512130393815*I
0.999,0.113,0.0016066235213391166,0.7933931228140914-0.25871259136927577*I
0.999,0.117,0.0017673125744355474,0.40242109986826724+0.7073952132139483*I
0.999,0.121,0.0019377393125836668,-0.5893181733138347+0.5329684995049321*I
0.999,0.125,0.0021178230471413104,-0.6398807511553675-0.4401010661849138*I
0.999,0.129,0.0023075361477831423,0.264261460380535-0.7124581991203385*I
0.999,0.133,0.0025073591974556987,0.7409054715083847+0.07020950569291004*I
0.999,0.137,0.0027175637442835928,0.129827028812495+0.7178794883465474*I
0.999,0.14100000000000001,0.002937800154585988,-0.6400104324666825+0.3205033594906856*I
0.999,0.14500000000000002,0.0031693576164450797,-0.4847373138636823-0.5088384880723981*I
0.999,0.149,0.003410651247927139,0.33228802136878816-0.6054528536151043*I
0.999,0.153,0.003662927239982682,0.6677570254805326+0.12419911671788962*I
0.999,0.157,0.003925789631541648,0.0959144801625653+0.6615493842804975*I
0.999,0.161,0.004200038659721567,-0.5835242373520029+0.3047482489002949*I
0.999,0.165,0.004485975227088612,-0.47766311170150305-0.4389078125690575*I
0.999,0.169,0.0047826024599467885,0.24210005702429832-0.592074352942004*I
0.999,0.17300000000000001,0.0050897013541026355,0.6309918848634428+0.015736497868262415*I
0.999,0.177,0.005409404274644992,0.21146363465828316+0.5861395740738212*I
0.999,0.181,0.005740280412661539,-0.4607119208994161+0.4081767068235692*I
0.999,0.185,0.006083551375758011,-0.5451714184867684-0.26985453550655014*I
0.999,0.189,0.006437687375827688,0.03993717300858424-0.6002046405547073*I
0.999,0.193,0.0068029104673843115,0.5623799067974296-0.1948170981767385*I
0.999,0.197,0.007181325947875236,0.3972273840551829+0.43503254138952524*I
0.999,0.201,0.007571285671399873,-0.23678923350480838+0.5331823737714073*I
0.999,0.20500000000000002,0.007972879263166904,-0.5780294356220718+0.0005741545421164245*I
0.999,0.20900000000000002,0.008386043134534041,-0.23666522727057773-0.5218275943999785*I
0.999,0.213,0.008810309267523556,0.37237725751266854-0.42926327457333036*I
0.999,0.217,0.009249147528415554,0.5420363345346525+0.15498549013581162*I
0.999,0.221,0.00969727815330533,0.09071751342804464+0.5522036029835249*I
0.999,0.225,0.010158922453199676,-0.45565800742801965+0.31803915122073173*I
0.999,0.229,0.01063168168079251,-0.4817968629061595-0.26944457632118984*I
0.999,0.233,0.01111655128529424,0.029363277993343324-0.5478287895907269*I
0.999,0.23700000000000002,0.011612962502987522,0.5007840618838625-0.21619433596082946*I
0.999,0.241,0.012123178630209166,0.4157821776200044+0.348457945256487*I
0.999,0.245,0.012641917407772608,-0.12172402701880533+0.5259263606140093*I
0.999,0.249,0.013172907511469758,-0.52107078751185+0.13137149449716096*I
0.999,0.253,0.013716626862773139,-0.3551033272931867-0.4003193921763195*I
0.999,0.257,0.014271164292914338,0.18902270929097825-0.49845813392544586*I
0.999,0.261,0.014838917434458912,0.5271523594121791-0.06585052706723163*I
0.999,0.265,0.015415187240848413,0.3055193984571233+0.43266849611416636*I
0.999,0.269,0.016003331281128477,-0.2352973633954199+0.47297802654935567*I
0.999,0.273,0.016601668834779183,-0.5267535671401395+0.019167919296027888*I
0.999,0.277,0.01720961394027014,-0.2695849523262883-0.4518427616949685*I
0.999,0.281,0.01782869962926883,0.2646079854968208-0.4539042510337861*I
0.999,0.28500000000000003,0.018456505717877592,0.5247785886570976+0.010162345672245152*I
0.999,0.28900000000000003,0.019095281972933035,0.24798149187991916+0.46222651486068844*I
0.999,0.293,0.01974360288494479,-0.2800665403023368+0.4433792585569024*I
0.999,0.297,0.020401633489792355,-0.5239777543245745-0.023702111669011292*I
0.999,0.301,0.0210699801908956,-0.2405069322269795-0.46644634909484145*I
0.999,0.305,0.02174071025533259,0.28375280291424054-0.44216801917076815*I
0.999,0.309,0.022421664147382194,0.5256690450800088+0.022821900470342934*I
0.999,0.313,0.02311153433822276,0.24653225076370347+0.4659600192834655*I
0.999,0.317,0.023810794022272312,-0.2767565796105544+0.4500847327855629*I
0.999,0.321,0.02451351219940611,-0.5297856650925578-0.00834844109016474*I
0.999,0.325,0.025219450395065904,-0.26526876569163205-0.46070611971587133*I
0.999,0.329,0.025931592409416566,0.25938109842234575-0.46635630628605274*I
0.999,0.333,0.026650247548015763,0.535562372281682-0.019161855848342436*I
0.999,0.337,0.0273709873966271,0.2958011371118641+0.4499536770917195*I
0.999,0.341,0.028092791989135897,-0.23109750723119096+0.4895588442428779*I
0.999,0.34500000000000003,0.028820361747829048,-0.5412628329004069+0.059529222917455306*I
0.999,0.34900000000000003,0.02955127277648333,-0.3370419246922886-0.43209462094370404*I
0.999,0.353,0.030273643593122415,0.19095497687524768-0.5178115476531885*I
0.999,0.357,0.03100173428473451,0.5445749998646164-0.11265592675940789*I
0.999,0.361,0.03172800395598081,0.38765869473553166+0.4050995057934857*I
0.999,0.365,0.03245295563335398,-0.1377129602016539+0.5486756307444683*I
0.999,0.369,0.033169828189419714,-0.5426070264098464+0.17833784003256856*I
0.999,0.373,0.03387904964622783,-0.44588639956945886-0.3664071429414396*I
0.999,0.377,0.034584444921980234,0.07018576450322543-0.57932420429457*I
0.999,0.381,0.035284489379585345,0.5320957345745292-0.25610237300313704*I
0.999,0.385,0.03596794789848903,0.5094953512203144+0.31332119989158264*I
0.999,0.389,0.03664744457694631,0.01289482257785666+0.6061736505766646*I
0.999,0.393,0.03730974618849212,-0.5093264578109666+0.3450913872447305*I
0.999,0.397,0.03795543687707665,-0.5757015165036411-0.24307296016689076*I
0.999,0.401,0.03858318489131514,-0.11236635352271579-0.625431988262208*I
0.999,0.405,0.03919047879192111,0.47047875145569684-0.4440091265404724*I
0.999,0.40900000000000003,0.03977551743796148,0.6413893565547414+0.153088314291285*I
0.999,0.41300000000000003,0.04033548247588798,0.2288839793076467+0.6329355244817843*I
0.999,0.41700000000000004,0.04086992565755605,-0.4115839896447272+0.5512588544954509*I
0.999,0.421,0.041375932395422844,-0.7031210095758489-0.040682097785625426*I
0.999,0.425,0.04183895105859132,-0.3630815497114467-0.6244721699259949*I
0.999,0.429,0.04227547764767446,0.328698954840088-0.6654310266513879*I
0.999,0.433,0.042663289710051636,0.7580659248322025-0.09694302864451737*I
0.999,0.437,0.04300604360233396,0.5163933152115102+0.5962566742174286*I
0.999,0.441,0.04329839135620641,-0.21781898747785+0.7866617133327692*I
0.999,0.445,0.043533907205428976,-0.8050021897633589+0.2640783608791849*I
0.999,0.449,0.04371121848430018,-0.6933374066349165-0.5456137180344526*I
0.999,0.453,0.04381995106569071,0.07365820510306814-0.9194348533068879*I
0.999,0.457,0.04386141892800937,0.8470920810677212-0.469709104002348*I
0.999,0.461,0.043822837897024076,0.9073911293502003+0.4714786403881035*I
0.999,0.465,0.043676089581355125,0.11356218718364819+1.0807722968688063*I
0.999,0.46900000000000003,0.04343567434751537,-0.8999954857224844+0.7381074074704883*I
0.999,0.47300000000000003,0.04307317525746114,-1.2016063591790396-0.3767856941231009*I
0.999,0.47700000000000004,0.042557102172524064,-0.3733252560128688-1.3292907795231959*I
0.999,0.481,0.04178789215660824,1.0193866845450532-1.1584075652877102*I
0.999,0.485,0.0405336195396282,1.7578154763444143+0.26083561400138766*I
0.999,0.489,0.038134672890030114,0.9005839657094716+1.9653229437266224*I
0.999,0.493,0.03266039350374455,-1.5670304374382626+2.5360394518307308*I
0.999,0.497,0.018714576826520755,-6.364504237661331+0.3810752475746527*I
0.999,0.501,-0.01793374099455425,5.5779219429399545+6.337142592330446*I
0.999,0.505,-0.10831967812703701,-0.2001740538369159+1.7899264171060068*I
0.999,0.509,-0.29115543553113576,-0.6326812560456508+0.5513140776678086*I
0.999,0.513,-0.5461829004178376,-0.5155970194671401+0.02028441760945424*I
0.999,0.517,-0.7668278050127935,-0.30903343731077615-0.22788961872737526*I
0.999,0.521,-0.8940074761344204,-0.06979821170407156-0.3144175195258732*I
0.999,0.525,-0.952352677694791,0.14944725145046336-0.2457570348360556*I
0.999,0.529,-0.9771780922372816,0.25844061154908876-0.0586165519240083*I
0.999,0.533,-0.9878450399242779,0.20442254724144857+0.14088394991344202*I
0.999,0.537,-0.9926846813692859,0.02904119621805504+0.23315582859746464*I
0.999,0.541,-0.9950472926316427,-0.14954253624347885+0.16665336727421817*I
0.999,0.545,-0.9975810081353321,-0.21429387852721263-0.0052879465977312985*I
0.999,0.549,-0.9984024286773217,-0.12902761613476263-0.16082156293203642*I