0.2,0.001,4.545790021248849e-11,11752.931098387908,8795.63169334059
0.2,0.005,5.504263144667572e-9,2057.778258724175,2244.7080715888137
0.2,0.009000000000000001,3.105381876788416e-8,1082.595855274584,1384.4217253157972
0.2,0.013000000000000001,9.039594419641783e-8,724.9990843461121,1038.0073023245136
0.2,0.017,1.9491591610149039e-7,542.3336970475593,851.4369655927769
0.2,0.021,3.5358451195504095e-7,432.7047505308179,736.1075404588399
0.2,0.025,5.728300846135105e-7,360.3214996934685,659.1655276911171
0.2,0.029,8.564357269725972e-7,309.4627364340661,605.5969497901026
0.2,0.033,1.2053208304356541e-6,272.18172160599266,567.6362531454135
0.2,0.037000000000000005,1.6174398881087455e-6,244.0529072054725,540.9038190430595
0.2,0.041,2.0874976497923063e-6,222.43845435129833,522.8390082706823
0.2,0.045,2.6067925874270224e-6,205.68993900678458,511.934845533936
0.2,0.049,3.162947070215707e-6,192.7500875658941,507.38074950678845
0.2,0.053000000000000005,3.7396650499153306e-6,182.94241381198546,508.8859351653094
0.2,0.057,4.31626066336628e-6,175.8577606194023,516.6349411444619
0.2,0.061,4.867665908535951e-6,171.3020493011605,531.2961250927976
0.2,0.065,5.36366339032929e-6,169.28264472122223,554.1939633028519
0.2,0.069,5.768785042772473e-6,170.04331712817856,587.5951795560658
0.2,0.07300000000000001,6.041806961369205e-6,174.16407801824224,635.3347271849167
0.2,0.077,6.135195197605115e-6,182.79304391514898,704.1173144421113
0.2,0.081,5.994646365824244e-6,198.19447895631163,806.4741646137675
0.2,0.085,5.558567583498485e-6,225.19221650371006,968.4757755273617
0.2,0.089,4.758010751493241e-6,275.8041304864904,1254.2144154740054
0.2,0.093,3.513429773982555e-6,389.57131177824357,1874.9487663156904
0.2,0.097,1.7380907297884018e-6,817.5689749117622,4168.034045130937
0.2,0.101,-6.655501248031705e-7,-2206.8324292551547,-11928.981944229143
0.2,0.10500000000000001,-3.805953196794357e-6,-397.17852050297074,-2278.874784396151
0.2,0.109,-7.803399371538564e-6,-198.5482665661329,-1210.674471362952
0.2,0.113,-0.000012790966879639215,-123.64909436053479,-802.3415987420589
0.2,0.117,-0.000018915586112399823,-85.014225737846,-587.9021506648866
0.2,0.121,-0.000026339178125996337,-61.83236189868814,-456.4291344285078
0.2,0.125,-0.00003523988303997976,-46.62134916354176,-368.002433517081
0.2,0.129,-0.00004581338419745408,-36.034292290828816,-304.7367709771683
0.2,0.133,-0.000058274335271145195,-28.352365549694596,-257.4259734058575
0.2,0.137,-0.00007285789869327848,-22.60406899612909,-220.8506107048789
0.2,0.14100000000000001,-0.0000898087339577855,-18.193971098827607,-191.84676660683698
0.2,0.14500000000000002,-0.00010943055153898144,-14.757702736814075,-168.33963376033807
0.2,0.149,-0.0001320391391841032,-12.041173509818812,-148.96007103251762
0.2,0.153,-0.00015793555446208093,-9.85945993601507,-132.77433614506958
0.2,0.157,-0.00018747347389685975,-8.089684934710041,-119.09217646182822
0.2,0.161,-0.00022113178028269312,-6.653543824466804,-107.3818201393203
0.2,0.165,-0.00025926202546647107,-5.471155910291142,-97.29054142657778
0.2,0.169,-0.00030236186004397914,-4.495465309881933,-88.5189742913814
0.2,0.17300000000000001,-0.00035089150489433325,-3.6841492988602975,-80.84723053212298
0.2,0.177,-0.0004055593527143391,-3.0153304158601166,-74.07897839442269
0.2,0.181,-0.00046681468303135643,-2.4559235124214855,-68.0898867634156
0.2,0.185,-0.0005353619285371626,-1.98953776733367,-62.75884557388725
0.2,0.189,-0.0006119091799991654,-1.6006050497073043,-57.99191656743976
0.2,0.193,-0.0006972746368693017,-1.268048619342682,-53.70993757734593
0.2,0.197,-0.000792194639436733,-0.9988520978396185,-49.85222472269576
0.2,0.201,-0.0008976090051826226,-0.7758322006019661,-46.36319415674834
0.2,0.20500000000000002,-0.001014494609510227,-0.5913758268084067,-43.197351455106705
0.2,0.20900000000000002,-0.001143896014480965,-0.44012066256531523,-40.316344570909365
0.2,0.213,-0.0012869486464161272,-0.31698468375688593,-37.687299105024174
0.2,0.217,-0.0014447731773598134,-0.22321946088061026,-35.28326887961192
0.2,0.221,-0.0016188911009115798,-0.14393573633666387,-33.07736658932342
0.2,0.225,-0.0018106323807018773,-0.08211978922552238,-31.04988504372265
0.2,0.229,-0.002021533711427197,-0.03524011191040495,-29.18249902757412
0.2,0.233,-0.0022534270070644134,0.0034089363465903597,-27.45811967827969
0.2,0.23700000000000002,-0.0025075669813337696,0.022050093849174345,-25.865916111598395
0.2,0.241,-0.002786401414957944,0.0359041929627426,-24.390295263336917
0.2,0.245,-0.0030918191058456226,0.04179779567304276,-23.021397908090535
0.2,0.249,-0.003426039985259487,0.04091281190848544,-21.749534271150466
0.2,0.253,-0.003791450294357676,0.03427080522495595,-20.566086742419202
0.2,0.257,-0.004190612544173858,0.02275675431736943,-19.463372240203174
0.2,0.261,-0.004626277715325932,0.007136740652699503,-18.434520156093487
0.2,0.265,-0.005101396722624497,-0.011922354590637124,-17.473371831976234
0.2,0.269,-0.005619134162454564,-0.03384251614412061,-16.57439123502436
0.2,0.273,-0.006181879155784764,-0.05744134832211838,-15.733868878789186
0.2,0.277,-0.0067962644338514,-0.08431803659675155,-14.94347523838633
0.2,0.281,-0.0074631721351399545,-0.11205480795762883,-14.202965488880764
0.2,0.28500000000000003,-0.008186418796231682,-0.14041797403661138,-13.508481401086739
0.2,0.28900000000000003,-0.008974458974382114,-0.17086164070293014,-12.853337670122594
0.2,0.293,-0.009828015128544415,-0.20139163504697072,-12.237814131179144
0.2,0.297,-0.010753481138426897,-0.23237174741347355,-11.658018010905677
0.2,0.301,-0.011756246063210676,-0.26361232421454794,-11.111408202397126
0.2,0.305,-0.012842049473528558,-0.2949489071183226,-10.595660272644311
0.2,0.309,-0.014016993598657426,-0.32624044379511363,-10.10864643306799
0.2,0.313,-0.015287570512939122,-0.35736379233335797,-9.648412078007176
0.2,0.317,-0.01665764664943983,-0.3878084203497373,-9.21401710321219
0.2,0.321,-0.018140277519252766,-0.418316196647086,-8.802072155754228
0.2,0.325,-0.01974044454249965,-0.44838309551507993,-8.411942043444897
0.2,0.329,-0.021466329508682148,-0.47794403599539864,-8.04222347332664
0.2,0.333,-0.023326574167487506,-0.5069442219136574,-7.691620467795972
0.2,0.337,-0.02533029288689763,-0.5353379597319933,-7.358934648225998
0.2,0.341,-0.02748708327799884,-0.5630875814273467,-7.043056600115146
0.2,0.34500000000000003,-0.029807033664052764,-0.5901624769560974,-6.742958237886279
0.2,0.34900000000000003,-0.032306875144895476,-0.6168022250498251,-6.457040662786181
0.2,0.353,-0.0349792499387201,-0.6421959079575851,-6.186353700640132
0.2,0.357,-0.03785417947104136,-0.6671214534972719,-5.928138379396199
0.2,0.361,-0.04093758787817594,-0.6913050029570014,-5.68227377221592
0.2,0.365,-0.04424202550839701,-0.7147404039838613,-5.448046415357539
0.2,0.369,-0.04778050616234447,-0.7374247905123743,-5.2247912057742125
0.2,0.373,-0.051566480861920075,-0.7593581063540298,-5.011887751783581
0.2,0.377,-0.05561381100123926,-0.780542824101442,-4.8087566558485255
0.2,0.381,-0.05993672956642776,-0.800983601048865,-4.614856403108825
0.2,0.385,-0.06454978964323327,-0.8206869454547169,-4.42968065419365
0.2,0.389,-0.0694678080455869,-0.8396609851947403,-4.2527555292470485
0.2,0.393,-0.07470579684114725,-0.8579152405364351,-4.083637203879924
0.2,0.397,-0.08027888436351906,-0.8754604306091877,-3.9219096852055286
0.2,0.401,-0.08620222351794546,-0.8923082811821182,-3.7671828051327436
0.2,0.405,-0.09249088766805162,-0.9084713757255308,-3.6190903708746407
0.2,0.40900000000000003,-0.09915975260204328,-0.9239630041160825,-3.47728848937468
0.2,0.41300000000000003,-0.10622336612933339,-0.938797034003804,-3.3414540037727094
0.2,0.41700000000000004,-0.11369580781526267,-0.9529878070879689,-3.2112830021681247
0.2,0.421,-0.12159052751435441,-0.9665500318781521,-3.0864895894916518
0.2,0.425,-0.12992018013757003,-0.979498694841725,-2.9668046082554596
0.2,0.429,-0.13869644591293784,-0.9918489851774984,-2.851974518579186
0.2,0.433,-0.14792983979851015,-1.0036162221023923,-2.7417603755377193
0.2,0.437,-0.15762951408255646,-1.0148157937365376,-2.6359368662417086
0.2,0.441,-0.16780305554738154,-1.0254631030563002,-2.5342914182460072
0.2,0.445,-0.17845627952536428,-1.0355735198061493,-2.436623377930991
0.2,0.449,-0.18959302455230706,-1.0451623383660158,-2.342743248216714
0.2,0.453,-0.20121495145888504,-1.05424474195825,-2.252471980071584
0.2,0.457,-0.21332134736034436,-1.0628357659732002,-2.1656403403931184
0.2,0.461,-0.2259089484799258,-1.0709502778754734,-2.08208827706802
0.2,0.465,-0.23897178743780295,-1.0786029445828347,-2.0016643070641837
0.2,0.46900000000000003,-0.2525010298968181,-1.0858082224811878,-1.924225122974009
0.2,0.47300000000000003,-0.2664848880421537,-1.092580328015669,-1.8496349623577049
0.2,0.47700000000000004,-0.2809085275979487,-1.0989332286338722,-1.7777652261597952
0.2,0.481,-0.29575403198996275,-1.104880629365235,-1.7084940200537673
0.2,0.485,-0.3110003854792065,-1.1104359684707485,-1.6417058148417374
0.2,0.489,-0.3266235398985869,-1.1156123971395768,-1.5772909791271894
0.2,0.493,-0.34259648064590215,-1.1204227843290335,-1.515145515411394
0.2,0.497,-0.3588893697489335,-1.1248797045867853,-1.4551707058444057
0.2,0.501,-0.37546972942348983,-1.1289954377414273,-1.3972728027118007
0.2,0.505,-0.3923026700962868,-1.1327819647625934,-1.3413627471314553
0.2,0.509,-0.40935115471317324,-1.1362509696875105,-1.2873559207655176
0.2,0.513,-0.42657631407658336,-1.1394138358438373,-1.2351718829860254
0.2,0.517,-0.4439377848362259,-1.1422816528823465,-1.184734148402794
0.2,0.521,-0.46139410565885197,-1.1448651978538107,-1.1359699251421242
0.2,0.525,-0.47890306264632565,-1.1471749737995849,-1.0888099962427236
0.2,0.529,-0.4964221395319258,-1.1492211778830392,-1.043188444437244
0.2,0.533,-0.5139092402917382,-1.1510134994831451,-0.9990420101142375
0.2,0.537,-0.5313218775493135,-1.1525619343874132,-0.9563117807696103
0.2,0.541,-0.5486192232134577,-1.1538756808670054,-0.9149404554758581
0.2,0.545,-0.5657614838105712,-1.1549638129967734,-0.8748737668463372
0.2,0.549,-0.5827105012126986,-1.1558351198558565,-0.8360599432560546
0.4,0.001,1.0064552559783224e-10,1503.8530279414522,-6442.491611197361
0.4,0.005,1.2402444972849028e-8,765.4313751960929,-1107.426762209825
0.4,0.009000000000000001,7.130733308341884e-8,520.6275090471297,-555.1620578655302
0.4,0.013000000000000001,2.118512111559372e-7,403.5807655838434,-353.23483205100035
0.4,0.017,4.6698054973848853e-7,334.07056749691117,-250.552614257791
0.4,0.021,8.675955326618423e-7,287.7058041856943,-189.1036780477807
0.4,0.025,1.4424791081850087e-6,254.46769374087273,-148.52653163275588
0.4,0.029,2.2184632866918095e-6,229.42825522804358,-119.8906321327273
0.4,0.033,3.2200577966811243e-6,209.89121497530016,-98.68791786675816
0.4,0.037000000000000005,4.469853629096592e-6,194.23102599817116,-82.40439297909464
0.4,0.041,5.9881488532193345e-6,181.41915982809098,-69.53306654809815
0.4,0.045,7.792753626929094e-6,170.77158456849332,-59.11737316075934
0.4,0.049,9.899518012424986e-6,161.80813308410438,-50.522535012323665
0.4,0.053000000000000005,0.00001232130111297294,154.1909714539168,-43.310861548065176
0.4,0.057,0.00001506839785626197,147.67052517937793,-37.171337697301446
0.4,0.061,0.0000181487925083032,142.05751902781452,-31.877416016241025
0.4,0.065,0.00002156749371369735,137.2088594941599,-27.259915188629826
0.4,0.069,0.00002532531725850895,133.01750629432954,-23.189203760345112
0.4,0.07300000000000001,0.00002942067689685638,129.39666608389228,-19.565305656439286
0.4,0.077,0.000033848522882593044,126.2784242866163,-16.309373654348725
0.4,0.081,0.00003859957874212717,123.61042536443763,-13.357951686660376
0.4,0.085,0.00004366133660758695,121.35044822017531,-10.659776720209134
0.4,0.089,0.00004901421713276729,119.46963736497129,-8.171237656387499
0.4,0.093,0.00005463658082256529,117.94282410944089,-5.856870661597933
0.4,0.097,0.00006050070964130114,116.75331361760207,-3.685933206240128
0.4,0.101,0.00006657301907702815,115.89092935001348,-1.6314998550584774
0.4,0.10500000000000001,0.00007281422347792646,115.35102795674669,0.3302926123777343
0.4,0.109,0.00007917943551973717,115.13412885934672,2.2209411576138898
0.4,0.113,0.00008561281253148696,115.24953053934567,4.061870256247576
0.4,0.117,0.0000920548186594851,115.70990455996633,5.872500676776791
0.4,0.121,0.00009843617608611248,116.5362421025465,7.672738653103277
0.4,0.125,0.00010467817686515318,117.7581746668811,9.48332832948477
0.4,0.129,0.00011069297237358493,119.4151426319991,11.326331463606815
0.4,0.133,0.00011638125323969834,121.55972616476413,13.226563654879065
0.4,0.137,0.00012163247856502407,124.26057499293157,15.21249906280036
0.4,0.14100000000000001,0.0001263247278089156,127.60713186223097,17.31771301826295
0.4,0.14500000000000002,0.00013031824983816614,131.71957034750207,19.584756221097486
0.4,0.149,0.00013346268580644212,136.75571631745038,22.066140473886733
0.4,0.153,0.0001355901122932055,142.93034407263067,24.830992734703713
0.4,0.157,0.0001365150217915048,150.54038346210888,27.972493479860184
0.4,0.161,0.00013603305220156388,160.00664404903506,31.62036065842902
0.4,0.165,0.00013391935253512943,171.9443647523982,35.961982143223814
0.4,0.169,0.00012992655649880953,187.2885740576878,41.28000636581032
0.4,0.17300000000000001,0.00012378336729305716,207.5303598234395,48.022862070120055
0.4,0.177,0.0001151921962538429,235.2004347302595,56.9493399801781
0.4,0.181,0.00010382719605472387,274.96294004260324,69.45537781431089
0.4,0.185,0.00008933150465306421,336.46028405752304,88.42427298338444
0.4,0.189,0.00007131506870668959,443.3636360641055,120.93086604885522
0.4,0.193,0.00004935240742959038,673.4522997528148,190.21600227794787
0.4,0.197,0.00002297853082057821,1519.3435619594297,443.4686246574861
0.4,0.201,-8.313480500186557e-6,-4408.24376947639,-1327.1223622389487
0.4,0.20500000000000002,-0.0000450762297648102,-852.8953260258701,-264.36857210628625
0.4,0.20900000000000002,-0.0000879111604858235,-458.49331831606406,-146.08312087775735
0.4,0.213,-0.0001374731415056315,-307.2188095675489,-100.46061298383668
0.4,0.217,-0.0001944995578943213,-227.42500566352456,-76.20488344386835
0.4,0.221,-0.0002596899197814294,-178.28288922311145,-61.14444504691788
0.4,0.225,-0.00033395825414681387,-145.04668295383357,-50.844164779572736
0.4,0.229,-0.0004181979479938625,-121.13331402982608,-43.345145881456254
0.4,0.233,-0.0005133971854137769,-103.14703439078303,-37.632400469337334
0.4,0.23700000000000002,-0.0006206316408430431,-89.16033305812108,-33.12917467007524
0.4,0.241,-0.0007410667217438685,-77.99823059820221,-29.483669937238524
0.4,0.245,-0.0008760830377549595,-68.90008974529896,-26.464676013158446
0.4,0.249,-0.0010268363220804252,-61.363909636599764,-23.92834576517078
0.4,0.253,-0.00119474595109905,-55.032906127758366,-21.766538693062426
0.4,0.257,-0.0013817090690611642,-49.64542139316893,-19.894990053644257
0.4,0.261,-0.0015893227776492295,-45.01618138987847,-18.260729374440704
0.4,0.265,-0.0018194598486041356,-41.003233419359425,-16.82085042770298
0.4,0.269,-0.0020741439652977272,-37.49762626785232,-15.542335819130534
0.4,0.273,-0.002355877828039835,-34.41258978728213,-14.3970952608536
0.4,0.277,-0.0026664274673277475,-31.68457043160837,-13.369299246751572
0.4,0.281,-0.0030086166360903973,-29.257721627032822,-12.440004270691738
0.4,0.28500000000000003,-0.0033851882026469547,-27.08834545132324,-11.595785729565817
0.4,0.28900000000000003,-0.0037990981736021625,-25.140649933556592,-10.825598035263605
0.4,0.293,-0.004253529318330174,-23.385048647399415,-10.12026993662387
0.4,0.297,-0.004751906904079777,-21.79687762078987,-9.472117304099209
0.4,0.301,-0.00529791514099765,-20.35541738781013,-8.874650587248786
0.4,0.305,-0.005895513926789124,-19.043140260288364,-8.322348725965822
0.4,0.309,-0.0065489566460935275,-17.845122642645983,-7.810482651632143
0.4,0.313,-0.007262808526884222,-16.748582643671877,-7.334976218450875
0.4,0.317,-0.008041966535275035,-15.742511624659379,-6.8922954430316885
0.4,0.321,-0.008890416625939545,-14.818179874131049,-6.480397108008242
0.4,0.325,-0.009816140193787272,-13.965674119842499,-6.094466445452576
0.4,0.329,-0.010824054031182941,-13.178572704187324,-5.733196751209327
0.4,0.333,-0.011920582414128956,-12.4505302567025,-5.394493190357344
0.4,0.337,-0.013112549153322283,-11.775971625886203,-5.076509292222112
0.4,0.341,-0.014407291557637647,-11.149946247497448,-4.777572905414502
0.4,0.34500000000000003,-0.015812606753869925,-10.568072697661345,-4.496197860750394
0.4,0.34900000000000003,-0.01733939282698535,-10.025874252918413,-4.230323934626087
0.4,0.353,-0.01898868483809969,-9.52160835358449,-3.9809239793206146
0.4,0.357,-0.02077761614919612,-9.050432018875336,-3.744741403761135
0.4,0.361,-0.022713520699000088,-8.610130362101085,-3.521515760345608
0.4,0.365,-0.024806896976556907,-8.198193001192346,-3.3103537987769
0.4,0.369,-0.027068828233802866,-7.812357556568529,-3.110442802310108
0.4,0.373,-0.029511014718199214,-7.450578069241762,-2.921038910380934
0.4,0.377,-0.032145753290293615,-7.111003583668703,-2.741463153672024
0.4,0.381,-0.034985959510107585,-6.791954077843769,-2.5710922083826104
0.4,0.385,-0.038045154497675274,-6.491902785908656,-2.409353561487334
0.4,0.389,-0.04133746567474548,-6.2094587392232095,-2.255720138295799
0.4,0.393,-0.04487767392415733,-5.943349527295087,-2.109701419652599
0.4,0.397,-0.04868113610151667,-5.692412824624458,-1.9708458103759796
0.4,0.401,-0.05276346816905835,-5.455598137684671,-1.8387468331631134
0.4,0.405,-0.057141116135634634,-5.231925565601276,-1.713011961582431
0.4,0.40900000000000003,-0.06183085497090379,-5.020501389102847,-1.5932821573676241
0.4,0.41300000000000003,-0.06684983865396832,-4.820503937119814,-1.4792234041829064
0.4,0.41700000000000004,-0.07221552131249986,-4.6311767671408495,-1.3705245198256877
0.4,0.421,-0.07794556230622254,-4.451822623108985,-1.2668952323564573
0.4,0.425,-0.08405771985468943,-4.2817979341735475,-1.1680643489904095
0.4,0.429,-0.0905697182948048,-4.120508127421784,-1.0737783136521395
0.4,0.433,-0.09749910820039012,-3.9674031721267915,-0.9837996938740744
0.4,0.437,-0.10486310556352117,-3.821973674625488,-0.897905906430361
0.4,0.441,-0.11267840268903963,-3.683747531212012,-0.815888159987622
0.4,0.445,-0.1209609820282783,-3.552286561173519,-0.7375502719091781
0.4,0.449,-0.12972588593871545,-3.427183888626238,-0.6627078720874241
0.4,0.453,-0.13898699829937478,-3.3080611768665653,-0.5911874036797865
0.4,0.457,-0.14875678854245833,-3.1945664360986448,-0.5228254421195119
0.4,0.461,-0.15904605858259588,-3.08637185640215,-0.45746792664040503
0.4,0.465,-0.16986367901905006,-2.983171878746826,-0.39496951502893995
0.4,0.46900000000000003,-0.18121631176854422,-2.884681522739034,-0.33519301229863374
0.4,0.47300000000000003,-0.19310814686693178,-2.7906347405143928,-0.2780087993125555
0.4,0.47700000000000004,-0.20554063885594065,-2.700782981764747,-0.22329432647226688
0.4,0.481,-0.21851225382506967,-2.614893889193251,-0.1709336668436961
0.4,0.485,-0.23201823760238943,-2.532750090304337,-0.12081708529927225
0.4,0.489,-0.24605040988721388,-2.454148092684231,-0.07284064552698653
0.4,0.493,-0.26059698807947124,-2.378897288625598,-0.026905854457966717
0.4,0.497,-0.2756424687997549,-2.306818964072017,0.017080697748763942
0.4,0.501,-0.2911642728175089,-2.23775818708019,0.059202065681967404
0.4,0.505,-0.30714602262173,-2.1715304077300184,0.09955455549449976
0.4,0.509,-0.32355722716458096,-2.1080026219924974,0.13821125138969692
0.4,0.513,-0.3403671602405615,-2.0470360685992923,0.17524802784496674
0.4,0.517,-0.3575415137523028,-1.988500314700563,0.21073699195917936
0.4,0.521,-0.3750426391080019,-1.9322726298290165,0.2447467230120556
0.4,0.525,-0.39282979375042093,-1.8782375770905662,0.277342436235311
0.4,0.529,-0.4108595161940211,-1.826286443470476,0.3085861927817089
0.4,0.533,-0.42908603796737954,-1.776316776812237,0.33853708197962673
0.4,0.537,-0.44746168272482734,-1.72823209320708,0.367251350092419
0.4,0.541,-0.4659374177457857,-1.6819413480991499,0.3947825933831693
0.4,0.545,-0.4844633250214819,-1.637358689910426,0.42118186817919767
0.4,0.549,-0.5029891623528544,-1.5944030734342898,0.4464978452890391
0.6,0.001,1.8239733492017253e-10,-2388.3966226710227,2708.2589850887634
0.6,0.005,2.2553517613779942e-8,-714.20946992684,155.9186849926313
0.6,0.009000000000000001,1.3015555609889448e-7,-410.87530321978784,-12.537642540223647
0.6,0.013000000000000001,3.88262632857507e-7,-282.7835770581386,-54.72041413539774
0.6,0.017,8.594675757231861e-7,-212.1066552842475,-68.6467503485457
0.6,0.021,1.6037828964168846e-6,-167.36925947241957,-73.22180257629236
0.6,0.025,2.679294397418276e-6,-136.5403353926981,-74.06014144677349
0.6,0.029,4.141360929642907e-6,-114.0413105506902,-73.27618525955282
0.6,0.033,6.043654790039473e-6,-96.9152310582761,-71.7633999109975
0.6,0.037000000000000005,8.437168837845452e-6,-83.4572854002961,-69.94430549575982
0.6,0.041,0.000011371801742514128,-72.6097533754729,-68.02091917746964
0.6,0.045,0.000014894037911382963,-63.687366617743955,-66.10182703879103
0.6,0.049,0.000019049731532903714,-56.222196048450996,-64.2373495161796
0.6,0.053000000000000005,0.00002388460438902547,-49.88581312306524,-62.44915737400088
0.6,0.057,0.000029434059669239706,-44.44311481994398,-60.76054936889739
0.6,0.061,0.00003574296822907673,-39.71706470260471,-59.16411155053601
0.6,0.065,0.00004284755334712108,-35.57522909623823,-57.66169196481964
0.6,0.069,0.00005078765075592485,-31.915373182051827,-56.24696592000257
0.6,0.07300000000000001,0.000059591135328073914,-28.65779376090529,-54.92057817273899
0.6,0.077,0.0000692830314091107,-25.738390414187553,-53.68014113569235
0.6,0.081,0.00007990611272977359,-23.10676308734914,-52.5129664649713
0.6,0.085,0.00009148227095698355,-20.72121480144629,-51.41752317613021
0.6,0.089,0.0001040472249722061,-18.548239030084538,-50.386137321928715
0.6,0.093,0.00011759369234380555,-16.558005802904916,-49.423524933223796
0.6,0.097,0.00013216734130959691,-14.72843139313387,-48.51799603222877
0.6,0.101,0.00014777782408559832,-13.039090961730702,-47.668311934128816
0.6,0.10500000000000001,0.00016443855664102284,-11.473045063303509,-46.871472538347696
0.6,0.109,0.00018216197337789578,-10.015846876898586,-46.124459304535726
0.6,0.113,0.00020095928431482213,-8.65510497152523,-45.42441296023039
0.6,0.117,0.00022082296481271116,-7.37969899328766,-44.77058917916452
0.6,0.121,0.00024175911028930173,-6.180319857779006,-44.16023927648018
0.6,0.125,0.0002637631391188017,-5.048644207437573,-43.591752441696364
0.6,0.129,0.00028682585168630855,-3.9773050441661364,-43.06376085582202
0.6,0.133,0.00031093301822865307,-2.9597371945243807,-42.57513221424103
0.6,0.137,0.0003360649281060365,-1.990048430482826,-42.124963391357184
0.6,0.14100000000000001,0.00036219590752179957,-1.0629110766744727,-41.71257536756342
0.6,0.14500000000000002,0.00038929622309019705,-0.17352422610513143,-41.33738148783727
0.6,0.149,0.00041732092761978735,0.6827033381666061,-40.99945748315974
0.6,0.153,0.00044622714808226785,1.5098198193439392,-40.69856964188473
0.6,0.157,0.0004759597410023283,2.3117002432506792,-40.434943461484735
0.6,0.161,0.0005064632445584976,3.091842381723091,-40.2087093347072
0.6,0.165,0.0005376397866025162,3.854225640353056,-40.02151129781913
0.6,0.169,0.0005694150343523661,4.602038271008152,-39.87388379026407
0.6,0.17300000000000001,0.0006016933875405084,5.338605745997264,-39.76707742004264
0.6,0.177,0.0006343634746769348,6.067296307999122,-39.7027806593163
0.6,0.181,0.000667298566623576,6.791539278979766,-39.68308977133471
0.6,0.185,0.0007003615094676015,7.514766896697883,-39.71039199631462
0.6,0.189,0.0007333864899213598,8.240775999919919,-39.78788242960325
0.6,0.193,0.0007662029804994109,8.973338535786102,-39.9189718559172
0.6,0.197,0.0007986125731112366,9.716661148608896,-40.10795385678495
0.6,0.201,0.0008303913099837162,10.47540038431378,-40.35999833468325
0.6,0.20500000000000002,0.0008613175030234661,11.254276094375935,-40.680679139997864
0.6,0.20900000000000002,0.0008910779629642419,12.059724722536796,-41.078119538296804
0.6,0.213,0.0009193940906230774,12.897954513758076,-41.56052275012268
0.6,0.217,0.0009459327916971925,13.776589107127341,-42.13835810316272
0.6,0.221,0.0009703267679154515,14.70456980429874,-42.824302597658814
0.6,0.225,0.000992172980568959,15.69250250207453,-43.633794973359876
0.6,0.229,0.0010110158795446956,16.753385222514563,-44.58606574928314
0.6,0.233,0.0010263712251573657,17.90280982634779,-45.70468574673043
0.6,0.23700000000000002,0.0010376943552103033,19.16036734704266,-47.019550620680455
0.6,0.241,0.0010443911239461443,20.550688001897864,-48.56865972551575
0.6,0.245,0.0010458038852906109,22.105490971770987,-50.40125827879696
0.6,0.249,0.001041214441694095,23.866188128311393,-52.58205287206285
0.6,0.253,0.0010298372311580751,25.88805603022738,-55.197824312286826
0.6,0.257,0.0010108072435912557,28.24685596147162,-58.367827085001736
0.6,0.261,0.0009831885657660608,31.048908183069926,-62.26004211377
0.6,0.265,0.0009459204370497391,34.450073977917015,-67.12031941400001
0.6,0.269,0.000897881877156018,38.685105696701704,-73.32031898059299
0.6,0.273,0.0008378332475718076,44.12816528502884,-81.45251561887356
0.6,0.277,0.000764418297412784,51.413535827588014,-92.52171168653638
0.6,0.281,0.0006761540682583442,61.709479845002775,-108.3790888134319
0.6,0.28500000000000003,0.0005714288430298706,77.42935605085823,-132.85002080444352
0.6,0.28900000000000003,0.00044847211266448364,104.49799519069111,-175.32543929247637
0.6,0.293,0.00030536063986922354,162.38049156771362,-266.660351296631
0.6,0.297,0.00013999562933131006,374.35558966272333,-602.2713130839685
0.6,0.301,-0.000049909451501981255,-1108.753556538728,1749.0914973379822
0.6,0.305,-0.0002668449733060879,-218.75709005761365,338.67876792710985
0.6,0.309,-0.000513521376777217,-119.80249369662057,182.18472454077153
0.6,0.313,-0.0007928872804699936,-81.70155187751823,122.14152941812645
0.6,0.317,-0.0011081487517972256,-61.501851761935754,90.4629358580262
0.6,0.321,-0.0014627892058535158,-48.97651242398911,70.9380144006535
0.6,0.325,-0.0018605930225283865,-40.44371715365359,57.7308673588031
0.6,0.329,-0.002305648483653602,-34.25315150748867,48.22559616786124
0.6,0.333,-0.002802442066268865,-29.554001920515926,41.074302407867705
0.6,0.337,-0.003355780897003593,-25.863863951980715,35.512336225502786
0.6,0.341,-0.003970906403230599,-22.888274438590777,31.07331418059869
0.6,0.34500000000000003,-0.004653455877202009,-20.437577264425734,27.45680213530192
0.6,0.34900000000000003,-0.005409573704617229,-18.383834660040193,24.460383486291846
0.6,0.353,-0.006245849908543843,-16.63783441384445,21.94285595848369
0.6,0.357,-0.007169427767176213,-15.13530031330734,19.802625455092745
0.6,0.361,-0.008188005703166922,-13.828800406965637,17.964771266007872
0.6,0.365,-0.009309861910165257,-12.682569303321653,16.3728404180066
0.6,0.369,-0.010543950892787318,-11.669067275947722,14.983457089353902
0.6,0.373,-0.011899864589903084,-10.766803139326711,13.762788378826379
0.6,0.377,-0.013387875647363011,-9.958745017916794,12.684049480354648
0.6,0.381,-0.015019030821907043,-9.231185448623572,11.725743421965287
0.6,0.385,-0.016805160582488734,-8.572978499460724,10.870432291605677
0.6,0.389,-0.018758894040898134,-7.974975519966859,10.103825881430167
0.6,0.393,-0.020893710605865562,-7.429585862366629,9.414100932388724
0.6,0.397,-0.02322396227153824,-6.930458992009615,8.791393721050053
0.6,0.401,-0.02576489876867876,-6.4722390823922105,8.227411783523257
0.6,0.405,-0.028532694642778373,-6.050374928110057,7.71513356374253
0.6,0.40900000000000003,-0.03154445314586015,-5.660974260374183,7.2485764323493695
0.6,0.41300000000000003,-0.03481821155481439,-5.30068738984365,6.822612267254066
0.6,0.41700000000000004,-0.038372965437861624,-4.966611713945587,6.432819533140932
0.6,0.421,-0.04222858814526878,-4.656224831423051,6.075370569062765
0.6,0.425,-0.046405848921493374,-4.367318527583895,5.7469331865866335
0.6,0.429,-0.050925961211818443,-4.097977308509104,5.444608260065319
0.6,0.433,-0.05581265521136679,-3.846402656079886,5.165791823137834
0.6,0.437,-0.06108762249394924,-3.6111647065281716,4.908280072773354
0.6,0.441,-0.06677501578100249,-3.3908799122698587,4.670064545964761
0.6,0.445,-0.07289896328497514,-3.18434051234123,4.449378016534892
0.6,0.449,-0.07948382052949603,-2.9904658898132257,4.24464915162654
0.6,0.453,-0.08655404500150325,-2.8082834231395433,4.054475213748289
0.6,0.457,-0.09413404337881821,-2.6369140050150452,3.8775993410605616
0.6,0.461,-0.10224767683089182,-2.47556562068503,3.712896527496047
0.6,0.465,-0.11091820012661946,-2.3235180332628693,3.559353419174207
0.6,0.46900000000000003,-0.12016781678242915,-2.1801168192995513,3.4160570094783695
0.6,0.47300000000000003,-0.13001733813323293,-2.0447654569398868,3.282182605001542
0.6,0.47700000000000004,-0.1404857819657842,-1.9169191320611092,3.156983770486593
0.6,0.481,-0.15158996400389535,-1.7960788583276956,3.0397835876665233
0.6,0.485,-0.1633437983567461,-1.6817891491226227,2.9299687443804823
0.6,0.489,-0.17575895119173504,-1.5736234674221157,2.826975416635375
0.6,0.493,-0.18884255233511255,-1.4711979239236426,2.7302960668958804
0.6,0.497,-0.202598047787784,-1.37415501628808,2.639465017859354
0.6,0.501,-0.21702440608798632,-1.2821644137352024,2.554056553431238
0.6,0.505,-0.23211571675693093,-1.1949203525094683,2.473680920342459
0.6,0.509,-0.24786082105927673,-1.112139431360757,2.3979808453135245
0.6,0.513,-0.2642430118512057,-1.033558590700681,2.3266284144965246
0.6,0.517,-0.2812398107104888,-0.9589333184718504,2.2593222967487305
0.6,0.521,-0.29882283594188697,-0.8880360519658592,2.195785272245655
0.6,0.525,-0.3169577679549629,-0.8206547666148875,2.135762045378877
0.6,0.529,-0.33560444093361713,-0.7565916737528672,2.079017250789934
0.6,0.533,-0.3547170509933002,-0.6956620657148574,2.0253336860283095
0.6,0.537,-0.3742444838700429,-0.637693287170058,1.9745107362082215
0.6,0.541,-0.39413078191077616,-0.5825237753341181,1.9263629195732275
0.6,0.545,-0.41430819887783266,-0.5300148880030573,1.8807334566853535
0.6,0.549,-0.43472710125393105,-0.4799995668844374,1.837434426910331
0.8,0.001,3.4621803509746447e-10,-1514.8778040720863,-981.1659089366237
0.8,0.005,4.280696709408827e-8,44.637028214529124,-362.0424269214235
0.8,0.009000000000000001,2.470193385226152e-7,107.77200754525357,-174.11881529092184
0.8,0.013000000000000001,7.368131490504017e-7,106.28517791109502,-96.01675554253448
0.8,0.017,1.6311962109184708e-6,95.96819789986922,-55.0911901706731
0.8,0.021,3.044728112955315e-6,85.09948859795597,-30.778663615859916
0.8,0.025,5.087884415944256e-6,75.27544720201179,-15.164676429227901
0.8,0.029,7.86688163536987e-6,66.70949736640345,-4.598345233024983
0.8,0.033,0.000011485906800490988,59.28678205833112,2.816944640694372
0.8,0.037000000000000005,0.00001604348636571533,52.84316164578675,8.158763949273565
0.8,0.041,0.00002163666642985517,47.21663681098747,12.076898997116349
0.8,0.045,0.000028358908753122956,42.27156285987927,14.985170318956362
0.8,0.049,0.00003630141578821319,37.896548724020334,17.157410638131548
0.8,0.053000000000000005,0.000045551706820342115,34.00188583863893,18.781645365245968
0.8,0.057,0.00005619329811343296,30.51495214212339,19.990628763999908
0.8,0.061,0.00006831331965465895,27.375488780190597,20.87838863660691
0.8,0.065,0.00008199867512877557,24.53473573132076,21.514225716704058
0.8,0.069,0.00009732441458771452,21.953772899812886,21.95192681274803
0.8,0.07300000000000001,0.00011434775677844645,19.599715322980753,22.234837257027092
0.8,0.077,0.00013316908137082703,17.44372059442578,22.3891834385826
0.8,0.081,0.00015385323026359857,15.462748240290875,22.440607275254475
0.8,0.085,0.0001764738528438383,13.636933293675266,22.407957499339556
0.8,0.089,0.00020109591036561892,11.949421342655809,22.306792693315384
0.8,0.093,0.00022778852191916913,10.385638335791604,22.14915133065647
0.8,0.097,0.00025661895256270153,8.933031305851147,21.944833640578327
0.8,0.101,0.00028765245447246097,7.580719242680549,21.70187538697126
0.8,0.10500000000000001,0.00032095177252066374,6.319212558467225,21.426920181912838
0.8,0.109,0.0003565563470609275,5.140070233861681,21.126163395344612
0.8,0.113,0.0003945980641886301,4.036377864317344,20.801819296173004
0.8,0.117,0.00043505624660716656,3.0012210467245457,20.46023126576886
0.8,0.121,0.00047801693801455513,2.0290181484352767,20.10362744343028
0.8,0.125,0.0005235352944824609,1.1146543122991721,19.734689164431362
0.8,0.129,0.0005716647923079404,0.2535556452237522,19.35568222602613
0.8,0.133,0.0006224571924900296,-0.5583823364851886,18.968527274344567
0.8,0.137,0.0006759229199023052,-1.3251290527142159,18.575383919965844
0.8,0.14100000000000001,0.0007322983497607342,-2.048580208538261,18.175259246429487
0.8,0.14500000000000002,0.0007912619159065115,-2.7347127103629743,17.77375863053479
0.8,0.149,0.0008531773309347867,-3.3836608407606334,17.368154057285164
0.8,0.153,0.0009180110785076037,-3.9986078802791707,16.960282879722975
0.8,0.157,0.0009858096159167126,-4.581821683451152,16.550914232020705
0.8,0.161,0.0010565273556353812,-5.1359020174087595,16.14130717198747
0.8,0.165,0.0011301781662093615,-5.662866449944432,15.732012741468715
0.8,0.169,0.0012070111179476608,-6.163305330976179,15.322229176431776
0.8,0.17300000000000001,0.0012868272002306371,-6.640120015258327,14.913691820149316
0.8,0.177,0.0013697288564761055,-7.094419743387532,14.506288789738878
0.8,0.181,0.0014557357821880013,-7.52764155740648,14.100320208986204
0.8,0.185,0.0015449974166268994,-7.940412588043367,13.695662621654687
0.8,0.189,0.0016372652250373832,-8.33541786429058,13.29331331819839
0.8,0.193,0.0017326685421060928,-8.713146139253508,12.893052898834265
0.8,0.197,0.00183120607669524,-9.074724523046099,12.495031634516755
0.8,0.201,0.0019328695439063393,-9.42122567537541,12.09937277326867
0.8,0.20500000000000002,0.0020376434857115756,-9.753672795397529,11.706174013754785
0.8,0.20900000000000002,0.0021455045112069603,-10.07304700554825,11.315509626164069
0.8,0.213,0.0022564167914329593,-10.380305601958058,10.927438125229378
0.8,0.217,0.002370337443103883,-10.676366456085013,10.541991882529897
0.8,0.221,0.0024872104505702227,-10.962130366888145,10.159187624346504
0.8,0.225,0.002606966713234691,-11.238482807407845,9.779023808192683
0.8,0.229,0.002729523006062007,-11.50629829029203,9.401480926043043
0.8,0.233,0.0028547790498573704,-11.766450468399094,9.026522337245288
0.8,0.23700000000000002,0.002982614449010681,-12.019821555669756,8.654093569356682
0.8,0.241,0.0031126647361785255,-12.267937879249134,8.284130375605347
0.8,0.245,0.003245215746033129,-12.51040227801239,7.916504753299462
0.8,0.249,0.003379865377667006,-12.748784298771835,7.551128739246754
0.8,0.253,0.003516399611648002,-12.984042420679646,7.187867097584079
0.8,0.257,0.003654885592182104,-13.216428071753642,6.826623880241733
0.8,0.261,0.0037944337918121413,-13.448482953573528,6.4671051113245355
0.8,0.265,0.003935020670458316,-13.680585754528698,6.109136295698336
0.8,0.269,0.004076283108090016,-13.913931021852594,5.7524648062542685
0.8,0.273,0.0042178093957030306,-14.14980700995976,5.396798487553876
0.8,0.277,0.004359133663344755,-14.389614273005218,5.041799714603174
0.8,0.281,0.004499729684033664,-14.634887681699297,4.687078175690183
0.8,0.28500000000000003,0.004639003989573308,-14.88732272894345,4.33218205510742
0.8,0.28900000000000003,0.004776288410965422,-15.148806820291785,3.976587578026988
0.8,0.293,0.00491083077959079,-15.421459349503978,3.619685174037506
0.8,0.297,0.005041786663692719,-15.70767668600205,3.260764059237043
0.8,0.301,0.00516820822017493,-16.010191942308584,2.89899151393216
0.8,0.305,0.005289032600392853,-16.3321478673906,2.5333875914524513
0.8,0.309,0.005403069253876783,-16.67718850876216,2.1627933031225766
0.8,0.313,0.005508985332591993,-17.049576940813154,1.785829376018572
0.8,0.317,0.005605290329689871,-17.454345328826786,1.4008440970657636
0.8,0.321,0.005690318409289389,-17.897491714663015,1.005844478762893
0.8,0.325,0.005762208944824356,-18.386239341697728,0.5984057733366994
0.8,0.329,0.0058188852852134815,-18.92938300226361,0.17555046112434147
0.8,0.333,0.005858031111472908,-19.53775965922911,-0.2664160994336759
0.8,0.337,0.00587706439995161,-20.224898111802514,-0.7321325495865965
0.8,0.341,0.005873108713686243,-21.007932816874703,-1.227500666482287
0.8,0.34500000000000003,0.005842961693718329,-21.908916166319962,-1.7601434999827283
0.8,0.34900000000000003,0.005782592117008358,-22.957616870479093,-2.3407709058911688
0.8,0.353,0.0056889747807596786,-24.19100927508146,-2.9814971481993218
0.8,0.357,0.005557241041689194,-25.662893900712067,-3.701389745059776
0.8,0.361,0.005382503021442725,-27.4478841493947,-4.5264414698666995
0.8,0.365,0.0051593335607952266,-29.654613014169044,-5.494528458579286
0.8,0.369,0.004881711275476552,-32.44768365794033,-6.663075785755508
0.8,0.373,0.004542974230935024,-36.089084928099645,-8.123503969278515
0.8,0.377,0.004135737513906317,-41.0229472228286,-10.03083165302157
0.8,0.381,0.003651823051460537,-48.067278996315096,-12.670625653700535
0.8,0.385,0.0030821946268880258,-58.91241492398465,-16.633016590787264
0.8,0.389,0.002417086928228878,-77.70432963693496,-23.363330257379708
0.8,0.393,0.0016448895152249628,-118.08168902321282,-37.62943933224024
0.8,0.397,0.0007540729145458763,-266.3642355445742,-89.56135922638819
0.8,0.401,-0.0002689174313095572,772.357681315561,272.9238439456796
0.8,0.405,-0.0014387442576225022,149.2765139133164,55.23690121920236
0.8,0.40900000000000003,-0.002771533979817868,80.1305102488403,30.94651304848066
0.8,0.41300000000000003,-0.004285274546887805,53.5943259011867,21.53508221747178
0.8,0.41700000000000004,-0.00599871785850165,39.593360596766324,16.50651054106223
0.8,0.421,-0.00793257226006845,30.964649284735284,13.35868475748251
0.8,0.425,-0.010110839786202551,25.128176053002708,11.188765707883187
0.8,0.429,-0.012558043151056996,20.92917744675966,9.594780182262001
0.8,0.433,-0.015301247312934911,17.772166801878218,8.368789149224925
0.8,0.437,-0.01836971457037667,15.319110308772908,7.392728090461799
0.8,0.441,-0.021794965603444117,13.363849000437588,6.594570727168742
0.8,0.445,-0.0256108367488362,11.773487360336283,5.927863716436087
0.8,0.449,-0.029853494761699937,10.458493379895199,5.361289309234605
0.8,0.453,-0.0345614269261162,9.356335795117598,4.872951798261619
0.8,0.457,-0.03977534734882054,8.422014934237657,4.447074429637389
0.8,0.461,-0.04553816437251612,7.622309051103455,4.071984010880891
0.8,0.465,-0.051894635571094486,6.932163542955461,3.738861900023681
0.8,0.46900000000000003,-0.05889123630740623,6.3323154306994045,3.440904792228322
0.8,0.47300000000000003,-0.06657569620736692,5.8077134923220495,3.172779157342689
0.8,0.47700000000000004,-0.07499647914840946,5.346425881044379,2.930239995021653
0.8,0.481,-0.0842024786996101,4.938863415104068,2.70985237408515
0.8,0.485,-0.09424192141900305,4.577239944277966,2.5088143456056184
0.8,0.489,-0.10516158414692899,4.255164680742934,2.324810487712153
0.8,0.493,-0.11700599286340316,3.967339959874109,2.1559036149269306
0.8,0.497,-0.12981583946376166,3.709342870536491,2.0004649553679177
0.8,0.501,-0.14362788863049228,3.477439964890748,1.8570970750638847
0.8,0.505,-0.15847201490805038,3.2684740749092174,1.72461242793982
0.8,0.509,-0.17437079713941622,3.079748237489559,1.601981239150009
0.8,0.513,-0.19133798749835124,2.9089464256218407,1.488306102692999
0.8,0.517,-0.20937642121226108,2.754072805271761,1.3828044888067115
0.8,0.521,-0.22847757588668505,2.6133939023863992,1.2847836052389208
0.8,0.525,-0.24861979251894853,2.485400402720566,1.193630603278229
0.8,0.529,-0.2697674403264561,2.3687719720009275,1.1087996324585199
0.8,0.533,-0.2918702493908386,2.262349157557523,1.0298021942688704
0.8,0.537,-0.31486306577232426,2.1651100534169476,0.9561990478110286
0.8,0.541,-0.3386657847236111,2.0761516110177407,0.8875942463894456
0.8,0.545,-0.3631902516522776,1.9946591729150498,0.82361467920611
0.8,0.549,-0.388322182794094,1.9199384813385478,0.7639535245519096
0.9,0.001,5.387088346060898e-10,-735.4372434760998,-743.8041806175041
0.9,0.005,6.653072331250168e-8,172.6746127602206,-121.97368196181372
0.9,0.009000000000000001,3.8351610392396586e-7,118.47415315926096,6.817091039850784
0.9,0.013000000000000001,1.1428038483638283e-6,72.89309210830501,39.693091457062486
0.9,0.017,2.5275837637320125e-6,43.063351861131814,47.50018955286127
0.9,0.021,4.713613182552148e-6,23.349779468701286,46.93749236067008
0.9,0.025,7.86979823828298e-6,9.992442200375967,43.338883455806474
0.9,0.029,0.000012158707881137872,0.76451184393309,38.713354119979755
0.9,0.033,0.00001773712095507352,-5.6815586343997895,33.88905252965041
0.9,0.037000000000000005,0.000024756211882567306,-10.193527818269795,29.219736247495373
0.9,0.041,0.00003336231839867728,-13.32503778502232,24.85207863942695
0.9,0.045,0.00004369676801580928,-15.450079901884648,20.838094462578873
0.9,0.049,0.00005589645341766028,-16.828570686037704,17.185301093760952
0.9,0.053000000000000005,0.00007009472858423686,-17.645579483886426,13.880582688073071
0.9,0.057,0.0000864199991199008,-18.036014949550765,10.90197333968244
0.9,0.061,0.00010499760663271165,-18.099804653363933,8.224308884327087
0.9,0.065,0.0001259533882554773,-17.911947302504366,5.822208811841571
0.9,0.069,0.0001494156147558788,-17.52957870604948,3.671721433363248
0.9,0.07300000000000001,0.00017544833527332137,-17.000464526006038,1.7491220884229775
0.9,0.077,0.0002042226365303984,-16.35570399848239,0.03499266287027628
0.9,0.081,0.00023582765074097963,-15.624201536087982,-1.489790548347205
0.9,0.085,0.0002703704834561576,-14.827910447849945,-2.842118329842916
0.9,0.089,0.0003080006504753832,-13.983590929025844,-4.036358572346917
0.9,0.093,0.00034869242915738525,-13.107946106923375,-5.088663546962777
0.9,0.097,0.0003926651281416686,-12.21021354124738,-6.0090807988516275
0.9,0.101,0.0004399851729269371,-11.300470776451847,-6.809400180805412
0.9,0.10500000000000001,0.0004908158665858238,-10.3860471055711,-7.498806489554509
0.9,0.109,0.0005451175515006127,-9.474284998300734,-8.088326119218275
0.9,0.113,0.0006030458068311716,-8.569860650079605,-8.585315063236644
0.9,0.117,0.0006646911190367892,-7.677075040264864,-8.99731772695611
0.9,0.121,0.0007301422864983002,-6.79947047721828,-9.331215571293118
0.9,0.125,0.0007994054288628456,-5.9399722053506,-9.593965438236925
0.9,0.129,0.0008727090968456922,-5.1009059615582375,-9.790065203037743
0.9,0.133,0.0009500638944926245,-4.284268187406801,-9.925460755860644
0.9,0.137,0.0010316208181196575,-3.491661763215784,-10.004623069033716
0.9,0.14100000000000001,0.001117356346482225,-2.7243461822504655,-10.032670007139082
0.9,0.14500000000000002,0.001207400597578338,-1.9833363711076923,-10.013447941757672
0.9,0.149,0.0013018308530481693,-1.269421914879702,-9.950809706963119
0.9,0.153,0.0014009097414178497,-0.5835247946863007,-9.847648384672624
0.9,0.157,0.0015042126634995285,0.07481455628605922,-9.709116932066944
0.9,0.161,0.0016122436257832063,0.7045056611622467,-9.536699737838005
0.9,0.165,0.0017249611493708559,1.3056085882152584,-9.333687853910337
0.9,0.169,0.0018424350361899663,1.8780577478855187,-9.102766057519906
0.9,0.17300000000000001,0.0019647373575499656,2.4218724909449754,-8.846433230961633
0.9,0.177,0.0020919561994246633,2.9371225877464338,-8.566997594685484
0.9,0.181,0.002224116447028331,3.424044369747449,-8.266728754103509
0.9,0.185,0.0023613096643062687,3.882824200447459,-7.947631840578084
0.9,0.189,0.002503707896171002,4.313577552734599,-7.6115110014673
0.9,0.193,0.0026511372749193182,4.716987853276094,-7.260462435786188
0.9,0.197,0.002803786527579896,5.093219820260113,-6.8960154963465286
0.9,0.201,0.0029617144594094405,5.442668364519681,-6.519767587895275
0.9,0.20500000000000002,0.0031249731607753337,5.765763888230385,-6.133222868836913
0.9,0.20900000000000002,0.0032936230171104123,6.062947504738041,-5.737788693327435
0.9,0.213,0.003467715414459926,6.334691497720395,-5.334793298017934
0.9,0.217,0.003647296570003164,6.581489841055563,-4.925486098911683
0.9,0.221,0.0038324247111930195,6.803834731192796,-4.51103800624746
0.9,0.225,0.004023123258726359,7.002269174798999,-4.09255685242932
0.9,0.229,0.004219459354898006,7.177294189014122,-3.671075527754063
0.9,0.233,0.004421425387192084,7.329496465605063,-3.247570214452007
0.9,0.23700000000000002,0.004629078903797336,7.459396172519111,-2.8229509897130525
0.9,0.241,0.004842392783361019,7.567596463949609,-2.398067852511762
0.9,0.245,0.005061541342694102,7.654520557138503,-1.9737360841102203
0.9,0.249,0.005286691025179379,7.720626018209706,-1.5507424007605188
0.9,0.253,0.0055172230169670995,7.76698299359134,-1.1296786641480645
0.9,0.257,0.00575349014554933,7.793860029399427,-0.7112379491328256
0.9,0.261,0.005995460976529924,7.801837841590734,-0.296013218996999
0.9,0.265,0.00624283681749946,7.791652570105113,0.11552512728879709
0.9,0.269,0.006496648779350323,7.763216601287885,0.5225661979226768
0.9,0.273,0.006755504661214936,7.717911777903792,0.9250355880761307
0.9,0.277,0.007019509354070148,7.65614738679117,1.322492201131771
0.9,0.281,0.007289271848296138,7.57811284197486,1.714343577446154
0.9,0.28500000000000003,0.007564260913122767,7.4845770322944185,2.1004052006748544
0.9,0.28900000000000003,0.00784446786148823,7.3760249749714335,2.480357568789577
0.9,0.293,0.008129521742282235,7.253073430940632,2.8540504725621187
0.9,0.297,0.008419271743976131,7.116219813062429,3.2212901633328697
0.9,0.301,0.0087134506781118,6.965982137355576,3.5819621308569007
0.9,0.305,0.009011739359758084,6.802866186090031,3.936008079596605
0.9,0.309,0.009313763585061833,6.6273619118304685,4.283427518832945
0.9,0.313,0.009619123682422074,6.439932215965128,4.624267394525668
0.9,0.317,0.009927186593745448,6.241056801312287,4.958701922280024
0.9,0.321,0.010237444646999175,6.03113964059909,5.286899400962937
0.9,0.325,0.010549193589867927,5.810582320617893,5.6091444887226
0.9,0.329,0.010861769246032736,5.579731045355611,5.925752844340829
0.9,0.333,0.011174510409745188,5.338889642215362,6.237089888783413
0.9,0.337,0.01148520057545185,5.088475892647171,6.544171126852635
0.9,0.341,0.011793217221194347,4.828624932667826,6.847464075778576
0.9,0.34500000000000003,0.012097089823356118,4.559496807371257,7.147834056911354
0.9,0.34900000000000003,0.012395120324662537,4.281173111500772,7.4463191392491845
0.9,0.353,0.012685349979553888,3.9936408519830136,7.7441602020963725
0.9,0.357,0.012965521648582883,3.6967723006465745,8.042838653929712
0.9,0.361,0.013233036199759744,3.3902995999660877,8.344124498179774
0.9,0.365,0.013486047070796097,3.07388355312855,8.649688609560718
0.9,0.369,0.013718850872292602,2.746689523671198,8.962973368006917
0.9,0.373,0.013928561138149801,2.4078677105890964,9.286640163731692
0.9,0.377,0.014110722830008257,2.0561612685407975,9.624414317367231
0.9,0.381,0.014260070700627816,1.6898609522766614,9.980935422643793
0.9,0.385,0.01437044076852427,1.3066564163585446,10.362012150056687
0.9,0.389,0.014434793403278344,0.9034656781069024,10.77493068954481
0.9,0.393,0.01444640337928007,0.476483187183561,11.228442746347234
0.9,0.397,0.014395660344455864,0.020154209299113112,11.73470324232549
0.9,0.401,0.014272322389975752,-0.4728980974961275,12.30942589803308
0.9,0.405,0.014064641993476689,-1.0128713473333733,12.973843493332588
0.9,0.40900000000000003,0.01375929364974344,-1.6141231539387497,13.757326390856841
0.9,0.41300000000000003,0.013341063829879865,-2.2974298126595647,14.7018226365837
0.9,0.41700000000000004,0.012792625507527841,-3.093859078057462,15.869456658694855
0.9,0.421,0.012095226933676664,-4.051246680677826,17.355848006367673
0.9,0.425,0.01122453547437586,-5.250378717428576,19.319617845675417
0.9,0.429,0.01015619724957151,-6.831370210188563,22.037426022731527
0.9,0.433,0.008861518395992028,-9.0675224848635,26.046972621423134
0.9,0.437,0.00730809743877085,-12.568843147692021,32.54720007764101
0.9,0.441,0.005459431819248635,-19.03021305708814,44.86770152520704
0.9,0.445,0.0032745083535544593,-35.57075344566786,76.99129976482438
0.9,0.449,0.0007073857781713712,-183.21800385867968,366.6185885852079
0.9,0.453,-0.0022932180644099445,62.48132086370858,-116.28386701470913
0.9,0.457,-0.005784316842621791,27.23032183373682,-47.38632331455723
0.9,0.461,-0.009829015176007896,17.527629546712046,-28.656168708419006
0.9,0.465,-0.0144967681250839,12.94002150740562,-19.96179171505382
0.9,0.46900000000000003,-0.019863566208604813,10.241165023384333,-14.96625219064725
0.9,0.47300000000000003,-0.026011959643447158,8.44908638304622,-11.740627334670787
0.9,0.47700000000000004,-0.033030856361184455,7.163667624043523,-9.498828781819249
0.9,0.481,-0.04101507789405604,6.191239297899229,-7.8602978058143655
0.9,0.485,-0.0500645707656788,5.42659838980085,-6.618285045230255
0.9,0.489,-0.06027529725235176,4.808154179192316,-5.650922422196323
0.9,0.493,-0.07176642431391951,4.2957851391980935,-4.881058712056805
0.9,0.497,-0.08463905993047761,3.8641498972009445,-4.258162399877351
0.9,0.501,-0.09899562419957943,3.4954840098417925,-3.7473667802054242
0.9,0.505,-0.11493282575867521,3.1770952749658807,-3.3238703295974963
0.9,0.509,-0.13253812186064304,2.8996491803346878,-2.9695374331108804
0.9,0.513,-0.1518784303425892,2.6562007700351247,-2.67082683670966
0.9,0.517,-0.17300795053097376,2.44129654063205,-2.417355457427716
0.9,0.521,-0.1959499520846013,2.2507266546088727,-2.2010803564942885
0.9,0.525,-0.22071833795706094,2.080975202837503,-2.015598193279712
0.9,0.529,-0.2472333650758943,1.929581421237005,-1.855932067923688
0.9,0.533,-0.2754318231533965,1.79414050054234,-1.7179157484206566
0.9,0.537,-0.3051894479963197,1.672775866410104,-1.5981907554176504
0.9,0.541,-0.3363412378126419,1.563897289814099,-1.493984017271292
0.9,0.545,-0.3686812235912981,1.4661509035724094,-1.402990552188517
0.9,0.549,-0.4019586116856543,1.3783915452908635,-1.3232878984429048
0.99,0.001,1.1799826595511507e-9,196.44072490149853,-145.76679823563947
0.99,0.005,1.452797051254456e-7,29.416085708527113,-39.806419907503475
0.99,0.009000000000000001,8.350247773243972e-7,3.57440955927079,27.581810638329646
0.99,0.013000000000000001,2.481379773667048e-6,-19.356549210646453,2.1077013942548883
0.99,0.017,5.4738079805833945e-6,-6.4906513712709755,-13.582859221006801
0.99,0.021,0.0000101824121330233,6.764167787824431,-10.296003847864661
0.99,0.025,0.000016959702050549458,10.409537195531158,-1.0178872260670413
0.99,0.029,0.000026142145027175197,6.974242327864918,5.864418085085174
0.99,0.033,0.000038051449294482375,1.1785986996275,8.005339434167666
0.99,0.037000000000000005,0.000052995845787234035,-3.6485759130008515,6.313306456936385
0.99,0.041,0.00007127084075897702,-6.068185291808475,2.7154429912915474
0.99,0.045,0.00009316081332881185,-6.0316252075399985,-1.0294310198022687
0.99,0.049,0.0001189389541801283,-4.234955419190628,-3.7794071039795503
0.99,0.053000000000000005,0.00014886857149666664,-1.6081495888569144,-5.050586457349742
0.99,0.057,0.00018320350834761425,1.006446146925761,-4.874781762120821
0.99,0.061,0.0002221888069488306,3.012615836673569,-3.6039455711015176
0.99,0.065,0.00026606134906790376,4.102407621573602,-1.7283270716714223
0.99,0.069,0.0003150501990815143,4.226461345360873,0.2629444836725344
0.99,0.07300000000000001,0.00036937705944240347,3.5279833824154845,1.9718202862090377
0.99,0.077,0.00042925624421079014,2.2655676953523693,3.136144797857286
0.99,0.081,0.0004948967688131208,0.741057451755771,3.6386978530260685
0.99,0.085,0.0005665001068447911,-0.7584891227714085,3.491315516191274
0.99,0.089,0.0006442621651567578,-2.0009886573302773,2.8042689023714087
0.99,0.093,0.0007283730582903345,-2.831527216745263,1.7495132837813177
0.99,0.097,0.0008190174452423001,-3.178732379180844,0.5243492778741187
0.99,0.101,0.0009163745539386496,-3.048729072435325,-0.6800162745027007
0.99,0.10500000000000001,0.0010206190723131585,-2.510541910159588,-1.7023901127895948
0.99,0.109,0.0011319200986261875,-1.6767194746416532,-2.4269597399159935
0.99,0.113,0.0012504422019522978,-0.6824893598369719,-2.7902553297453565
0.99,0.117,0.001376345337902941,0.33389409691992034,-2.78074272270385
0.99,0.121,0.0015097849803588081,1.2477058828965852,-2.432597141600848
0.99,0.125,0.001650912096271577,1.9600443350045686,-1.8154588065022734
0.99,0.129,0.0017998731529935313,2.4053723699359275,-1.0219901593982332
0.99,0.133,0.0019568110717194226,2.554382859960419,-0.15489375612886552
0.99,0.137,0.002121863910892024,2.412693602267937,0.6852048715226997
0.99,0.14100000000000001,0.0022951653209417012,2.0161871599467713,1.4099755496945903
0.99,0.14500000000000002,0.0024768461626901443,1.4239640078036266,1.9510025604341272
0.99,0.149,0.0026670319656083383,0.7099406981034737,2.26447978279817
0.99,0.153,0.0028658446503269253,-0.04593370885306837,2.3329641897188305
0.99,0.157,0.0030734014894137508,-0.7659825554622278,2.164436576958667
0.99,0.161,0.003289815575160622,-1.3819413075333966,1.789114163381893
0.99,0.165,0.0035151987443333495,-1.8404551251160735,1.2545852074339827
0.99,0.169,0.003749654995836024,-2.1066478313567605,0.6199059461663806
0.99,0.17300000000000001,0.003993286306905816,-2.1656922347769183,-0.05071514798312265
0.99,0.177,0.004246187110012249,-2.0224773039226145,-0.6940591191390657
0.99,0.181,0.004508450921323386,-1.699608250192619,-1.2533577886388483
0.99,0.185,0.004780165575793118,-1.2340925648238186,-1.6827125271440013
0.99,0.189,0.005061416621442336,-0.6731135079771421,-1.950203869313362
0.99,0.193,0.005352278153374356,-0.06932747593097854,-2.0395811762736895
0.99,0.197,0.005652826337642318,0.5238941949192546,-1.9505274772498724
0.99,0.201,0.005963130415029204,1.056896481747369,-1.6976224520473173
0.99,0.20500000000000002,0.006283254523496262,1.4875308865551156,-1.3081966101968365
0.99,0.20900000000000002,0.006613257676582388,1.7840678472286,-0.8193428940666031
0.99,0.213,0.0069531936865289586,1.927084454549939,-0.2743856897384293
0.99,0.217,0.0073031100333146295,1.9102700612554655,0.2808805281554026
0.99,0.221,0.007663049943780789,1.7401761805058364,0.8018846426041891
0.99,0.225,0.008033050528350173,1.435012606696244,1.2486330178736895
0.99,0.229,0.008413144849136283,1.0226483585696502,1.5885089306331766
0.99,0.233,0.008803348527106706,0.5380240578073688,1.7983505144295688
0.99,0.23700000000000002,0.009203687886516968,0.02019933076006431,1.865708636421776
0.99,0.241,0.009614172839078484,-0.4907234374693167,1.7892587017494548
0.99,0.245,0.010034806249256935,-0.9565798326857771,1.5783858588953972
0.99,0.249,0.01046558984226222,-1.3438227387182973,1.2520284481964818
0.99,0.253,0.01090648897626813,-1.6257325241949214,0.8369120601908759
0.99,0.257,0.011357526525941507,-1.78403087951154,0.36532232554080696
0.99,0.261,0.011818630626861686,-1.8098453753748671,-0.1273898645708842
0.99,0.265,0.012289794964792645,-1.7039566660008778,-0.6054026633984303
0.99,0.269,0.012770950643388313,-1.4763972169185695,-1.034923848571678
0.99,0.273,0.013262076033122214,-1.1454232880595023,-1.3864445165063992
0.99,0.277,0.013763068237790443,-0.7359967347546813,-1.636608150157817
0.99,0.281,0.014273877899171747,-0.2778646068222913,-1.7695879034359951
0.99,0.28500000000000003,0.014794409035723469,0.19658437726070152,-1.7779157409615851
0.99,0.28900000000000003,0.015324567290330361,0.6545629729063093,-1.662726557508113
0.99,0.293,0.015864242595034644,1.0650668301170707,-1.4334353011690697
0.99,0.297,0.016413313267436513,1.400862932402575,-1.1068897221380631
0.99,0.301,0.016971646462761062,1.6401675275628314,-0.7060754421756121
0.99,0.305,0.01753908593584575,1.7679213284891107,-0.2584731699472581
0.99,0.309,0.018115476579043107,1.7765967819755932,0.2058155846855797
0.99,0.313,0.01870064037291226,1.6665111689780108,0.6560487956714671
0.99,0.317,0.019294381628930858,1.4456398060622284,1.0628096890715553
0.99,0.321,0.01989344075157604,1.1289895579069404,1.3999860283226235
0.99,0.325,0.020506740132833483,0.7373864293591533,1.645586442871266
0.99,0.329,0.021124878535664617,0.29636135739402036,1.7845342172626957
0.99,0.333,0.021750647894847357,-0.16578199741654234,1.8079911827435222
0.99,0.337,0.022383759703188212,-0.6196037439709166,1.714559059411297
0.99,0.341,0.023023907577324077,-1.036364878026399,1.5101116404400121
0.99,0.34500000000000003,0.023670761828777094,-1.3897581063598492,1.2073507638223215
0.99,0.34900000000000003,0.024323969192896863,-1.6574628984154853,0.8249684047857454
0.99,0.353,0.024983153749269557,-1.822440351920225,0.3864734511796471
0.99,0.357,0.025647903654871077,-1.8739014304433297,-0.08124310512086101
0.99,0.361,0.026317787425849583,-1.8078990772635424,-0.5495145493653721
0.99,0.365,0.02699233931413723,-1.6275230337241662,-0.9895865503388619
0.99,0.369,0.027671059078949314,-1.3426919201938463,-1.3742887379047537
0.99,0.373,0.028347262264179184,-0.9695738633379121,-1.679835558579033
0.99,0.377,0.029032353616081218,-0.5295501363317865,-1.8862568175655106
0.99,0.381,0.029719990345490537,-0.04824247409834331,-1.9798976533271098
0.99,0.385,0.03040942590669444,0.44614296997989267,-1.9533196973532434
0.99,0.389,0.031100554258671156,0.924304202343107,-1.8059337395871804
0.99,0.393,0.03179153403622571,1.3575251117503646,-1.544125797510067
0.99,0.397,0.03248366714561938,1.7191297998543786,-1.1808520484860672
0.99,0.401,0.03317178459302046,1.986258963227406,-0.7350947340836335
0.99,0.405,0.03385685756252946,2.140722154248349,-0.2307532459952099
0.99,0.40900000000000003,0.03453753338816533,2.1703019992213606,0.3044814655584802
0.99,0.41300000000000003,0.03521211450401805,2.0694051102155315,0.8405889741731332
0.99,0.41700000000000004,0.035878554343344075,1.8394340262374076,1.3467697232132678
0.99,0.421,0.03653381425135859,1.4888079206213427,1.7930541239224052
0.99,0.425,0.03717388207987493,1.032596716241524,2.1518509615922636
0.99,0.429,0.037796532998831484,0.4918419589096887,2.3992624964195017
0.99,0.433,0.03839278061041196,-0.10745872027653595,2.5165968719329546
0.99,0.437,0.038960109765372244,-0.7355018773440476,2.4908624757945415
0.99,0.441,0.03947726253731849,-1.3605888259221135,2.3161067590726594
0.99,0.445,0.03993887920205612,-1.949912978364753,1.9925943647708948
0.99,0.449,0.04031526132612318,-2.4721781742509514,1.5274695708064074
0.99,0.453,0.04057469178699187,-2.8984245677651974,0.9332552000601919
0.99,0.457,0.04067547801474246,-3.2033346196058132,0.22656505183361936
0.99,0.461,0.04055096878595118,-3.366403734680089,-0.5743259079955413
0.99,0.465,0.04011087811683945,-3.371517866874549,-1.4530518462611142
0.99,0.46900000000000003,0.03922589567337148,-3.205624368543662,-2.4007816864227753
0.99,0.47300000000000003,0.03771262159521335,-2.85441135652805,-3.425965711793222
0.99,0.47700000000000004,0.03531315911898012,-2.2916647437761926,-4.574159518172364
0.99,0.481,0.031665281218845605,-1.4509282306998381,-5.978255878128957
0.99,0.485,0.02626984515792118,-0.1317470586087951,-8.023603690947164
0.99,0.489,0.01843081314888926,2.4644833015630305,-12.172182204209758
0.99,0.493,0.007228017475819628,13.73050977997883,-31.63837851969677
0.99,0.497,-0.008545431503191116,-18.287041588261875,26.074487103604568
0.99,0.501,-0.03040119475207155,-7.057135931282235,6.782130686987189
0.99,0.505,-0.06010947167023534,-4.5241655235332185,2.9724531437250006
0.99,0.509,-0.09957044187833183,-3.2768953204737934,1.4134708741363502
0.99,0.513,-0.1504616369232134,-2.4944480237416546,0.6201004760634724
0.99,0.517,-0.21373472812565475,-1.9503271843506216,0.17668255402409416
0.99,0.521,-0.2890182042409525,-1.5528585189405002,-0.08327558374602595
0.99,0.525,-0.3739803479330413,-1.2546045474549392,-0.24108326520922782
0.99,0.529,-0.4645362457010603,-1.0257185980407544,-0.34078281771301666
0.99,0.533,-0.5554590084237903,-0.8454569649284139,-0.40739942609848434
0.99,0.537,-0.6412543875856569,-0.6986955482916919,-0.4552750480836617
0.99,0.541,-0.7177973378079554,-0.5740178422456133,-0.4919293608641126
0.99,0.545,-0.7827909028359454,-0.46312279448340843,-0.5207685155617942
0.99,0.549,-0.8356756473947969,-0.360272233993619,-0.5427177939214824
0.999,0.001,1.5507436737812233e-9,20.029311499056263,-67.44808136006642
0.999,0.005,1.9066788999123686e-7,9.498914478180641,-10.61664604404363
0.999,0.009000000000000001,1.0945166668493254e-6,6.274679787455876,4.978256228997498
0.999,0.013000000000000001,3.248545580806002e-6,5.330745348987518,-1.7498510139822643
0.999,0.017,7.158399670240424e-6,-3.3265147813863916,-2.787478562218915
0.999,0.021,0.000013301135686269371,1.7535887418389489,3.09059753821275
0.999,0.025,0.000022129586257398528,-1.675946973207304,-2.5104663353177314
0.999,0.029,0.00003407886390300879,2.1628369246654198,1.497877325528603
0.999,0.033,0.000049564127503665465,-2.3370589734087437,-0.005547771944270741
0.999,0.037000000000000005,0.00006896682714339138,1.5022215865417003,-1.477311226006196
0.999,0.041,0.00009266177403151582,0.24261983390559846,1.9063666852496517
0.999,0.045,0.00012100834597144782,-1.6239179919690803,-0.7029128267807461
0.999,0.049,0.0001543879717954728,1.2305309518896406,-1.0871458355171355
0.999,0.053000000000000005,0.00019309313110992525,0.5501581449480838,1.4317306418508104
0.999,0.057,0.00023743981566890822,-1.4362008960365629,0.11601360961864916
0.999,0.061,0.0002877308252121423,0.1957875588176949,-1.3460595532740138
0.999,0.065,0.0003443150606214938,1.22575520217202,0.4002831146375395
0.999,0.069,0.00040751296408553716,-0.5214579997387445,1.110512224225727
0.999,0.07300000000000001,0.0004774212564174612,-1.0166773710869963,-0.5816795453662266
0.999,0.077,0.0005544035774178147,0.5977030444103767,-0.9490856430035377
0.999,0.081,0.0006387362483543215,0.906772127629563,0.5808462222206325
0.999,0.085,0.0007308119486281507,-0.5379168688065561,0.8857064377790141
0.999,0.089,0.0008306847379954966,-0.880406816381443,-0.47297424667125915
0.999,0.093,0.000938545755438693,0.38823941054300387,-0.8843781228119096
0.999,0.097,0.0010546270410895676,0.8905707836008022,0.2852574161616409
0.999,0.101,0.0011792684078054212,-0.16571576683129385,0.8916401044334236
0.999,0.10500000000000001,0.0013127242997620495,-0.8802732451319843,-0.032200041924146404
0.999,0.109,0.0014552161170027012,-0.11125605987531113,-0.8495121424729636
0.999,0.113,0.0016066244465634144,0.7933929198349465,-0.258712438764049
0.999,0.117,0.0017673111977568716,0.4024207054159084,0.7073958022915506
0.999,0.121,0.0019377383237147337,-0.589318189449821,0.5329687839245776
0.999,0.125,0.0021178240781802044,-0.6398806679890003,-0.4401008535097977
0.999,0.129,0.0023076050581358285,0.26425835733776193,-0.7124472486520952
0.999,0.133,0.0025073583206522317,0.7409056000316918,0.07020952874407094
0.999,0.137,0.0027175625540449854,0.12982588392755615,0.7178798577457866
0.999,0.14100000000000001,0.0029381162174510825,-0.6399715952674552,0.3204949308684515
0.999,0.14500000000000002,0.0031693593387755307,-0.48473775373826794,-0.508837805300039
0.999,0.149,0.003410645814766766,0.3322879813345498,-0.6054535030861984
0.999,0.153,0.003662851717883006,0.6677632683379827,0.12420384416750407
0.999,0.157,0.003925797892650301,0.09591461325479196,0.6615486542987579
0.999,0.161,0.0042000394441551936,-0.5835242010091811,0.30474818569030704
0.999,0.165,0.004485979081123595,-0.4776630116339956,-0.43890750962809144
0.999,0.169,0.004782602603534615,0.24210011628751907,-0.5920743183352132
0.999,0.17300000000000001,0.00508970068825616,0.6309919252047638,0.01573653629196021
0.999,0.177,0.005409811084899703,0.21146611599139575,0.5861137713929406
0.999,0.181,0.005740284708941863,-0.46071174017274136,0.40817656346364883
0.999,0.185,0.00608355388461587,-0.5451714649854539,-0.26985415881949776
0.999,0.189,0.006437684752935544,0.03993708363550869,-0.6002047693128997
0.999,0.193,0.006803626968555994,0.5623393871827927,-0.1948383199740115
0.999,0.197,0.007181327938726976,0.39722740290994646,0.4350324135960567
0.999,0.201,0.00757128299690655,-0.2367891711052751,0.5331825142278485
0.999,0.20500000000000002,0.007972870214988641,-0.5780297637170884,0.0005740534575845129
0.999,0.20900000000000002,0.008385980973599582,-0.2366644829980736,-0.5218302637723291
0.999,0.213,0.008810323696502115,0.37237710584232475,-0.42926279011553714
0.999,0.217,0.0092488293926997,0.5420441700310431,0.1549933552134547
0.999,0.221,0.009697269608096814,0.09071787276294824,0.5522037938174233
0.999,0.225,0.010158908818380281,-0.4556583371251043,0.3180393303852843
0.999,0.229,0.01063168267805788,-0.48179667015309674,-0.2694448679425531
0.999,0.233,0.011116899138974581,0.029358486829284804,-0.5478204507593935
0.999,0.23700000000000002,0.011612962257897413,0.5007838979341289,-0.21619473024929378
0.999,0.241,0.012123161442293274,0.41578254349517724,0.34845810739816097
0.999,0.245,0.012641866950190804,-0.12172503637806782,0.5259272327890845
0.999,0.249,0.013172915847915717,-0.5210706849717529,0.1313712056666348
0.999,0.253,0.013717356536984804,-0.3550996350437954,-0.4003036420366788
0.999,0.257,0.014271169158709443,0.1890224913444477,-0.49845811937881823
0.999,0.261,0.01483892053434549,0.527152313965924,-0.06585044321456153
0.999,0.265,0.015414660094174823,0.3055203290742574,0.4326789258368717
0.999,0.269,0.0160033312768306,-0.2352973402130022,0.4729780381613867
0.999,0.273,0.01660166868695276,-0.5267535697749006,0.019167911423631296
0.999,0.277,0.017209607776477644,-0.26958499814216486,-0.4518428440795035
0.999,0.281,0.017828868974653307,0.2646046248957114,-0.45390332184807175
0.999,0.28500000000000003,0.01845650694403328,0.5247785710845867,0.010162352600936208
0.999,0.28900000000000003,0.0190960962179359,0.24797950155468793,0.4622148916105935
0.999,0.293,0.019743603242577817,-0.280066539143077,0.44337925367126524
0.999,0.297,0.020401630918494573,-0.5239777879926816,-0.023702098823742204
0.999,0.301,0.021069975978254458,-0.24050694960697616,-0.4664463991600146
0.999,0.305,0.021740706758290252,0.2837528557449575,-0.4421680354745672
0.999,0.309,0.022421664529330997,0.525669038437335,0.022821950151282248
0.999,0.313,0.023112967980964332,0.2465313969922556,0.4659419741206388
0.999,0.317,0.02380862590756126,-0.2767794852559836,0.45009888917432656
0.999,0.321,0.024513476765621166,-0.5297860484255307,-0.008348419497647249
0.999,0.325,0.02521944979604772,-0.26526879726084,-0.46070610882405666
0.999,0.329,0.025931589146868838,0.25938111356350285,-0.46635633627694406
0.999,0.333,0.026650243547094603,0.5355624131478992,-0.01916183869944176
0.999,0.337,0.027369428467545472,0.29580278512214975,0.4499709458762262
0.999,0.341,0.028092794567236637,-0.23109751942589074,0.4895588110170613
0.999,0.34500000000000003,0.028820373172944617,-0.5412627203849996,0.05952925867433376
0.999,0.34900000000000003,0.029548324956587362,-0.3370475158586672,-0.4321249258425808
0.999,0.353,0.030273642559412915,0.19095496879949597,-0.5178115606740307
0.999,0.357,0.03100172546958448,0.5445750823062345,-0.11265591851739143
0.999,0.361,0.0317279992237082,0.387658711978162,0.4050995471690017
0.999,0.365,0.03245295110605823,-0.13771298926667136,0.5486756641313917
0.999,0.369,0.033169811979155306,-0.5426071587197728,0.1783378844543116
0.999,0.373,0.03387894441805242,-0.44588722836550415,-0.36640754606543186
0.999,0.377,0.034588369731868726,0.07016476823940407,-0.5792933958600115
0.999,0.381,0.03528427941727055,0.5320977134050697,-0.2561023128663371
0.999,0.385,0.03596793083316608,0.5094954327117255,0.31332133825045133
0.999,0.389,0.036647436337492234,0.012894790968883593,0.606173719422999
0.999,0.393,0.03730973632643682,-0.50932654612724,0.3450914018573653
0.999,0.397,0.03795547954871544,-0.5757012563327273,-0.24307267325934087
0.999,0.401,0.03858317428804495,-0.11236632524164415,-0.6254320820565512
0.999,0.405,0.039190467659520264,0.4704788446013897,-0.4440091617096773
0.999,0.40900000000000003,0.03977550405216289,0.6413894519373172,0.15308839259775003
0.999,0.41300000000000003,0.04033546728238566,0.22888396554518647,0.6329356642539635
0.999,0.41700000000000004,0.040869909197393965,-0.4115841303683109,0.5512589223176776
0.999,0.421,0.04137591591751617,-0.7031211446429388,-0.04068219129050377
0.999,0.425,0.0418389276390369,-0.36308158611139935,-0.6244723826211045
0.999,0.429,0.04227547307724143,0.32869901602399476,-0.665431041175587
0.999,0.433,0.042663256994178854,0.7580662504950004,-0.09694279208217454
0.999,0.437,0.043006018789570874,0.5163933653419545,0.5962569318257448
0.999,0.441,0.043298363891047645,-0.21781920341714203,0.7866619221687651
0.999,0.445,0.04353413971593074,-0.8049997099438474,0.2640786619533543
0.999,0.449,0.043711186509266586,-0.6933375364115495,-0.5456140749306597
0.999,0.453,0.04381989777511863,0.0736585789362749,-0.9194353860209937
0.999,0.457,0.04386138185780188,0.8470925687281247,-0.46970906859975564
0.999,0.461,0.04382279803846285,0.9073913980403623,0.4714791318696645
0.999,0.465,0.043676046875770536,0.11356187756366666,1.0807728636146605
0.999,0.46900000000000003,0.043435628127964906,-0.8999962437565687,0.7381074597476056
0.999,0.47300000000000003,0.04307312579840941,-1.2016068900220807,-0.3767864176201613
0.999,0.47700000000000004,0.04255704942898597,-0.3733248600360657,-1.3292917794379135
0.999,0.481,0.041787836312436384,1.019387979017898,-1.1584077995939435
0.999,0.485,0.04053356094044518,1.757816589736156,0.26083686221519214
0.999,0.489,0.03813461315393646,0.9005833278215315,1.9653250985454565
0.999,0.493,0.03266033808839289,-1.5670337706708135,2.5360403651239167
0.999,0.497,0.01871454273383559,-6.364510386685311,0.3810697182438286
0.999,0.501,-0.017933705784159225,5.577920303909676,6.3371550757685355
0.999,0.505,-0.10831983604215314,-0.20017494024818364,1.7899249969258906
0.999,0.509,-0.2911549438024931,-0.6326826885382194,0.551313512424548
0.999,0.513,-0.5461819131333224,-0.5155975250510783,0.020283429738996123
0.999,0.517,-0.7668272723765818,-0.3090331247977398,-0.22789026720281286
0.999,0.521,-0.8940063480253878,-0.06979761865120938,-0.3144178593293439
0.999,0.525,-0.9523512223848402,0.14944788309306517,-0.2457569079388573
0.999,0.529,-0.9771467570967185,0.2584453859034362,-0.05861471160293147
0.999,0.533,-0.9878468586406016,0.20442220574872394,0.14088404267915344
0.999,0.537,-0.99267224073529,0.029040292060290185,0.2331574248852903
0.999,0.541,-0.9950534510306854,-0.14954162263248594,0.16665325612207707
0.999,0.545,-0.9975621049394605,-0.21429604196239913,-0.0052826010682557566
0.999,0.549,-0.9969902855418395,-0.12918767797534203,-0.1608802614418852