0.99,0.4,1,-1,0.029799434255043812,0.07170827018564094
0.99,0.4,1,0,-0.06890229493554884,0.22910688775970506
0.99,0.4,1,1,0.6562507551253576,1.309426561018726
0.99,0.4,2,-2,0.6266499045026078,0.08615421005985961
0.99,0.4,2,-1,0.8373686449680021,-0.18058237212678366
0.99,0.4,2,0,0.8742578587987516,-0.47175929282504053
0.99,0.4,2,1,0.8677587578520196,-0.7092130760051522
0.99,0.4,2,2,0.8592419959805576,-0.9405241703841379
0.99,0.4,3,-3,0.35845844318994435,-0.7648088626010308
0.99,0.4,3,-2,0.30015313643574815,-0.8391467520896703
0.99,0.4,3,-1,0.24274093930518878,-0.9093816865193445
0.99,0.4,3,0,0.18520501102905362,-0.9786202777320899
0.99,0.4,3,1,0.12650185082743456,-1.0487487216369191
0.99,0.4,3,2,0.06573790185626008,-1.1211993048956592
0.99,0.4,3,3,0.002053055766000383,-1.197261283684568
0.99,0.4,4,-4,-0.15409274294108471,-0.8602376169085776
0.99,0.4,4,-3,-0.19669613412646267,-0.8805431346742232
0.99,0.4,4,-2,-0.23969965757338302,-0.9008134221765595
0.99,0.4,4,-1,-0.2833384044095748,-0.9212212252063443
0.99,0.4,4,0,-0.32783780444653676,-0.9419237580161531
0.99,0.4,4,1,-0.37342200818906685,-0.9630696284164587
0.99,0.4,4,2,-0.4203199680448657,-0.9848032126674848
0.99,0.4,4,3,-0.46877023823366254,-1.0072679782052922
0.99,0.4,4,4,-0.5190251924710193,-1.0306092436774432
0.99,0.4,5,-5,-0.4989068024360503,-0.7410679988367835
0.99,0.4,5,-4,-0.5283519842485089,-0.7442956894156579
0.99,0.4,5,-3,-0.5581533810281658,-0.7475046447219432
0.99,0.4,5,-2,-0.588375783545006,-0.750713501700979
0.99,0.4,5,-1,-0.619084627277087,-0.7539397767204222
0.99,0.4,5,0,-0.6503465831461818,-0.7572000872361352
0.99,0.4,5,1,-0.6822301131393556,-0.7605103460965708
0.99,0.4,5,2,-0.7148060035978406,-0.7638859341606384
0.99,0.4,5,3,-0.7481478960926723,-0.7673418517571723
0.99,0.4,5,4,-0.782332822898791,-0.7708928527715224
0.99,0.4,5,5,-0.8174417672895716,-0.774553573483701
0.99,0.4,6,-6,-0.7162174792244248,-0.5574442994550782
0.99,0.4,6,-5,-0.7365434661259472,-0.554182006235436
0.99,0.4,6,-4,-0.7570923841845075,-0.5508629210225011
0.99,0.4,6,-3,-0.7778865871089463,-0.5474868013706684
0.99,0.4,6,-2,-0.7989487956599,-0.5440531157283502
0.99,0.4,6,-1,-0.8203021880898734,-0.5405610507431571
0.99,0.4,6,0,-0.8419704849212579,-0.5370095173639307
0.99,0.4,6,1,-0.8639780403778063,-0.5333971524828662
0.99,0.4,6,2,-0.8863499328037548,-0.5297223211860804
0.99,0.4,6,3,-0.9091120526261119,-0.5259831142499746
0.99,0.4,6,4,-0.9322912028155833,-0.5221773457570581
0.99,0.4,6,5,-0.955915197165869,-0.5183025478354994
0.99,0.4,6,6,-0.9800129580356752,-0.5143559615878083
0.99,0.4,7,-7,-0.8443846684010229,-0.3613581797424306
0.99,0.4,7,-6,-0.8585015132048206,-0.3556671457806592
0.99,0.4,7,-5,-0.8727505362784697,-0.3499132734270425
0.99,0.4,7,-4,-0.8871404830311417,-0.3440943034727729
0.99,0.4,7,-3,-0.9016802374844552,-0.33820785937025133
0.99,0.4,7,-2,-0.9163788386585734,-0.3322514451480723
0.99,0.4,7,-1,-0.9312455012255265,-0.3262224403474169
0.99,0.4,7,0,-0.9462896327558016,-0.32011809686987375
0.99,0.4,7,1,-0.9615208543020305,-0.31393553489469184
0.99,0.4,7,2,-0.9769490195689203,-0.3076717365893065
0.99,0.4,7,3,-0.9925842341635956,-0.3013235426783674
0.99,0.4,7,4,-1.008436878351456,-0.2948876450038766
0.99,0.4,7,5,-1.024517626768063,-0.28836058098139167
0.99,0.4,7,6,-1.040837471153604,-0.28173872606887074
0.99,0.4,7,7,-1.057407745179567,-0.275018287352381
0.99,0.4,8,-8,-0.9107203302497591,-0.17317478652148297
0.99,0.4,8,-7,-0.9205706219456301,-0.16678030839995092
0.99,0.4,8,-6,-0.9304987789348313,-0.16033019994891037
0.99,0.4,8,-5,-0.9405085321824894,-0.1538226182383032
0.99,0.4,8,-4,-0.9506036632570408,-0.14725566709551086
0.99,0.4,8,-3,-0.9607880096418451,-0.1406273938604131
0.99,0.4,8,-2,-0.9710654688257093,-0.13393578824420324
0.99,0.4,8,-1,-0.9814400037584919,-0.12717878022214588
0.99,0.4,8,0,-0.9919156468858801,-0.12035423676491504
0.99,0.4,8,1,-1.002496506178878,-0.1134599608183742
0.99,0.4,8,2,-1.013186770179981,-0.1064936879938712
0.99,0.4,8,3,-1.0239907102922465,-0.09945308409822028
0.99,0.4,8,4,-1.0349126907954203,-0.09233574261253427
0.99,0.4,8,5,-1.0459571696629497,-0.08513918165614592
0.99,0.4,8,6,-1.0571287117707553,-0.07786084033643029
0.99,0.4,8,7,-1.0684319802164202,-0.0704980768047335
0.99,0.4,8,8,-1.0798717619690061,-0.0630481635931134
0.99,0.4,9,-9,-0.9339838510148173,-0.0007540243502981923
0.99,0.4,9,-8,-0.9408590785778351,0.00558390203347579
0.99,0.4,9,-7,-0.9477803041457294,0.01196728202102017
0.99,0.4,9,-6,-0.9547492212563036,0.01839737078386187
0.99,0.4,9,-5,-0.9617675431994961,0.02487544980381057
0.99,0.4,9,-4,-0.9688370034249025,0.031402828131395465
0.99,0.4,9,-3,-0.9759593582405314,0.03798084276666483
0.99,0.4,9,-2,-0.9831363865412831,0.044610860101173745
0.99,0.4,9,-1,-0.9903698931334267,0.05129427647178212
0.99,0.4,9,0,-0.9976617083491361,0.058032519571040025
0.99,0.4,9,1,-1.0050136907582776,0.06482704907733203
0.99,0.4,9,2,-1.012427728402339,0.07167935836473886
0.99,0.4,9,3,-1.0199057391668436,0.07859097476336895
0.99,0.4,9,4,-1.0274496731233356,0.08556346094148543
0.99,0.4,9,5,-1.0350615155997267,0.0925984174440399
0.99,0.4,9,6,-1.0427432870104336,0.09969748227933535
0.99,0.4,9,7,-1.0504970421155189,0.10686233279530909
0.99,0.4,9,8,-1.0583248772839944,0.11409468720396881
0.99,0.4,9,9,-1.0662289283470563,0.12139630586247668
0.99,0.4,10,-10,-0.9271098902204923,0.15343813520398183
0.99,0.4,10,-9,-0.9318799783744187,0.15939188572303908
0.99,0.4,10,-8,-0.9366772549881752,0.16538159242976516
0.99,0.4,10,-7,-0.9415025234508743,0.17140807652156004
0.99,0.4,10,-6,-0.9463565948081581,0.17747217249231645
0.99,0.4,10,-5,-0.9512402884550446,0.1835747288867763
0.99,0.4,10,-4,-0.956154431765504,0.18971660829307935
0.99,0.4,10,-3,-0.9610998614741322,0.19589868868633267
0.99,0.4,10,-2,-0.966077423209285,0.20212186238428503
0.99,0.4,10,-1,-0.9710879729400717,0.20838703775506176
0.99,0.4,10,0,-0.9761323761237937,0.21469513924652145
0.99,0.4,10,1,-0.9812115098907825,0.22104710765129482
0.99,0.4,10,2,-0.9863262622068,0.2274439013881341
0.99,0.4,10,3,-0.9914775317662887,0.2338864951866134
0.99,0.4,10,4,-0.9966662307267842,0.24037588266936932
0.99,0.4,10,5,-1.0018932818995012,0.2469130753291146
0.99,0.4,10,6,-1.007159624045813,0.2534991047719082
0.99,0.4,10,7,-1.0124662067060406,0.26013502111565245
0.99,0.4,10,8,-1.0178139943637359,0.26682189496544384
0.99,0.4,10,9,-1.0232039676022355,0.27356081818457734
0.99,0.4,10,10,-1.0286371219819515,0.28035290424081305
0.99,0.4,11,-11,-0.8991311493576153,0.2893434854489683
0.99,0.4,11,-10,-0.9023921651588349,0.2947881202008737
0.99,0.4,11,-9,-0.9056691306601032,0.30026084938638437
0.99,0.4,11,-8,-0.9089624384078754,0.3057622081971214
0.99,0.4,11,-7,-0.9122724838046555,0.3112927389624351
0.99,0.4,11,-6,-0.9155996650777628,0.31685299137028
0.99,0.4,11,-5,-0.9189443842561466,0.3224435225977853
0.99,0.4,11,-4,-0.9223070463928829,0.32806489762828595
0.99,0.4,11,-3,-0.9256880603517675,0.33371768944039004
0.99,0.4,11,-2,-0.9290878388387902,0.33940247906875526
0.99,0.4,11,-1,-0.9325067980021915,0.3451198557614804
0.99,0.4,11,0,-0.9359453584480457,0.3508704175543903
0.99,0.4,11,1,-0.9394039457353005,0.3566547714022291
0.99,0.4,11,2,-0.9428829884832695,0.3624735329243297
0.99,0.4,11,3,-0.9463829203283897,0.36832732676113983
0.99,0.4,11,4,-0.9499041795366073,0.37421678732341085
0.99,0.4,11,5,-0.953447209436956,0.38014255844932643
0.99,0.4,11,6,-0.957012456969945,0.3861052932545476
0.99,0.4,11,7,-0.9606003769409689,0.39210565665580493
0.99,0.4,11,8,-0.964211429770375,0.39814432376464076
0.99,0.4,11,9,-0.9678460752219924,0.40422197727781084
0.99,0.4,11,10,-0.9715047862868094,0.4103393147374848
0.99,0.4,11,11,-0.975188036656535,0.4164970418063553
0.99,0.4,12,-12,-0.8564436558114619,0.4079617051954112
0.99,0.4,12,-11,-0.8586110860277231,0.41286899333825156
0.99,0.4,12,-10,-0.8607876707031243,0.4177981674331882
0.99,0.4,12,-9,-0.862973603935243,0.4227495794692182
0.99,0.4,12,-8,-0.8651690808219542,0.4277235851202403
0.99,0.4,12,-7,-0.8673742978457789,0.4327205446797788
0.99,0.4,12,-6,-0.8695894528152823,0.43774082192703834
0.99,0.4,12,-5,-0.8718147446967853,0.44278478535966104
0.99,0.4,12,-4,-0.8740503739196062,0.4478528074619181
0.99,0.4,12,-3,-0.8762965422601637,0.4529452652293641
0.99,0.4,12,-2,-0.8785534532096864,0.4580625401352593
0.99,0.4,12,-1,-0.8808213114871513,0.46320501844333273
0.99,0.4,12,0,-0.8831003232687583,0.46837309062738397
0.99,0.4,12,1,-0.8853906978092757,0.4735671527730774
0.99,0.4,12,2,-0.8876926443642239,0.4787876054656971
0.99,0.4,12,3,-0.8900063744471832,0.4840348538365491
0.99,0.4,12,4,-0.8923321013524842,0.4893093082996096
0.99,0.4,12,5,-0.8946700400388004,0.494611384447625
0.99,0.4,12,6,-0.8970204092066314,0.4999415045152394
0.99,0.4,12,7,-0.8993834260103595,0.5053000935912824
0.99,0.4,12,8,-0.9017593120035787,0.5106875839676668
0.99,0.4,12,9,-0.9041482917291807,0.5161044143870407
0.99,0.4,12,10,-0.9065505889318465,0.5215510269544804
0.99,0.4,12,11,-0.9089664365327829,0.5270278747058426
0.99,0.4,12,12,-0.9113960572872772,0.5325354082792796
0.99,0.4,13,-13,-0.8036344170898284,0.5107127666090294
0.99,0.4,13,-12,-0.8050025281920434,0.5150999933027809
0.99,0.4,13,-11,-0.8063756476637621,0.519504296855351
0.99,0.4,13,-10,-0.8077538707360706,0.5239259120176807
0.99,0.4,13,-9,-0.8091372934888346,0.5283650756963555
0.99,0.4,13,-8,-0.8105260119176692,0.532822026861252
0.99,0.4,13,-7,-0.8119201228892683,0.5372970072578074
0.99,0.4,13,-6,-0.8133197235838657,0.5417902606961217
0.99,0.4,13,-5,-0.814724911636736,0.5463020334838923
0.99,0.4,13,-4,-0.8161357852114307,0.5508325742191391
0.99,0.4,13,-3,-0.8175524432015805,0.5553821343994638
0.99,0.4,13,-2,-0.8189749846664639,0.5599509677314545
0.99,0.4,13,-1,-0.8204035096395743,0.5645393307025974
0.99,0.4,13,0,-0.8218381182254684,0.5691474821810343
0.99,0.4,13,1,-0.8232789126055093,0.5737756847608516
0.99,0.4,13,2,-0.8247259937341104,0.5784242026748364
0.99,0.4,13,3,-0.8261794640960805,0.5830933031146631
0.99,0.4,13,4,-0.8276394269033047,0.5877832564768749
0.99,0.4,13,5,-0.8291059855730712,0.5924943357231571
0.99,0.4,13,6,-0.8305792442912692,0.5972268165361925
0.99,0.4,13,7,-0.8320593088397659,0.6019809785872682
0.99,0.4,13,8,-0.8335462839999173,0.6067571031647837
0.99,0.4,13,9,-0.8350402789011759,0.6115554775838304
0.99,0.4,13,10,-0.8365413985169508,0.616376388147894
0.99,0.4,13,11,-0.8380497524574131,0.621220127698087
0.99,0.4,13,12,-0.8395654474046788,0.626086989264785
0.99,0.4,13,13,-0.8410885987826486,0.6309772756172736
0.99,0.4,14,-14,-0.7440288936957331,0.5991300158549314
0.99,0.4,14,-13,-0.744809107310946,0.6030345356196356
0.99,0.4,14,-12,-0.7455917884285833,0.6069524322562371
0.99,0.4,14,-11,-0.7463769821147711,0.6108838645131478
0.99,0.4,14,-10,-0.7471647338219368,0.6148289925987572
0.99,0.4,14,-9,-0.747955088986296,0.618787977799815
0.99,0.4,14,-8,-0.7487480932857773,0.6227609830069353
0.99,0.4,14,-7,-0.7495437925055346,0.6267481722952792
0.99,0.4,14,-6,-0.7503422325179702,0.6307497113601984
0.99,0.4,14,-5,-0.7511434593171894,0.6347657670091428
0.99,0.4,14,-4,-0.7519475193103465,0.6387965078552973
0.99,0.4,14,-3,-0.7527544586349204,0.6428421035974735
0.99,0.4,14,-2,-0.7535643239702826,0.6469027257588926
0.99,0.4,14,-1,-0.7543771620522675,0.6509785472861385
0.99,0.4,14,0,-0.7551930193554619,0.6550697422270039
0.99,0.4,14,1,-0.7560119444489264,0.6591764879358171
0.99,0.4,14,2,-0.7568339834515979,0.6632989611425931
0.99,0.4,14,3,-0.7576591843226411,0.6674373412437006
0.99,0.4,14,4,-0.7584875947151671,0.6715918092377523
0.99,0.4,14,5,-0.7593192622324118,0.6757625471504454
0.99,0.4,14,6,-0.7601542352483663,0.6799497394360553
0.99,0.4,14,7,-0.7609925621942765,0.684153572322284
0.99,0.4,14,8,-0.7618342915935787,0.6883742331501631
0.99,0.4,14,9,-0.762679473265754,0.6926119125958631
0.99,0.4,14,10,-0.7635281556927641,0.6968668012287976
0.99,0.4,14,11,-0.764380388284175,0.7011390921753833
0.99,0.4,14,12,-0.7652362193206519,0.7054289790991156
0.99,0.4,14,13,-0.7660956998614179,0.7097366600487941
0.99,0.4,14,14,-0.7669588829591458,0.7140623366217785
0.99,0.4,15,-15,-0.68005902623913,0.6747137831916721
0.99,0.4,15,-14,-0.6804051817331128,0.6781802173710396
0.99,0.4,15,-13,-0.6807522501375346,0.6816571826510892
0.99,0.4,15,-12,-0.6811002510200382,0.6851447881860037
0.99,0.4,15,-11,-0.6814492038139324,0.6886431437777908
0.99,0.4,15,-10,-0.6817991280972617,0.6921523600787596
0.99,0.4,15,-9,-0.6821500433440901,0.6956725484622451
0.99,0.4,15,-8,-0.6825019691117069,0.6992038213076758
0.99,0.4,15,-7,-0.6828549248308853,0.7027462916451069
0.99,0.4,15,-6,-0.6832089302527742,0.7063000735700853
0.99,0.4,15,-5,-0.683564004662921,0.7098652816616078
0.99,0.4,15,-4,-0.6839201677975224,0.7134420318009551
0.99,0.4,15,-3,-0.6842774392820277,0.7170304404943945
0.99,0.4,15,-2,-0.6846358384940184,0.7206306250945796
0.99,0.4,15,-1,-0.6849953850444357,0.7242427039145304
0.99,0.4,15,0,-0.6853560991275673,0.727866796751455
0.99,0.4,15,1,-0.6857180000980291,0.7315030237096064
0.99,0.4,15,2,-0.6860811078857039,0.735151506148025
0.99,0.4,15,3,-0.6864454419727563,0.7388123658657133
0.99,0.4,15,4,-0.6868110221890876,0.7424857260198086
0.99,0.4,15,5,-0.6871778681232156,0.746171710288438
0.99,0.4,15,6,-0.6875459999006986,0.7498704443343409
0.99,0.4,15,7,-0.6879154373906774,0.7535820541836137
0.99,0.4,15,8,-0.6882862015473042,0.7573066683054879
0.99,0.4,15,9,-0.6886583097340122,0.7610444116719467
0.99,0.4,15,10,-0.6890317824667991,0.7647954139804974
0.99,0.4,15,11,-0.6894066425203857,0.7685598092025229
0.99,0.4,15,12,-0.689782908869715,0.7723377271913032
0.99,0.4,15,13,-0.6901606009135943,0.7761292994526252
0.99,0.4,15,14,-0.6905397382956108,0.7799346592234173
0.99,0.4,15,15,-0.6909203418285831,0.783753941599802
0.99,0.4,16,-16,-0.6135148844737741,0.7388652051605498
0.99,0.4,16,-15,-0.6135401703433095,0.7419390478017285
0.99,0.4,16,-14,-0.613565428003732,0.7450212265073213
0.99,0.4,16,-13,-0.6135906639221019,0.7481118172819303
0.99,0.4,16,-12,-0.6136158844097032,0.7512108966840926
0.99,0.4,16,-11,-0.6136410956604113,0.7543185416459829
0.99,0.4,16,-10,-0.6136663039851814,0.7574348295373156
0.99,0.4,16,-9,-0.6136915154885526,0.7605598383969391
0.99,0.4,16,-8,-0.6137167363722063,0.7636936466112202
0.99,0.4,16,-7,-0.6137419726220776,0.7668363331908233
0.99,0.4,16,-6,-0.6137672304128636,0.7699879776453991
0.99,0.4,16,-5,-0.6137925156323997,0.773148659897764
0.99,0.4,16,-4,-0.613817834376782,0.7763184606802207
0.99,0.4,16,-3,-0.6138431926337405,0.7794974610327652
0.99,0.4,16,-2,-0.6138685960471753,0.7826857423350736
0.99,0.4,16,-1,-0.6138940504046763,0.7858833867163361
0.99,0.4,16,0,-0.6139195625998066,0.7890904782321135
0.99,0.4,16,1,-0.6139451374734971,0.7923070990334968
0.99,0.4,16,2,-0.6139707812026249,0.7955333337599434
0.99,0.4,16,3,-0.6139964992900239,0.7987692664681115
0.99,0.4,16,4,-0.6140222976085408,0.802014982313571
0.99,0.4,16,5,-0.6140481817110751,0.8052705666778802
0.99,0.4,16,6,-0.6140741573644338,0.8085361064263052
0.99,0.4,16,7,-0.6141002301720508,0.8118116882424872
0.99,0.4,16,8,-0.6141264060221561,0.8150974001330321
0.99,0.4,16,9,-0.6141526897927151,0.8183933292896015
0.99,0.4,16,10,-0.6141790870018863,0.8216995644930034
0.99,0.4,16,11,-0.6142056039047693,0.8250161962419621
0.99,0.4,16,12,-0.6142322451103961,0.8283433135729481
0.99,0.4,16,13,-0.6142590136310151,0.8316810035228728
0.99,0.4,16,14,-0.6142859227713569,0.8350293692249529
0.99,0.4,16,15,-0.6143129690275169,0.8383884897136007
0.99,0.4,16,16,-0.6143401643427827,0.8417584674166477
0.99,0.4,17,-17,-0.5457195876027079,0.7928606761577278
0.99,0.4,17,-16,-0.5455080861759618,0.7955852171281733
0.99,0.4,17,-15,-0.5452960005036617,0.7983163933340075
0.99,0.4,17,-14,-0.5450833301514607,0.8010542583650508
0.99,0.4,17,-13,-0.5448700749199817,0.8037988661304195
0.99,0.4,17,-12,-0.5446562344770157,0.8065502710580259
0.99,0.4,17,-11,-0.5444418083840793,0.809308527527955
0.99,0.4,17,-10,-0.544226796209495,0.8120736905403324
0.99,0.4,17,-9,-0.5440111974069433,0.814845815250183
0.99,0.4,17,-8,-0.5437950114963825,0.8176249571730836
0.99,0.4,17,-7,-0.5435782377654303,0.8204111720938492
0.99,0.4,17,-6,-0.5433608756500865,0.8232045163312718
0.99,0.4,17,-5,-0.543142924458303,0.8260050462983234
0.99,0.4,17,-4,-0.5429243833294338,0.8288128187982428
0.99,0.4,17,-3,-0.5427052515008771,0.8316278910010664
0.99,0.4,17,-2,-0.5424855281013566,0.8344503204445292
0.99,0.4,17,-1,-0.542265211948413,0.8372801646565345
0.99,0.4,17,0,-0.5420443029858529,0.8401174831509547
0.99,0.4,17,1,-0.5418227995270924,0.8429623335861475
0.99,0.4,17,2,-0.5416007007882729,0.8458147754733852
0.99,0.4,17,3,-0.5413780052410249,0.8486748672372812
0.99,0.4,17,4,-0.5411547120710809,0.851542668886637
0.99,0.4,17,5,-0.5409308198663921,0.8544182405738167
0.99,0.4,17,6,-0.5407063275608761,0.8573016427867265
0.99,0.4,17,7,-0.5404812339257441,0.8601929364887965
0.99,0.4,17,8,-0.5402555370855523,0.8630921820475482
0.99,0.4,17,9,-0.5400292361679782,0.8659994419265001
0.99,0.4,17,10,-0.53980232946037,0.8689147777719934
0.99,0.4,17,11,-0.539574814007738,0.8718382492353879
0.99,0.4,17,12,-0.5393466920247442,0.8747699260937251
0.99,0.4,17,13,-0.5391179564642498,0.8777098616640526
0.99,0.4,17,14,-0.5388886099987175,0.8806581272962996
0.99,0.4,17,15,-0.538658648787441,0.8836147832931878
0.99,0.4,17,16,-0.5384280735467402,0.8865798985109329
0.99,0.4,17,17,-0.5381968783694371,0.8895535305763302
0.99,0.4,18,-18,-0.47765276459601225,0.8378467955259022
0.99,0.4,18,-17,-0.47726745101302237,0.8402617782710537
0.99,0.4,18,-16,-0.476881239387589,0.8426820709252378
0.99,0.4,18,-15,-0.4764941263454224,0.8451077118695326
0.99,0.4,18,-14,-0.476106108489249,0.8475387395301458
0.99,0.4,18,-13,-0.47571718238419813,0.8499751928087926
0.99,0.4,18,-12,-0.4753273445154106,0.8524171105420278
0.99,0.4,18,-11,-0.4749365913858406,0.8548645318549953
0.99,0.4,18,-10,-0.47454491930488485,0.8573174962218787
0.99,0.4,18,-9,-0.47415232471495383,0.8597760430763906
0.99,0.4,18,-8,-0.47375880386145386,0.8622402121105899
0.99,0.4,18,-7,-0.47336435305539326,0.8647100434992805
0.99,0.4,18,-6,-0.4729689684234028,0.8671855771807866
0.99,0.4,18,-5,-0.4725726461678707,0.8696668536455595
0.99,0.4,18,-4,-0.47217538239210854,0.872153913483294
0.99,0.4,18,-3,-0.4717771731753981,0.8746467975385264
0.99,0.4,18,-2,-0.4713780144457592,0.8771455466876733
0.99,0.4,18,-1,-0.47097790189199035,0.8796502017079552
0.99,0.4,18,0,-0.4705768325201975,0.8821608060720135
0.99,0.4,18,1,-0.47017480116620186,0.8846773997430546
0.99,0.4,18,2,-0.46977180401272395,0.887200025485141
0.99,0.4,18,3,-0.46936783660639975,0.8897287248847198
0.99,0.4,18,4,-0.4689628948457194,0.8922635405192451
0.99,0.4,18,5,-0.4685569744332775,0.8948045153215674
0.99,0.4,18,6,-0.4681500707424127,0.8973516916256409
0.99,0.4,18,7,-0.4677421791403183,0.8999051118517838
0.99,0.4,18,8,-0.46733329620484804,0.9024648224657194
0.99,0.4,18,9,-0.4669234161121765,0.9050308635786241
0.99,0.4,18,10,-0.4665125340238079,0.9076032787870002
0.99,0.4,18,11,-0.46610064719937894,0.910182116353569
0.99,0.4,18,12,-0.4656877474477295,0.9127674132021102
0.99,0.4,18,13,-0.46527383346791196,0.9153592212494477
0.99,0.4,18,14,-0.4648589012701394,0.9179575872752651
0.99,0.4,18,15,-0.4644429417836766,0.9205625474761027
0.99,0.4,18,16,-0.4640259515827329,0.9231741501869527
0.99,0.4,18,17,-0.4636079253494932,0.925792440628235
0.99,0.4,18,18,-0.4631888613290382,0.9284174714702412
0.99,0.4,19,-19,-0.4100389222905908,0.8748453459105764
0.99,0.4,19,-18,-0.4095272872619114,0.8769865283307443
0.99,0.4,19,-17,-0.4090145935428437,0.8791319819047335
0.99,0.4,19,-16,-0.4085008364306384,0.8812817344978272
0.99,0.4,19,-15,-0.4079860113097675,0.8834358139709616
0.99,0.4,19,-14,-0.40747011345298584,0.8855942482217612
0.99,0.4,19,-13,-0.40695313807198175,0.8877570654237754
0.99,0.4,19,-12,-0.40643508049352395,0.8899242938543594
0.99,0.4,19,-11,-0.40591593572699297,0.8920959617809451
0.99,0.4,19,-10,-0.4053956990767543,0.8942720979121004
0.99,0.4,19,-9,-0.4048743654438742,0.896452730678272
0.99,0.4,19,-8,-0.4043519299799086,0.898637888945951
0.99,0.4,19,-7,-0.4038283876588431,0.900827601644003
0.99,0.4,19,-6,-0.40330373348911336,0.9030218978776108
0.99,0.4,19,-5,-0.4027779622209549,0.905220806597845
0.99,0.4,19,-4,-0.4022510688658595,0.9074243573848553
0.99,0.4,19,-3,-0.4017230481967321,0.9096325794604069
0.99,0.4,19,-2,-0.40119389482907364,0.911845502275599
0.99,0.4,19,-1,-0.4006636038328956,0.9140631562710867
0.99,0.4,19,0,-0.40013216988252637,0.9162855712781847
0.99,0.4,19,1,-0.39959958759139724,0.9185127773011961
0.99,0.4,19,2,-0.3990658514904837,0.9207448047144802
0.99,0.4,19,3,-0.39853095598082683,0.9229816829209614
0.99,0.4,19,4,-0.39799489587106346,0.925223443341561
0.99,0.4,19,5,-0.39745766543968297,0.9274701160467533
0.99,0.4,19,6,-0.3969192592921616,0.9297217323854314
0.99,0.4,19,7,-0.3963796715607082,0.9319783224765683
0.99,0.4,19,8,-0.39583889694827673,0.934239918633119
0.99,0.4,19,9,-0.39529692876559547,0.9365065492890414
0.99,0.4,19,10,-0.3947537631534092,0.938778251274332
0.99,0.4,19,11,-0.39420939242060304,0.941055050866761
0.99,0.4,19,12,-0.3936638110216408,0.9433369806547041
0.99,0.4,19,13,-0.3931170139840476,0.9456240751123925
0.99,0.4,19,14,-0.39256899360618824,0.9479163616731989
0.99,0.4,19,15,-0.3920197468282086,0.9502138803399217
0.99,0.4,19,16,-0.3914692643576557,0.9525166547868588
0.99,0.4,19,17,-0.3909175424387159,0.954824723923453
0.99,0.4,19,18,-0.39036457431596816,0.9571381188227917
0.99,0.4,19,19,-0.38981035145343584,0.9594568663292172
0.99,0.4,20,-20,-0.343411502993514,0.9047628017827297
0.99,0.4,20,-19,-0.3428095605774251,0.9066619779239589
0.99,0.4,20,-18,-0.3422064948427069,0.9085646064955272
0.99,0.4,20,-17,-0.3416023007431437,0.9104707076756633
0.99,0.4,20,-16,-0.34099697345212054,0.9123803019024955
0.99,0.4,20,-15,-0.3403905078194061,0.9142934095876366
0.99,0.4,20,-14,-0.3397828988972297,0.9162100512910691
0.99,0.4,20,-13,-0.3391741415780489,0.9181302476419262
0.99,0.4,20,-12,-0.33856423074913383,0.9200540192172207
0.99,0.4,20,-11,-0.3379531612697977,0.9219813869072332
0.99,0.4,20,-10,-0.3373409279524529,0.9239123714545746
0.99,0.4,20,-9,-0.33672752556463154,0.9258469939369032
0.99,0.4,20,-8,-0.336112948919342,0.9277852754101396
0.99,0.4,20,-7,-0.3354971926543796,0.9297272368796319
0.99,0.4,20,-6,-0.33488025149348266,0.9316728996691418
0.99,0.4,20,-5,-0.33426212007938616,0.9336222850756069
0.99,0.4,20,-4,-0.33364279298134364,0.9355754144204972
0.99,0.4,20,-3,-0.3330222647942856,0.9375323092942546
0.99,0.4,20,-2,-0.33240052984555474,0.93949299056589
0.99,0.4,20,-1,-0.3317775833022977,0.9414574819665088
0.99,0.4,20,0,-0.3311534188990704,0.9434258032937353
0.99,0.4,20,1,-0.3305280315492048,0.9453979776712129
0.99,0.4,20,2,-0.32990141539662204,0.9473740267915515
0.99,0.4,20,3,-0.32927356482301,0.9493539722450298
0.99,0.4,20,4,-0.3286444742221943,0.9513378366470747
0.99,0.4,20,5,-0.3280141378509226,0.9533256420058048
0.99,0.4,20,6,-0.32738254986255927,0.9553174109034239
0.99,0.4,20,7,-0.3267497045633188,0.9573131654600633
0.99,0.4,20,8,-0.32611559614804003,0.9593129289397039
0.99,0.4,20,9,-0.32548021841278957,0.9613167224066403
0.99,0.4,20,10,-0.3248435657712293,0.9633245700691075
0.99,0.4,20,11,-0.32420563217200316,0.9653364944383434
0.99,0.4,20,12,-0.323566412174642,0.9673525204084498
0.99,0.4,20,13,-0.3229258987926927,0.9693726677321441
0.99,0.4,20,14,-0.3222840862503882,0.9713969607011997
0.99,0.4,20,15,-0.3216409688117113,0.9734254237194944
0.99,0.4,20,16,-0.3209965387320879,0.975458074958532
0.99,0.4,20,17,-0.32035079203489053,0.9774949454074772
0.99,0.4,20,18,-0.3197037228811474,0.97953606004722
0.99,0.4,20,19,-0.31905532294624406,0.9815814355107666
0.99,0.4,20,20,-0.31840558446448486,0.9836310911268518
0.99,0.4,21,-21,-0.2781598564142809,0.9284014799184095
0.99,0.4,21,-20,-0.277495035149956,0.9300867242908998
0.99,0.4,21,-19,-0.2768290854598395,0.9317747717055833
0.99,0.4,21,-18,-0.27616200257985135,0.9334656371791357
0.99,0.4,21,-17,-0.2754937816794477,0.9351593357547608
0.99,0.4,21,-16,-0.27482441792762535,0.9368558823798779
0.99,0.4,21,-15,-0.27415390649387533,0.9385552923597449
0.99,0.4,21,-14,-0.2734822424965897,0.9402575807923225
0.99,0.4,21,-13,-0.27280942097974403,0.9419627628981799
0.99,0.4,21,-12,-0.2721354370302737,0.9436708539491757
0.99,0.4,21,-11,-0.2714602856838564,0.9453818693835098
0.99,0.4,21,-10,-0.270783961903513,0.9470958245992387
0.99,0.4,21,-9,-0.27010646070221883,0.9488127350458307
0.99,0.4,21,-8,-0.26942777701000203,0.9505326162381541
0.99,0.4,21,-7,-0.2687479057371112,0.9522554837667736
0.99,0.4,21,-6,-0.2680668417940277,0.9539813533591223
0.99,0.4,21,-5,-0.2673845800431635,0.9557102407020815
0.99,0.4,21,-4,-0.26670111526575735,0.9574421614907829
0.99,0.4,21,-3,-0.2660164422924855,0.959177131551587
0.99,0.4,21,-2,-0.26533055577157755,0.96091516651743
0.99,0.4,21,-1,-0.26464345064796435,0.9626562828274603
0.99,0.4,21,0,-0.26395512181023806,0.9644004973074001
0.99,0.4,21,1,-0.26326556364996284,0.9661478251197007
0.99,0.4,21,2,-0.2625747708255366,0.9678982825137945
0.99,0.4,21,3,-0.26188273803739065,0.9696518857303905
0.99,0.4,21,4,-0.26118945992546416,0.9714086511258585
0.99,0.4,21,5,-0.2604949309678968,0.9731685948730706
0.99,0.4,21,6,-0.2597991457339572,0.9749317334991434
0.99,0.4,21,7,-0.2591020987849411,0.9766980834744273
0.99,0.4,21,8,-0.25840378462747254,0.9784676619157848
0.99,0.4,21,9,-0.25770419737106587,0.9802404833473223
0.99,0.4,21,10,-0.25700333183194135,0.9820165668490248
0.99,0.4,21,11,-0.256301182261905,0.9837959284243807
0.99,0.4,21,12,-0.25559774280165154,0.9855785838725485
0.99,0.4,21,13,-0.2548930081961871,0.9873645521946711
0.99,0.4,21,14,-0.25418697244961563,0.9891538488458784
0.99,0.4,21,15,-0.25347963013370967,0.9909464924685707
0.99,0.4,21,16,-0.25277097411923033,0.992742494036331
0.99,0.4,21,17,-0.25206100100451917,0.9945418815559781
0.99,0.4,21,18,-0.25134970297789755,0.9963446633494545
0.99,0.4,21,19,-0.25063707369318156,0.9981508549004988
0.99,0.4,21,20,-0.24992311054805114,0.9999604880636418
0.99,0.4,21,21,-0.24920780254006739,1.0017735581375133
0.99,0.4,22,-22,-0.21456404033920246,0.9464708394508066
0.99,0.4,22,-21,-0.2138572928805435,0.9479668447353079
0.99,0.4,22,-20,-0.21314944795815563,0.9494651354180654
0.99,0.4,22,-19,-0.21244050115770016,0.9509657224304714
0.99,0.4,22,-18,-0.21173044815361608,0.9524686170540095
0.99,0.4,22,-17,-0.2110192843947894,0.953973830543359
0.99,0.4,22,-16,-0.2103070055051673,0.9554813741884874
0.99,0.4,22,-15,-0.20959360693680526,0.9569912590709782
0.99,0.4,22,-14,-0.20887908420694085,0.9585034967372053
0.99,0.4,22,-13,-0.2081634328638643,0.9600180984927843
0.99,0.4,22,-12,-0.20744664824108525,0.9615350756372574
0.99,0.4,22,-11,-0.20672872583204638,0.9630544397324996
0.99,0.4,22,-10,-0.20600966105956608,0.9645762022642613
0.99,0.4,22,-9,-0.20528944927047027,0.966100374660813
0.99,0.4,22,-8,-0.20456808585393688,0.9676269686089523
0.99,0.4,22,-7,-0.20384556612396212,0.9691559955926313
0.99,0.4,22,-6,-0.2031218854082068,0.9706874672890943
0.99,0.4,22,-5,-0.20239703900963563,0.9722213954431989
0.99,0.4,22,-4,-0.20167102221088704,0.9737577916804253
0.99,0.4,22,-3,-0.20094383028117602,0.975296668051352
0.99,0.4,22,-2,-0.2002154582599931,0.9768380354156487
0.99,0.4,22,-1,-0.19948590172119993,0.9783819074119193
0.99,0.4,22,0,-0.19875515556601292,0.9799282947247886
0.99,0.4,22,1,-0.19802321510869633,0.9814772098839769
0.99,0.4,22,2,-0.19729007533538734,0.9830286647252598
0.99,0.4,22,3,-0.19655573139899862,0.984582671119098
0.99,0.4,22,4,-0.19582017844983643,0.9861392410754803
0.99,0.4,22,5,-0.19508341156131018,0.9876983868964831
0.99,0.4,22,6,-0.1943454256569573,0.9892601205008427
0.99,0.4,22,7,-0.19360621588851312,0.9908244544431496
0.99,0.4,22,8,-0.192865777231748,0.9923914011270565
0.99,0.4,22,9,-0.19212410442997202,0.9939609709984284
0.99,0.4,22,10,-0.19138119273586066,0.995533179126153
0.99,0.4,22,11,-0.19063703684033728,0.9971080360021937
0.99,0.4,22,12,-0.18989163205289863,0.9986855569184446
0.99,0.4,22,13,-0.1891449723384761,1.0002657486050845
0.99,0.4,22,14,-0.1883970537000003,1.0018486306690246
0.99,0.4,22,15,-0.18764786960269972,1.003434207314764
0.99,0.4,22,16,-0.18689741612825522,1.0050224996636001
0.99,0.4,22,17,-0.18614568768645265,1.0066135177455524
0.99,0.4,22,18,-0.1853926784877074,1.008207271036493
0.99,0.4,22,19,-0.1846383834302625,1.0098037736758743
0.99,0.4,22,20,-0.18388279689730166,1.0114030362175086
0.99,0.4,22,21,-0.18312591528063787,1.013005082679702
0.99,0.4,22,22,-0.18236773090407327,1.0146099113187133
0.99,0.4,23,-23,-0.1528208445010807,0.9595981988346333
0.99,0.4,23,-22,-0.15208820291012445,0.9609266401551051
0.99,0.4,23,-21,-0.15135451567291477,0.9622569515889594
0.99,0.4,23,-20,-0.15061977884694808,0.9635891415796572
0.99,0.4,23,-19,-0.1498839885659264,0.9649232185014599
0.99,0.4,23,-18,-0.14914714073921911,0.9662591906796466
0.99,0.4,23,-17,-0.14840923143506385,0.9675970665621755
0.99,0.4,23,-16,-0.14767025671542372,0.9689368547219246
0.99,0.4,23,-15,-0.14693021250133767,0.9702785635700388
0.99,0.4,23,-14,-0.14618909476667846,0.9716222016656808
0.99,0.4,23,-13,-0.14544689944879435,0.9729677774827978
0.99,0.4,23,-12,-0.14470362251570654,0.9743152996738229
0.99,0.4,23,-11,-0.14395925986011207,0.9756647767512913
0.99,0.4,23,-10,-0.1432138073883936,0.9770162173952193
0.99,0.4,23,-9,-0.14246726096074724,0.9783696302296593
0.99,0.4,23,-8,-0.1417196164633937,0.9797250240158794
0.99,0.4,23,-7,-0.14097086971521414,0.9810824073177867
0.99,0.4,23,-6,-0.1402210165577738,0.9824417889659595
0.99,0.4,23,-5,-0.139470052799317,0.9838031777026925
0.99,0.4,23,-4,-0.13871797420791712,0.985166582159348
0.99,0.4,23,-3,-0.13796477653612013,0.9865320110959234
0.99,0.4,23,-2,-0.13721045558776282,0.9878994735773985
0.99,0.4,23,-1,-0.13645500721840598,0.9892689794664384
0.99,0.4,23,0,-0.13569842692627418,0.990640536309302
0.99,0.4,23,1,-0.13494071054814824,0.9920141538845226
0.99,0.4,23,2,-0.13418185365620516,0.9933898409366787
0.99,0.4,23,3,-0.1334218519934624,0.9947676062904187
0.99,0.4,23,4,-0.13266070118388587,0.9961474589145208
0.99,0.4,23,5,-0.13189839688595303,0.9975294079852864
0.99,0.4,23,6,-0.13113493467744938,0.9989134628809321
0.99,0.4,23,7,-0.13037031015142203,1.000299632020989
0.99,0.4,23,8,-0.12960451888334495,1.0016879250988993
0.99,0.4,23,9,-0.1288375564258797,1.0030783508049959
0.99,0.4,23,10,-0.12806941826542262,1.0044709186738698
0.99,0.4,23,11,-0.1273000999896807,1.0058656386638103
0.99,0.4,23,12,-0.12652959697908728,1.0072625182789479
0.99,0.4,23,13,-0.12575790497846145,1.0086615705981326
0.99,0.4,23,14,-0.12498501892872418,1.0100627986791368
0.99,0.4,23,15,-0.12421093455954203,1.0114662154795648
0.99,0.4,23,16,-0.12343564738092551,1.0128718315586034
0.99,0.4,23,17,-0.12265915299195931,1.0142796583474893
0.99,0.4,23,18,-0.12188144585972736,1.0156896957327837
0.99,0.4,23,19,-0.1211025224297461,1.0171019646950226
0.99,0.4,23,20,-0.12032237691583436,1.0185164634590493
0.99,0.4,23,21,-0.11954100618156992,1.0199332173314117
0.99,0.4,23,22,-0.11875840390962258,1.0213522194175815
0.99,0.4,23,23,-0.11797456591325664,1.0227734853994632
0.99,0.4,24,-24,-0.09306341276618843,0.9683385357981497
0.99,0.4,24,-23,-0.09231714594471549,0.9695184251692529
0.99,0.4,24,-22,-0.09156989636385506,0.9706998501155509
0.99,0.4,24,-21,-0.09082166054976909,0.9718828170288819
0.99,0.4,24,-20,-0.09007243505223847,0.973067332092669
0.99,0.4,24,-19,-0.08932221638786474,0.9742534018238891
0.99,0.4,24,-18,-0.08857100105408479,0.9754410326015193
0.99,0.4,24,-17,-0.0878187855315246,0.9766302306836803
0.99,0.4,24,-16,-0.08706556630818936,0.9778210025835704
0.99,0.4,24,-15,-0.08631133983645164,0.9790133547014881
0.99,0.4,24,-14,-0.08555610257633595,0.9802072934913052
0.99,0.4,24,-13,-0.08479985096354674,0.9814028253896633
0.99,0.4,24,-12,-0.08404258140263633,0.9825999569692065
0.99,0.4,24,-11,-0.08328429034014485,0.9837986946762505
0.99,0.4,24,-10,-0.08252497409092344,0.9849990448960312
0.99,0.4,24,-9,-0.0817646291141245,0.9862010144236645
0.99,0.4,24,-8,-0.08100325175585019,0.9874046096345851
0.99,0.4,24,-7,-0.08024083835935122,0.9886098372572109
0.99,0.4,24,-6,-0.07947738525927935,0.9898167036318621
0.99,0.4,24,-5,-0.07871288880272752,0.9910252156140164
0.99,0.4,24,-4,-0.07794734526367737,0.992235379809769
0.99,0.4,24,-3,-0.07718075091665204,0.9934472020201364
0.99,0.4,24,-2,-0.07641310221620931,0.9946606914909693
0.99,0.4,24,-1,-0.07564439519613267,0.9958758518698491
0.99,0.4,24,0,-0.07487462627749769,0.9970926921306371
0.99,0.4,24,1,-0.07410379159868885,0.9983112180635685
0.99,0.4,24,2,-0.07333188737820345,0.9995314367256254
0.99,0.4,24,3,-0.07255890985211165,1.0007533546315583
0.99,0.4,24,4,-0.07178485528395472,1.0019769788232278
0.99,0.4,24,5,-0.07100971975749074,1.0032023159818406
0.99,0.4,24,6,-0.07023349954286377,1.0044293727038232
0.99,0.4,24,7,-0.06945619072553265,1.0056581563401101
0.99,0.4,24,8,-0.06867778949895144,1.006888673044647
0.99,0.4,24,9,-0.06789829189885506,1.0081209307463403
0.99,0.4,24,10,-0.06711769412386064,1.0093549348450457
0.99,0.4,24,11,-0.06633599218128464,1.0105906954114896
0.99,0.4,24,12,-0.06555318217177065,1.0118282153115532
0.99,0.4,24,13,-0.06476926016274136,1.0130675043126363
0.99,0.4,24,14,-0.06398422224497116,1.014308568968765
0.99,0.4,24,15,-0.06319806434232604,1.0155514137148258
0.99,0.4,24,16,-0.06241078253992781,1.0167960487906753
0.99,0.4,24,17,-0.0616223728256932,1.0180424803962747
0.99,0.4,24,18,-0.06083283115659971,1.0192907143035337
0.99,0.4,24,19,-0.06004215361132747,1.020540762102559
0.99,0.4,24,20,-0.05925033597019561,1.0217926251040088
0.99,0.4,24,21,-0.0584573744598286,1.0230463184520968
0.99,0.4,24,22,-0.05766326466537398,1.02430183966059
0.99,0.4,24,23,-0.056868002453002574,1.0255591977487477
0.99,0.4,24,24,-0.05607158411170203,1.0268184075836915
0.99,0.4,25,-25,-0.03537614853963326,0.9731832839901997
0.99,0.4,25,-24,-0.034625631032953984,0.9742312995584218
0.99,0.4,25,-23,-0.03387419841333703,0.9752805798122316
0.99,0.4,25,-22,-0.03312184771793504,0.9763311295284135
0.99,0.4,25,-21,-0.03236857589838471,0.9773829535559286
0.99,0.4,25,-20,-0.03161437994126768,0.9784360567371747
0.99,0.4,25,-19,-0.030859256784232663,0.9794904439278301
0.99,0.4,25,-18,-0.030103203406966584,0.9805461199364829
0.99,0.4,25,-17,-0.029346216714307715,0.9816030896845311
0.99,0.4,25,-16,-0.028588293669504487,0.9826613580339109
0.99,0.4,25,-15,-0.027829431146136008,0.9837209299643622
0.99,0.4,25,-14,-0.027069626085428386,0.9847818102329993
0.99,0.4,25,-13,-0.02630887538506931,0.9858440039367875
0.99,0.4,25,-12,-0.02554717590835162,0.9869075158585116
0.99,0.4,25,-11,-0.02478452457280799,0.9879723510957971
0.99,0.4,25,-10,-0.02402091817460778,0.9890385145254588
0.99,0.4,25,-9,-0.02325635361569302,0.9901060110691995
0.99,0.4,25,-8,-0.022490827711063612,0.9911748458508418
0.99,0.4,25,-7,-0.021724337309201695,0.9922450237588248
0.99,0.4,25,-6,-0.020956879226091758,0.9933165498771476
0.99,0.4,25,-5,-0.020188450296570692,0.994389429198228
0.99,0.4,25,-4,-0.019419047262112243,0.9954636669932531
0.99,0.4,25,-3,-0.018648666947866658,0.9965392675793462
0.99,0.4,25,-2,-0.017877306132104566,0.9976162365222675
0.99,0.4,25,-1,-0.017104961560747454,0.9986945799361716
0.99,0.4,25,0,-0.01633162998978052,0.9997743021433111
0.99,0.4,25,1,-0.015557308141410934,1.0008554079523582
0.99,0.4,25,2,-0.014781992717931949,1.0019379030147637
0.99,0.4,25,3,-0.014005680430876579,1.0030217924817055
0.99,0.4,25,4,-0.01322836811768878,1.004107080438917
0.99,0.4,25,5,-0.012450052381410249,1.0051937732041836
0.99,0.4,25,6,-0.011670729927841504,1.0062818758755456
0.99,0.4,25,7,-0.010890397499659064,1.0073713928075485
0.99,0.4,25,8,-0.010109051697282642,1.0084623299332265
0.99,0.4,25,9,-0.009326689090089796,1.0095546924518803
0.99,0.4,25,10,-0.008543306334486708,1.0106484868265118
0.99,0.4,25,11,-0.007758900257029612,1.0117437148976158
0.99,0.4,25,12,-0.006973467270268469,1.0128403845592666
0.99,0.4,25,13,-0.006187004048571873,1.0139385005833017
0.99,0.4,25,14,-0.005399507202720401,1.015038067835897
0.99,0.4,25,15,-0.0046109731677437624,1.0161390933947076
0.99,0.4,25,16,-0.0038213986008028456,1.0172415829496653
0.99,0.4,25,17,-0.0030307802744115645,1.0183455340190661
0.99,0.4,25,18,-0.002239114342489648,1.0194509626893011
0.99,0.4,25,19,-0.0014463975223491783,1.0205578728081002
0.99,0.4,25,20,-0.000652626418317164,1.0216662596357617
0.99,0.4,25,21,0.00014220262921533968,1.0227761410273255
0.99,0.4,25,22,0.0009380929677205994,1.02388751082893
0.99,0.4,25,23,0.001735048333765207,1.025000388348034
0.99,0.4,25,24,0.0025330719811146422,1.0261147633508851
0.99,0.4,25,25,0.0033321678126390347,1.0272306611507869
0.99,0.4,26,-26,0.020193885365322288,0.9745680821085614
0.99,0.4,26,-25,0.020941516086436265,0.97549886462033
0.99,0.4,26,-24,0.021689993381796488,0.976430691402431
0.99,0.4,26,-23,0.02243931981932787,0.9773635661438892
0.99,0.4,26,-22,0.023189498080974813,0.9782974925852755
0.99,0.4,26,-21,0.023940530747579312,0.9792324743231713
0.99,0.4,26,-20,0.024692420405848667,0.9801685151522385
0.99,0.4,26,-19,0.025445169738611197,0.9811056188115734
0.99,0.4,26,-18,0.026198781395597937,0.9820437889179515
0.99,0.4,26,-17,0.026953257997732512,0.9829830292968437
0.99,0.4,26,-16,0.027708602219858297,0.9839233436806072
0.99,0.4,26,-15,0.028464816754877827,0.9848647358453929
0.99,0.4,26,-14,0.02922190425054112,0.9858072095301945
0.99,0.4,26,-13,0.029979867388381272,0.9867507684988528
0.99,0.4,26,-12,0.030738708860145944,0.987695416567548
0.99,0.4,26,-11,0.03149843142004176,0.9886411574995765
0.99,0.4,26,-10,0.03225903770577368,0.9895879951282642
0.99,0.4,26,-9,0.03302053048332142,0.9905359331065883
0.99,0.4,26,-8,0.033782912463507175,0.9914849756210161
0.99,0.4,26,-7,0.034546186388356784,0.9924351260805413
0.99,0.4,26,-6,0.035310355011728835,0.9933863885682556
0.99,0.4,26,-5,0.03607542106473582,0.9943387668271041
0.99,0.4,26,-4,0.03684138731672545,0.9952922646728398
0.99,0.4,26,-3,0.0376082565231287,0.9962468855874221
0.99,0.4,26,-2,0.0383760315728927,0.9972026355104078
0.99,0.4,26,-1,0.039144715108540354,0.9981595157052537
0.99,0.4,26,0,0.03991431003094295,0.9991175318007847
0.99,0.4,26,1,0.04068481913862007,1.000076687086896
0.99,0.4,26,2,0.041456245266875316,1.0010369858137649
0.99,0.4,26,3,0.04222859125756761,1.0019984316042359
0.99,0.4,26,4,0.04300185984357497,1.0029610283016306
0.99,0.4,26,5,0.043776053904089604,1.0039247800535003
0.99,0.4,26,6,0.04455117624830081,1.004889690612868
0.99,0.4,26,7,0.045327229737270686,1.0058557641122319
0.99,0.4,26,8,0.04610421735873174,1.0068230045301534
0.99,0.4,26,9,0.04688214195504562,1.0077914163052464
0.99,0.4,26,10,0.04766100633851477,1.0087610029221776
0.99,0.4,26,11,0.048440813424599154,1.0097317681363986
0.99,0.4,26,12,0.04922156592726253,1.010703714444685
0.99,0.4,26,13,0.05000326723202201,1.011676849753248
0.99,0.4,26,14,0.050785920005624895,1.0126511765300834
0.99,0.4,26,15,0.05156952701344267,1.0136266962967915
0.99,0.4,26,16,0.05235409135538634,1.0146034151205627
0.99,0.4,26,17,0.05313961635698991,1.015581340827114
0.99,0.4,26,18,0.05392610433765747,1.0165604704794333
0.99,0.4,26,19,0.05471355851375485,1.017540811083887
0.99,0.4,26,20,0.05550198196196305,1.018522367754993
0.99,0.4,26,21,0.05629137793067953,1.0195051483024133
0.99,0.4,26,22,0.05708174888723288,1.020489149190095
0.99,0.4,26,23,0.05787309804231375,1.0214743774297004
0.99,0.4,26,24,0.05866542844653754,1.0224608377047384
0.99,0.4,26,25,0.05945874311769746,1.0234485342549473
0.99,0.4,26,26,0.060253045125564085,1.0244374709418738
0.99,0.4,27,-27,0.07362821271416978,0.972879662141541
0.99,0.4,27,-26,0.07436755538857528,0.9737060776464472
0.99,0.4,27,-25,0.07510767772068645,0.9745333573201228
0.99,0.4,27,-24,0.07584858195072787,0.9753615040572071
0.99,0.4,27,-23,0.07659027030387756,0.9761905206876387
0.99,0.4,27,-22,0.07733274508188855,0.9770204101004842
0.99,0.4,27,-21,0.07807600849954871,0.977851175094957
0.99,0.4,27,-20,0.07882006284994524,0.9786828185687048
0.99,0.4,27,-19,0.07956491039181166,0.9795153433588041
0.99,0.4,27,-18,0.08031055343148835,0.9803487524117591
0.99,0.4,27,-17,0.08105699424233115,0.9811830484715585
0.99,0.4,27,-16,0.08180423512439135,0.9820182345604088
0.99,0.4,27,-15,0.08255227837714489,0.9828543135403868
0.99,0.4,27,-14,0.08330112630817647,0.9836912882924533
0.99,0.4,27,-13,0.08405078122863033,0.984529161743213
0.99,0.4,27,-12,0.08480124545904978,0.9853679367637096
0.99,0.4,27,-11,0.08555252133912293,0.9862076163237115
0.99,0.4,27,-10,0.08630461117759021,0.9870482032756236
0.99,0.4,27,-9,0.08705751733655556,0.9878897006777088
0.99,0.4,27,-8,0.0878112421804401,0.9887321113971179
0.99,0.4,27,-7,0.08856578803068739,0.989575438426295
0.99,0.4,27,-6,0.08932115725361207,0.9904196845000437
0.99,0.4,27,-5,0.09007735223864348,0.9912648528798153
0.99,0.4,27,-4,0.09083437533433882,0.9921109463241742
0.99,0.4,27,-3,0.09159222885854239,0.992957967194045
0.99,0.4,27,-2,0.09235091545623274,0.9938059207406181
0.99,0.4,27,-1,0.09311043721469127,0.9946548072680467
0.99,0.4,27,0,0.09387079682145406,0.9955046320549864
0.99,0.4,27,1,0.0946319965400797,0.9963553967658495
0.99,0.4,27,2,0.09539403884682586,0.9972071047646198
0.99,0.4,27,3,0.09615692615747007,0.9980597592382717
0.99,0.4,27,4,0.09692066080999383,0.9989133625364907
0.99,0.4,27,5,0.09768524532583436,0.9997679184556313
0.99,0.4,27,6,0.09845068213127145,1.000623429841691
0.99,0.4,27,7,0.09921697353907268,1.0014798990745453
0.99,0.4,27,8,0.09998412220526841,1.002337329989741
0.99,0.4,27,9,0.10075213062440523,1.003195725908718
0.99,0.4,27,10,0.10152100089432163,1.004055088060604
0.99,0.4,27,11,0.10229073612627453,1.0049154226061585
0.99,0.4,27,12,0.10306133805043062,1.0057767285698542
0.99,0.4,27,13,0.10383280976174016,1.006639012437554
0.99,0.4,27,14,0.1046051539417237,1.0075022787774255
0.99,0.4,27,15,0.10537837231542475,1.0083665251538347
0.99,0.4,27,16,0.1061524679990421,1.0092317590839366
0.99,0.4,27,17,0.10692744280114885,1.0100979783567525
0.99,0.4,27,18,0.1077033007019437,1.0109651965523523
0.99,0.4,27,19,0.10848004284946074,1.0118334068183585
0.99,0.4,27,20,0.10925767184723514,1.0127026125185874
0.99,0.4,27,21,0.11003619149566803,1.0135728263622938
0.99,0.4,27,22,0.11081560315604476,1.0144440417960465
0.99,0.4,27,23,0.1115959091417416,1.0153162605898005
0.99,0.4,27,24,0.11237711376735747,1.0161894992086855
0.99,0.4,27,25,0.11315921807744114,1.0170637486683052
0.99,0.4,27,26,0.11394222520109316,1.0179390168532803
0.99,0.4,27,27,0.11472613725035985,1.0188153021696293
0.99,0.4,28,-28,0.12493013730817944,0.9684616877228572
0.99,0.4,28,-27,0.12565714262780123,0.9691950574082357
0.99,0.4,28,-26,0.12638486369875296,0.9699291436564301
0.99,0.4,28,-25,0.12711330247534208,0.9706639486825386
0.99,0.4,28,-24,0.12784246089639345,0.9713994745894593
0.99,0.4,28,-23,0.12857234087129074,0.9721357235935089
0.99,0.4,28,-22,0.12930294436388698,0.9728726979564278
0.99,0.4,28,-21,0.1300342733471034,0.9736103999382336
0.99,0.4,28,-20,0.13076632972351307,0.9743488315977691
0.99,0.4,28,-19,0.13149911549964935,0.9750879952855063
0.99,0.4,28,-18,0.1322326326040216,0.975827893179391
0.99,0.4,28,-17,0.13296688302600437,0.9765685275604599
0.99,0.4,28,-16,0.13370186874147355,0.9773099006100832
0.99,0.4,28,-15,0.13443759171952652,0.9780520146100956
0.99,0.4,28,-14,0.13517405396149623,0.9787948717654466
0.99,0.4,28,-13,0.13591125744059704,0.9795384743312112
0.99,0.4,28,-12,0.13664920415508555,0.9802828245791818
0.99,0.4,28,-11,0.13738789613477564,0.9810279248473869
0.99,0.4,28,-10,0.13812733536697785,0.9817737773111507
0.99,0.4,28,-9,0.13886752382321726,0.9825203841549728
0.99,0.4,28,-8,0.13960846358041681,0.9832677478104311
0.99,0.4,28,-7,0.14035015662986414,0.9840158704746613
0.99,0.4,28,-6,0.1410926050071295,0.9847647544005014
0.99,0.4,28,-5,0.14183581075765253,0.9855144019904999
0.99,0.4,28,-4,0.1425797757842173,0.9862648147533997
0.99,0.4,28,-3,0.1433245024947097,0.9870159972435112
0.99,0.4,28,-2,0.1440699925264637,0.9877679490524388
0.99,0.4,28,-1,0.14481624826379022,0.9885206746364635
0.99,0.4,28,0,0.1455632715452847,0.9892741748586946
0.99,0.4,28,1,0.14631106461987317,0.9900284530661331
0.99,0.4,28,2,0.1470596295089321,0.9907835112533553
0.99,0.4,28,3,0.14780896833246152,0.9915393518966218
0.99,0.4,28,4,0.14855908295130732,0.9922959765297711
0.99,0.4,28,5,0.1493099756433666,0.9930533884456121
0.99,0.4,28,6,0.15006164843917053,0.993811589326539
0.99,0.4,28,7,0.1508141035453851,0.9945705821548767
0.99,0.4,28,8,0.15156734288342452,0.9953303687577711
0.99,0.4,28,9,0.1523213684713596,0.996090950928834
0.99,0.4,28,10,0.15307618284432997,0.9968523326906393
0.99,0.4,28,11,0.15383178782105245,0.9976145152698279
0.99,0.4,28,12,0.15458818565514398,0.9983775016088151
0.99,0.4,28,13,0.15534537814851196,0.9991412922988905
0.99,0.4,28,14,0.1561033677689316,0.9999058914707494
0.99,0.4,28,15,0.15686215654913407,1.0006713009238717
0.99,0.4,28,16,0.15762174704795032,1.0014375250470542
0.99,0.4,28,17,0.15838214118095015,1.0022045651068572
0.99,0.4,28,18,0.1591433400582982,1.0029724180763304
0.99,0.4,28,19,0.15990534767585107,1.0037410957857136
0.99,0.4,28,20,0.16066816552484645,1.0045105973263513
0.99,0.4,28,21,0.16143179503108246,1.005280920626781
0.99,0.4,28,22,0.1621962388540099,1.0060520710012766
0.99,0.4,28,23,0.16296149935911086,1.0068240518320972
0.99,0.4,28,24,0.16372757845092772,1.0075968636508286
0.99,0.4,28,25,0.16449447940917,1.0083705153443794
0.99,0.4,28,26,0.1652622019776026,1.009144994889148
0.99,0.4,28,27,0.16603075195063088,1.009920325457119
0.99,0.4,28,28,0.1668001276421846,1.0106964871032553
0.99,0.4,29,-29,0.174119572670215,0.9616202377180249
0.99,0.4,29,-28,0.17483124717564474,0.962270538886884
0.99,0.4,29,-27,0.17554357740113388,0.9629214349968084
0.99,0.4,29,-26,0.17625656503081918,0.9635729278228623
0.99,0.4,29,-25,0.17697021166376745,0.9642250189096081
0.99,0.4,29,-24,0.17768451900422558,0.9648777101335922
0.99,0.4,29,-23,0.17839948872667555,0.9655310031136158
0.99,0.4,29,-22,0.17911512253142303,0.9661848996787299
0.99,0.4,29,-21,0.17983142201512767,0.9668394013152426
0.99,0.4,29,-20,0.18054838892368846,0.9674945100038279
0.99,0.4,29,-19,0.18126602492283916,0.9681502273328362
0.99,0.4,29,-18,0.18198433172842418,0.9688065551617352
0.99,0.4,29,-17,0.18270331098309206,0.9694634950545282
0.99,0.4,29,-16,0.18342296442644954,0.9701210488394281
0.99,0.4,29,-15,0.18414329374795485,0.9707792183444649
0.99,0.4,29,-14,0.18486430064690426,0.9714380050766634
0.99,0.4,29,-13,0.18558598686047023,0.9720974110648066
0.99,0.4,29,-12,0.18630835406407883,0.9727574378668
0.99,0.4,29,-11,0.18703140402025267,0.9734180873118641
0.99,0.4,29,-10,0.18775513842434,0.9740793612363132
0.99,0.4,29,-9,0.1884795590042639,0.9747412612612519
0.99,0.4,29,-8,0.1892046675027027,0.9754037892092808
0.99,0.4,29,-7,0.18993046563997196,0.9760669468339768
0.99,0.4,29,-6,0.1906569551460247,0.9767307358061637
0.99,0.4,29,-5,0.19138413781743954,0.9773951581735963
0.99,0.4,29,-4,0.1921120152373763,0.9780602149621239
0.99,0.4,29,-3,0.19284058937549256,0.9787259088915526
0.99,0.4,29,-2,0.1935698620889821,0.9793922423484513
0.99,0.4,29,-1,0.19429983494683592,0.9800592161135842
0.99,0.4,29,0,0.19503050968429325,0.9807268317531227
0.99,0.4,29,1,0.19576188818971968,0.9813950916352172
0.99,0.4,29,2,0.1964939722750529,0.9820639976901007
0.99,0.4,29,3,0.19722676378720275,0.9827335518733292
0.99,0.4,29,4,0.19796026405639294,0.9834037544020995
0.99,0.4,29,5,0.19869447533039192,0.9840746091208565
0.99,0.4,29,6,0.19942939921559139,0.9847461166088004
0.99,0.4,29,7,0.20016503751466574,0.9854182792286253
0.99,0.4,29,8,0.20090139221415731,0.986091098904984
0.99,0.4,29,9,0.20163846469204935,0.9867645765176453
0.99,0.4,29,10,0.20237625703450401,0.9874387146010177
0.99,0.4,29,11,0.2031147714306551,0.9881135163069279
0.99,0.4,29,12,0.20385400865235945,0.9887889797993425
0.99,0.4,29,13,0.20459397160467735,0.9894651106438451
0.99,0.4,29,14,0.20533466198805622,0.9901419105783608
0.99,0.4,29,15,0.2060760806649203,0.9908193773508736
0.99,0.4,29,16,0.20681823026468185,0.9914975161955197
0.99,0.4,29,17,0.20756111275176456,0.9921763291812746
0.99,0.4,29,18,0.2083047296453476,0.9928558171291272
0.99,0.4,29,19,0.20904908331686156,0.9935359838274364
0.99,0.4,29,20,0.20979417521557694,0.9942168296651044
0.99,0.4,29,21,0.21054000645799426,0.9948983532136263
0.99,0.4,29,22,0.21128658038330503,0.9955805626467433
0.99,0.4,29,23,0.21203389735318237,0.9962634534205604
0.99,0.4,29,24,0.212781960662297,0.9969470334360289
0.99,0.4,29,25,0.21353077111374585,0.9976312999219987
0.99,0.4,29,26,0.2142803313186713,0.9983162579712297
0.99,0.4,29,27,0.21503064208069472,0.9990019047664148
0.99,0.4,29,28,0.21578170694926246,0.9996882494241263
0.99,0.4,29,29,0.21653352601088663,1.0003752858021944
0.99,0.4,30,-30,0.22122873274300542,0.9526277670487677
0.99,0.4,30,-29,0.2219229082304615,0.9532038060864709
0.99,0.4,30,-28,0.2226176835876064,0.9537803396544697
0.99,0.4,30,-27,0.2233130602349862,0.9543573690420062
0.99,0.4,30,-26,0.224009039585993,0.9549348955044913
0.99,0.4,30,-25,0.22470562308539663,0.9555129205184523
0.99,0.4,30,-24,0.22540281218426128,0.9560914453764251
0.99,0.4,30,-23,0.22610060829544593,0.9566704713936682
0.99,0.4,30,-22,0.22679901285131748,0.9572499998764479
0.99,0.4,30,-21,0.22749802731607546,0.9578300322335532
0.99,0.4,30,-20,0.22819765314460455,0.9584105698253795
0.99,0.4,30,-19,0.22889789174767058,0.958991613944538
0.99,0.4,30,-18,0.22959874462243524,0.9595731660092037
0.99,0.4,30,-17,0.23030021319485625,0.9601552272778434
0.99,0.4,30,-16,0.23100229896503965,0.9607377992273312
0.99,0.4,30,-15,0.23170500335646646,0.9613208831868562
0.99,0.4,30,-14,0.2324083278421042,0.9619044804081712
0.99,0.4,30,-13,0.23311227391502048,0.9624885923852272
0.99,0.4,30,-12,0.23381684301141015,0.9630732204102631
0.99,0.4,30,-11,0.2345220366433316,0.9636583658795492
0.99,0.4,30,-10,0.23522785628159742,0.964244030171097
0.99,0.4,30,-9,0.23593430341451355,0.9648302147085406
0.99,0.4,30,-8,0.2366413795261279,0.9654169208317245
0.99,0.4,30,-7,0.23734908608169145,0.966004149859911
0.99,0.4,30,-6,0.23805742451155876,0.966591902910274
0.99,0.4,30,-5,0.23876639637972424,0.9671801816101566
0.99,0.4,30,-4,0.23947600328179763,0.9677689876865122
0.99,0.4,30,-3,0.2401862468915484,0.9683583232270494
0.99,0.4,30,-2,0.24089712822849846,0.968948187679091
0.99,0.4,30,-1,0.24160864912952978,0.9695385838046118
0.99,0.4,30,0,0.24232081102033592,0.9701295125852849
0.99,0.4,30,1,0.24303361554680214,0.9707209757922906
0.99,0.4,30,2,0.2437470642376246,0.9713129748386045
0.99,0.4,30,3,0.24446115858262776,0.9719055108216368
0.99,0.4,30,4,0.24517589983386207,0.9724985848327241
0.99,0.4,30,5,0.24589128986354433,0.9730921989862172
0.99,0.4,30,6,0.2466073300786586,0.9736863544032354
0.99,0.4,30,7,0.24732402193629352,0.9742810523185073
0.99,0.4,30,8,0.24804136710656624,0.974876294374773
0.99,0.4,30,9,0.24875936704342055,0.9754720818025084
0.99,0.4,30,10,0.24947802356079155,0.9760684168102889
0.99,0.4,30,11,0.25019733762683777,0.976665299070184
0.99,0.4,30,12,0.2509173110191709,0.9772627307366851
0.99,0.4,30,13,0.2516379458744592,0.9778607147567527
0.99,0.4,30,14,0.25235924362396167,0.9784592524966026
0.99,0.4,30,15,0.2530812048988146,0.9790583422488573
0.99,0.4,30,16,0.2538038317682918,0.9796579869871266
0.99,0.4,30,17,0.25452712638769004,0.9802581902447325
0.99,0.4,30,18,0.2552510898361208,0.9808589516017687
0.99,0.4,30,19,0.25597572309485994,0.981460270651383
0.99,0.4,30,20,0.25670102910706205,0.9820621533271026
0.99,0.4,30,21,0.25742700941550234,0.9826646010416037
0.99,0.4,30,22,0.25815366403603157,0.9832676096874076
0.99,0.4,30,23,0.2588809946256673,0.9838711809845085
0.99,0.4,30,24,0.25960900490747496,0.9844753237619703
0.99,0.4,30,25,0.26033769513046817,0.9850800348126476
0.99,0.4,30,26,0.26106706713825595,0.9856853164027333
0.99,0.4,30,27,0.2617971221527295,0.9862911686289916
0.99,0.4,30,28,0.2625278613002316,0.9868975911444277
0.99,0.4,30,29,0.2632592884909755,0.9875045937372781
0.99,0.4,30,30,0.26399140130726173,0.9881121630378432
0.99,0.4,31,-31,0.2662994271187558,0.9417282014424024
0.99,0.4,31,-30,0.26697458282286207,0.9422377649592564
0.99,0.4,31,-29,0.2676502868162244,0.9427477396342671
0.99,0.4,31,-28,0.26832654035044046,0.9432581266848686
0.99,0.4,31,-27,0.26900334460506276,0.9437689269895447
0.99,0.4,31,-26,0.2696807008516008,0.9442801416807
0.99,0.4,31,-25,0.2703586103148915,0.944791771770369
0.99,0.4,31,-24,0.2710370742305351,0.9453038183542356
0.99,0.4,31,-23,0.27171609381490675,0.9458162824391467
0.99,0.4,31,-22,0.2723956703225782,0.9463291651174929
0.99,0.4,31,-21,0.27307580502740936,0.946842467442997
0.99,0.4,31,-20,0.2737564991251744,0.9473561904122229
0.99,0.4,31,-19,0.27443775388871905,0.9478703350932531
0.99,0.4,31,-18,0.2751195705725074,0.9483849026430988
0.99,0.4,31,-17,0.27580195040897826,0.9488998939784445
0.99,0.4,31,-16,0.2764848946804895,0.9494153102893297
0.99,0.4,31,-15,0.2771684046636189,0.9499311526332601
0.99,0.4,31,-14,0.27785248156379416,0.9504474219830793
0.99,0.4,31,-13,0.27853712665753555,0.9509641194189975
0.99,0.4,31,-12,0.2792223412349797,0.9514812460315555
0.99,0.4,31,-11,0.27990812657522657,0.9519988029922654
0.99,0.4,31,-10,0.2805944839415216,0.9525167912901632
0.99,0.4,31,-9,0.28128141457690753,0.9530352119630919
0.99,0.4,31,-8,0.2819689197610964,0.9535540660832657
0.99,0.4,31,-7,0.2826570008655584,0.9540733549302913
0.99,0.4,31,-6,0.2833456589979706,0.9545930791044269
0.99,0.4,31,-5,0.28403489538588034,0.9551132395284337
0.99,0.4,31,-4,0.28472471203845445,0.9556338395378629
0.99,0.4,31,-3,0.28541510933836006,0.9561548773024385
0.99,0.4,31,-2,0.28610608877273325,0.9566763545733881
0.99,0.4,31,-1,0.28679765222494463,0.9571982742957468
0.99,0.4,31,0,0.2874898003917477,0.9577206355871216
0.99,0.4,31,1,0.2881825349037731,0.9582434405614172
0.99,0.4,31,2,0.2888758570769053,0.9587666903400468
0.99,0.4,31,3,0.2895697680841216,0.9592903854882951
0.99,0.4,31,4,0.29026426911804304,0.9598145269670864
0.99,0.4,31,5,0.2909593617408081,0.9603391166457996
0.99,0.4,31,6,0.29165504703095285,0.9608641549456128
0.99,0.4,31,7,0.2923513264418492,0.9613896432759533
0.99,0.4,31,8,0.29304820125732306,0.9619155827658639
0.99,0.4,31,9,0.29374567302170596,0.9624419746960365
0.99,0.4,31,10,0.29444374253669514,0.9629688192658361
0.99,0.4,31,11,0.29514241179825035,0.963496119155592
0.99,0.4,31,12,0.29584168123951265,0.9640238731110078
0.99,0.4,31,13,0.2965415530217307,0.9645520844311237
0.99,0.4,31,14,0.29724202839637054,0.9650807539847681
0.99,0.4,31,15,0.29794310864508333,0.9656098827757357
0.99,0.4,31,16,0.2986447947321434,0.9661394708549285
0.99,0.4,31,17,0.2993470885654868,0.9666695209428015
0.99,0.4,31,18,0.30004999067215,0.9672000317445371
0.99,0.4,31,19,0.30075350245162774,0.967731004593384
0.99,0.4,31,20,0.30145762628620276,0.9682624434773708
0.99,0.4,31,21,0.3021623636691813,0.9687943500244763
0.99,0.4,31,22,0.30286771538026047,0.9693267237461504
0.99,0.4,31,23,0.30357368171999216,0.969859562419436
0.99,0.4,31,24,0.3042802649452207,0.9703928699452683
0.99,0.4,31,25,0.30498746751526246,0.9709266507275749
0.99,0.4,31,26,0.30569528938002744,0.9714609015797212
0.99,0.4,31,27,0.3064037306763283,0.9719956198222489
0.99,0.4,31,28,0.30711279731419633,0.9725308206052946
0.99,0.4,31,29,0.3078224839089116,0.9730664839588805
0.99,0.4,31,30,0.30853279944719747,0.9736026348463238
0.99,0.4,31,31,0.3092437415494328,0.9741392626873636
0.99,0.4,32,-32,0.3093794808483378,0.9291381360065036
0.99,0.4,32,-31,0.31003460038998143,0.9295881192073403
0.99,0.4,32,-30,0.31069022087358417,0.9300384444507096
0.99,0.4,32,-29,0.3113463433464404,0.9304891125317317
0.99,0.4,32,-28,0.3120029688775178,0.9309401243261392
0.99,0.4,32,-27,0.31266009850633397,0.9313914806128057
0.99,0.4,32,-26,0.3133177333314842,0.931843182264029
0.99,0.4,32,-25,0.313975874348491,0.9322952299664847
0.99,0.4,32,-24,0.31463452268335707,0.9327476246981261
0.99,0.4,32,-23,0.3152936793714973,0.9332003672134443
0.99,0.4,32,-22,0.31595334550156867,0.9336534583486912
0.99,0.4,32,-21,0.31661352215551775,0.934106898988247
0.99,0.4,32,-20,0.31727421034834313,0.93456068983842
0.99,0.4,32,-19,0.31793541122501773,0.9350148318727378
0.99,0.4,32,-18,0.31859712580676314,0.9354693257560632
0.99,0.4,32,-17,0.3192593552132109,0.9359241724898582
0.99,0.4,32,-16,0.31992210049285513,0.9363793727431146
0.99,0.4,32,-15,0.32058536276214006,0.9368349275142689
0.99,0.4,32,-14,0.321249143097965,0.9372908375585903
0.99,0.4,32,-13,0.32191344257630694,0.9377471037265035
0.99,0.4,32,-12,0.3225782623231339,0.9382037268965194
0.99,0.4,32,-11,0.32324360337150276,0.9386607078448532
0.99,0.4,32,-10,0.3239094668266018,0.9391180473303415
0.99,0.4,32,-9,0.3245758538308209,0.9395757463746208
0.99,0.4,32,-8,0.32524276547368886,0.9400338058191927
0.99,0.4,32,-7,0.32591020276917243,0.9404922262399784
0.99,0.4,32,-6,0.3265781669532051,0.9409510088278478
0.99,0.4,32,-5,0.32724665917000967,0.9414101546006877
0.99,0.4,32,-4,0.32791568031628704,0.9418696637774454
0.99,0.4,32,-3,0.3285852315944844,0.9423295374853894
0.99,0.4,32,-2,0.32925531412025544,0.942789776570411
0.99,0.4,32,-1,0.32992592921245517,0.9432503824663871
0.99,0.4,32,0,0.3305970777377375,0.9437113553017626
0.99,0.4,32,1,0.33126876108759157,0.9441726966657238
0.99,0.4,32,2,0.33194098027276375,0.9446344070090422
0.99,0.4,32,3,0.3326137363862031,0.9450964872406514
0.99,0.4,32,4,0.3332870303992724,0.9455589378087856
0.99,0.4,32,5,0.3339608636536992,0.9460217601699615
0.99,0.4,32,6,0.33463523714854176,0.9464849548786954
0.99,0.4,32,7,0.3353101519583796,0.9469485226877127
0.99,0.4,32,8,0.3359856094804446,0.9474124649543004
0.99,0.4,32,9,0.33666161034612657,0.947876781687043
0.99,0.4,32,10,0.3373381563071169,0.948341474627754
0.99,0.4,32,11,0.33801524815484957,0.9488065442240998
0.99,0.4,32,12,0.3386928873748725,0.9492719920597965
0.99,0.4,32,13,0.3393710744386472,0.9497378174925103
0.99,0.4,32,14,0.34004981102822046,0.9502040225295179
0.99,0.4,32,15,0.3407290977631061,0.9506706069360598
0.99,0.4,32,16,0.34140893731093985,0.9511375750391413
0.99,0.4,32,17,0.3420893282776089,0.9516049216229985
0.99,0.4,32,18,0.34277027440457564,0.9520726539423213
0.99,0.4,32,19,0.34345177578047487,0.9525407702732468
0.99,0.4,32,20,0.34413383279323695,0.9530092693989278
0.99,0.4,32,21,0.3448164473874133,0.9534781542778885
0.99,0.4,32,22,0.34549961975720916,0.953947423313911
0.99,0.4,32,23,0.34618335295149544,0.9544170820690635
0.99,0.4,32,24,0.3468676480066136,0.9548871313021848
0.99,0.4,32,25,0.34755250473189353,0.95535756825891
0.99,0.4,32,26,0.34823792341331256,0.9558283915670374
0.99,0.4,32,27,0.34892390743218044,0.9562996077235497
0.99,0.4,32,28,0.3496104584445273,0.9567712190977482
0.99,0.4,32,29,0.35029757598286654,0.9572432221475284
0.99,0.4,32,30,0.3509852605383463,0.9577156158101212
0.99,0.4,32,31,0.3516735152726769,0.9581884063649971
0.99,0.4,32,32,0.3523623398217517,0.9586615905785082
0.99,0.4,33,-33,0.3505230275587123,0.9150541078577331
0.99,0.4,33,-32,0.35115749375257993,0.9154506291737597
0.99,0.4,33,-31,0.35179241756390206,0.915847434854714
0.99,0.4,33,-30,0.35242779990917905,0.9162445255820055
0.99,0.4,33,-29,0.3530636416907622,0.9166419019480355
0.99,0.4,33,-28,0.35369994380717373,0.9170395646129931
0.99,0.4,33,-27,0.35433670719954413,0.9174375142537378
0.99,0.4,33,-26,0.3549739327569482,0.9178357515063791
0.99,0.4,33,-25,0.35561162140002894,0.9182342769692176
0.99,0.4,33,-24,0.3562497740755726,0.9186330913370326
0.99,0.4,33,-23,0.35688839167220837,0.9190321952804691
0.99,0.4,33,-22,0.357527475118667,0.9194315893760645
0.99,0.4,33,-21,0.3581670253831295,0.9198312743883339
0.99,0.4,33,-20,0.35880704329919844,0.9202312507992805
0.99,0.4,33,-19,0.35944752988254325,0.920631519451034
0.99,0.4,33,-18,0.3600884860271964,0.9210320809212188
0.99,0.4,33,-17,0.3607299126775298,0.92143293584551
0.99,0.4,33,-16,0.36137181072984564,0.9218340848386786
0.99,0.4,33,-15,0.3620141811638573,0.9222355286633649
0.99,0.4,33,-14,0.362657024889766,0.922637267935532
0.99,0.4,33,-13,0.3633003428414354,0.9230393032601031
0.99,0.4,33,-12,0.3639441359780489,0.923441635360624
0.99,0.4,33,-11,0.3645884052513706,0.9238442649074482
0.99,0.4,33,-10,0.3652331515446962,0.9242471924961833
0.99,0.4,33,-9,0.36587837590836747,0.924650418944879
0.99,0.4,33,-8,0.36652407906518214,0.925053944442181
0.99,0.4,33,-7,0.3671702622782605,0.9254577703667544
0.99,0.4,33,-6,0.36781692631421953,0.9258618969776329
0.99,0.4,33,-5,0.3684640719815275,0.926266324570352
0.99,0.4,33,-4,0.3691117003434832,0.9266710541235834
0.99,0.4,33,-3,0.3697598129544611,0.9270760877154768
0.99,0.4,33,-2,0.3704084100517433,0.9274814242805676
0.99,0.4,33,-1,0.37105749273516003,0.927887064773257
0.99,0.4,33,0,0.37170706194534664,0.9282930099091427
0.99,0.4,33,1,0.37235711900869684,0.9286992611251635
0.99,0.4,33,2,0.3730076646978078,0.9291058186268931
0.99,0.4,33,3,0.37365869990000844,0.9295126828313576
0.99,0.4,33,4,0.3743102254351967,0.9299198543944885
0.99,0.4,33,5,0.3749622425942552,0.9303273344569507
0.99,0.4,33,6,0.3756147521335434,0.9307351234229353
0.99,0.4,33,7,0.37626775517269617,0.9311432220577439
0.99,0.4,33,8,0.3769212523284583,0.9315516306148922
0.99,0.4,33,9,0.37757524518677477,0.9319603505813533
0.99,0.4,33,10,0.3782297339175865,0.9323693814082125
0.99,0.4,33,11,0.37888472055484906,0.9327787256178026
0.99,0.4,33,12,0.37954020469357164,0.933188381330247
0.99,0.4,33,13,0.3801961884348008,0.9335983513195192
0.99,0.4,33,14,0.3808526725953369,0.93400863592485
0.99,0.4,33,15,0.3815096584850959,0.9344192366316704
0.99,0.4,33,16,0.38216714545012237,0.9348301505920272
0.99,0.4,33,17,0.38282513658845224,0.9352413829477282
0.99,0.4,33,18,0.3834836316875867,0.9356529318698765
0.99,0.4,33,19,0.38414263246747676,0.9360647995727516
0.99,0.4,33,20,0.3848021379496076,0.9364769824196656
0.99,0.4,33,21,0.38546215301830217,0.9368894897359771
0.99,0.4,33,22,0.3861226735979166,0.9373023107758203
0.99,0.4,33,23,0.3867837061966385,0.9377154588105223
0.99,0.4,33,24,0.38744524636484284,0.9381289219295643
0.99,0.4,33,25,0.388107300227347,0.9385427127672321
0.99,0.4,33,26,0.38876986447781275,0.9389568219018096
0.99,0.4,33,27,0.3894329432377933,0.9393712573040324
0.99,0.4,33,28,0.39009653359659635,0.9397860105585649
0.99,0.4,33,29,0.39076064344270794,0.9402010984200557
0.99,0.4,33,30,0.39142526598590205,0.9406165032612734
0.99,0.4,33,31,0.39209040886371554,0.941032241400575
0.99,0.4,33,32,0.39275606777389765,0.941448300968264
0.99,0.4,33,33,0.3934222467454584,0.9418646897389392
0.99,0.4,34,-34,0.3897844309073866,0.8996472166969036
0.99,0.4,34,-33,0.3903979298044539,0.8999957109907567
0.99,0.4,34,-32,0.39101184678757,0.9003444414728607
0.99,0.4,34,-31,0.3916261825999401,0.9006934085751908
0.99,0.4,34,-30,0.3922409380977624,0.9010426130186134
0.99,0.4,34,-29,0.3928561139884017,0.9013920550461305
0.99,0.4,34,-28,0.39347171113414425,0.9017417353671308
0.99,0.4,34,-27,0.39408773028471117,0.9020916543868335
0.99,0.4,34,-26,0.39470417223501403,0.9024418126602766
0.99,0.4,34,-25,0.3953210377986679,0.902792210674524
0.99,0.4,34,-24,0.3959383277512202,0.9031428489929242
0.99,0.4,34,-23,0.3965560428793433,0.9034937280375573
0.99,0.4,34,-22,0.39717418401158905,0.9038448483806055
0.99,0.4,34,-21,0.39779275191362223,0.9041962105152241
0.99,0.4,34,-20,0.39841174739457474,0.9045478149602197
0.99,0.4,34,-19,0.3990311713003084,0.9048996623085335
0.99,0.4,34,-18,0.3996510243418499,0.9052517529106774
0.99,0.4,34,-17,0.4002713074099993,0.9056040874357948
0.99,0.4,34,-16,0.40089202129427043,0.9059566663821593
0.99,0.4,34,-15,0.4015131667625635,0.9063094901660583
0.99,0.4,34,-14,0.4021347446431691,0.9066625593856412
0.99,0.4,34,-13,0.4027567557765252,0.907015874615722
0.99,0.4,34,-12,0.4033792009038292,0.9073694361994641
0.99,0.4,34,-11,0.4040020808844117,0.9077232447752284
0.99,0.4,34,-10,0.4046253965443663,0.9080773008792288
0.99,0.4,34,-9,0.4052491486732738,0.9084316050133291
0.99,0.4,34,-8,0.40587333806643394,0.9087861576307431
0.99,0.4,34,-7,0.4064979654815447,0.9091409591332137
0.99,0.4,34,-6,0.4071230319661623,0.9094960105174145
0.99,0.4,34,-5,0.4077485383499134,0.9098513123443983
0.99,0.4,34,-4,0.40837448504814283,0.9102068642546337
0.99,0.4,34,-3,0.40900087323771084,0.9105626675260704
0.99,0.4,34,-2,0.4096277037306929,0.910918722680779
0.99,0.4,34,-1,0.41025497726558063,0.9112750300300666
0.99,0.4,34,0,0.4108826946961453,0.9116315901519986
0.99,0.4,34,1,0.41151085705462553,0.911988403984931
0.99,0.4,34,2,0.4121394651344409,0.9123454719633235
0.99,0.4,34,3,0.41276851964908157,0.9127027943420031
0.99,0.4,34,4,0.4133980211734769,0.9130603711626015
0.99,0.4,34,5,0.41402797085988463,0.9134182037192586
0.99,0.4,34,6,0.41465836963151187,0.9137762925782416
0.99,0.4,34,7,0.4152892179763812,0.9141346378436063
0.99,0.4,34,8,0.4159205169353826,0.9144932400276139
0.99,0.4,34,9,0.4165522673690438,0.914852099984363
0.99,0.4,34,10,0.4171844702932471,0.9152112184854148
0.99,0.4,34,11,0.41781712575101193,0.9155705946935757
0.99,0.4,34,12,0.4184502354809864,0.9159302306196145
0.99,0.4,34,13,0.41908380031194775,0.9162901268024481
0.99,0.4,34,14,0.4197178205465054,0.916650282899674
0.99,0.4,34,15,0.4203522973271292,0.9170106998907415
0.99,0.4,34,16,0.42098723139815525,0.9173713781234556
0.99,0.4,34,17,0.4216226232792787,0.9177323175036072
0.99,0.4,34,18,0.4222584757228557,0.91809352228054
0.99,0.4,34,19,0.4228947859389568,0.9184549857425165
0.99,0.4,34,20,0.42353155934895204,0.9188167176618678
0.99,0.4,34,21,0.42416879228460547,0.9191787093634143
0.99,0.4,34,22,0.42480648778562724,0.9195409658203418
0.99,0.4,34,23,0.4254446484247965,0.9199034910841286
0.99,0.4,34,24,0.4260832729117964,0.9202662813281048
0.99,0.4,34,25,0.4267223605148136,0.9206293337566103
0.99,0.4,34,26,0.42736191544222296,0.920992655774565
0.99,0.4,34,27,0.42800193851591567,0.9213562479922983
0.99,0.4,34,28,0.42864242754509946,0.9217201044235658
0.99,0.4,34,29,0.42928338530604904,0.9220842297094568
0.99,0.4,34,30,0.4299248136993587,0.9224486265151126
0.99,0.4,34,31,0.43056671023985177,0.922813288212132
0.99,0.4,34,32,0.4312090785836055,0.9231782213855951
0.99,0.4,34,33,0.4318519209544156,0.9235434294643652
0.99,0.4,34,34,0.43249523321801847,0.9239089021055603
0.99,0.4,35,-35,0.4272259393756004,0.8830800913018119
0.99,0.4,35,-34,0.42781840731796345,0.8833853996011981
0.99,0.4,35,-33,0.4284112573185007,0.8836909037027711
0.99,0.4,35,-32,0.4290044900715052,0.8839966040589543
0.99,0.4,35,-31,0.4295981062742702,0.8843025010690873
0.99,0.4,35,-30,0.43019210659835827,0.8846085951580271
0.99,0.4,35,-29,0.43078649168276784,0.884914886632843
0.99,0.4,35,-28,0.4313812622675257,0.8852213759932801
0.99,0.4,35,-27,0.43197641902203404,0.8855280635964418
0.99,0.4,35,-26,0.43257196263471187,0.8858349498693228
0.99,0.4,35,-25,0.43316789378172027,0.8861420352030388
0.99,0.4,35,-24,0.4337642131674914,0.886449320001289
0.99,0.4,35,-23,0.4343609214379705,0.8867568046306534
0.99,0.4,35,-22,0.43495801934355777,0.8870644895775843
0.99,0.4,35,-21,0.43555550756047456,0.8873723752390716
0.99,0.4,35,-20,0.43615338673177506,0.8876804618803599
0.99,0.4,35,-19,0.4367516575836875,0.8879887500478328
0.99,0.4,35,-18,0.43735032081384156,0.8882972401068927
0.99,0.4,35,-17,0.43794937714593324,0.8886059325384446
0.99,0.4,35,-16,0.4385488272154464,0.8889148275955387
0.99,0.4,35,-15,0.4391486717773651,0.8892239258492775
0.99,0.4,35,-14,0.43974891150553713,0.8895332276243606
0.99,0.4,35,-13,0.4403495470759323,0.889842733259287
0.99,0.4,35,-12,0.4409505792516188,0.8901524433653939
0.99,0.4,35,-11,0.4415520086314823,0.8904623580849491
0.99,0.4,35,-10,0.44215383602096026,0.8907724780625897
0.99,0.4,35,-9,0.44275606210482543,0.8910828036143659
0.99,0.4,35,-8,0.4433586874555073,0.8913933349605166
0.99,0.4,35,-7,0.4439617130929723,0.8917040730726288
0.99,0.4,35,-6,0.4445651391881462,0.8920150173744988
0.99,0.4,35,-5,0.44516896736887646,0.8923261700364433
0.99,0.4,35,-4,0.4457731974643598,0.8926375297277522
0.99,0.4,35,-3,0.4463778301504562,0.8929490968347481
0.99,0.4,35,-2,0.4469828668551208,0.8932608731304171
0.99,0.4,35,-1,0.44758830818743733,0.8935728588556673
0.99,0.4,35,0,0.44819415436489046,0.8938850534161817
0.99,0.4,35,1,0.4488004066083324,0.8941974581774097
0.99,0.4,35,2,0.4494070654260288,0.8945100732093586
0.99,0.4,35,3,0.4500141315925697,0.8948228988717816
0.99,0.4,35,4,0.4506216056403285,0.8951359355168579
0.99,0.4,35,5,0.45122948841960425,0.895449183628221
0.99,0.4,35,6,0.4518377806825882,0.895762643776692
0.99,0.4,35,7,0.4524464829897408,0.8960763161914527
0.99,0.4,35,8,0.4530555961858314,0.896390201151636
0.99,0.4,35,9,0.4536651212457144,0.8967042997456326
0.99,0.4,35,10,0.4542750579282559,0.8970186108728543
0.99,0.4,35,11,0.45488540864058663,0.8973331374919569
0.99,0.4,35,12,0.45549617269141146,0.8976478778407296
0.99,0.4,35,13,0.4561073504913904,0.8979628317463946
0.99,0.4,35,14,0.45671894494488635,0.8982780032818839
0.99,0.4,35,15,0.45733095408076,0.8985933883305758
0.99,0.4,35,16,0.4579433813327334,0.8989089918648157
0.99,0.4,35,17,0.45855622529099704,0.8992248106941716
0.99,0.4,35,18,0.4591694874037355,0.8995408464115304
0.99,0.4,35,19,0.45978316829508414,0.8998570992543525
0.99,0.4,35,20,0.4603972684377671,0.9001735691587661
0.99,0.4,35,21,0.4610117894435781,0.9004902581449149
0.99,0.4,35,22,0.4616267320727329,0.9008071666976639
0.99,0.4,35,23,0.4622420959136334,0.9011242930986526
0.99,0.4,35,24,0.46285788231850017,0.9014416388827822
0.99,0.4,35,25,0.4634740931953061,0.9017592066991871
0.99,0.4,35,26,0.46409072773886134,0.9020769940230889
0.99,0.4,35,27,0.4647077860445635,0.902395000054529
0.99,0.4,35,28,0.465325269967019,0.902713227352722
0.99,0.4,35,29,0.46594318232867094,0.9030316802653917
0.99,0.4,35,30,0.4665615206896967,0.9033503531617088
0.99,0.4,35,31,0.4671802864337042,0.9036692476131402
0.99,0.4,35,32,0.4677994793302148,0.9039883621959461
0.99,0.4,35,33,0.4684191043315656,0.904307705512698
0.99,0.4,35,34,0.4690391571379653,0.9046272680638088
0.99,0.4,35,35,0.4696596448101994,0.9049470626433979
0.99,0.4,36,-36,0.46289996519907645,0.8654823893250201
0.99,0.4,36,-35,0.4634715070106839,0.8657488218931951
0.99,0.4,36,-34,0.4640433981635824,0.8660154164774956
0.99,0.4,36,-33,0.4646156391752327,0.866282173331933
0.99,0.4,36,-32,0.465188230669187,0.866549092796549
0.99,0.4,36,-31,0.46576117327489247,0.8668161752461426
0.99,0.4,36,-30,0.4663344675294076,0.867083420918436
0.99,0.4,36,-29,0.4669081140535812,0.8673508302058754
0.99,0.4,36,-28,0.4674821134225168,0.8676184033271106
0.99,0.4,36,-27,0.46805646624050085,0.8678861406981617
0.99,0.4,36,-26,0.4686311730782861,0.8681540425440053
0.99,0.4,36,-25,0.4692062345934394,0.8684221093222823
0.99,0.4,36,-24,0.46978165131758876,0.8686903411785201
0.99,0.4,36,-23,0.47035742387002993,0.8689587385570527
0.99,0.4,36,-22,0.4709335528763549,0.8692273017435554
0.99,0.4,36,-21,0.47151003892074234,0.8694960311071339
0.99,0.4,36,-20,0.47208688255876474,0.869764926838858
0.99,0.4,36,-19,0.47266408443887575,0.8700339893579104
0.99,0.4,36,-18,0.4732416451323931,0.8703032189305818
0.99,0.4,36,-17,0.47381956528455355,0.8705726159460737
0.99,0.4,36,-16,0.47439784546935604,0.8708421806785911
0.99,0.4,36,-15,0.4749764862882503,0.8711119134822576
0.99,0.4,36,-14,0.47555548834489625,0.8713818145958495
0.99,0.4,36,-13,0.47613485227910274,0.8716518844719567
0.99,0.4,36,-12,0.47671457871597744,0.8719221234273372
0.99,0.4,36,-11,0.477294668159199,0.872192531626616
0.99,0.4,36,-10,0.47787512129325665,0.8724631094955282
0.99,0.4,36,-9,0.4784559385950692,0.8727338571600685
0.99,0.4,36,-8,0.47903712098520673,0.8730047754696111
0.99,0.4,36,-7,0.47961866889187144,0.8732758644102099
0.99,0.4,36,-6,0.48020058291400347,0.8735471243327025
0.99,0.4,36,-5,0.4807828636290008,0.8738185554318497
0.99,0.4,36,-4,0.48136551170618996,0.8740901581662586
0.99,0.4,36,-3,0.4819485276202985,0.8743619326230193
0.99,0.4,36,-2,0.4825319121130085,0.8746338793405544
0.99,0.4,36,-1,0.48311566624629426,0.8749059994119587
0.99,0.4,36,0,0.4836997901562562,0.8751782922988445
0.99,0.4,36,1,0.4842842845601973,0.8754507585202788
0.99,0.4,36,2,0.4848691502567038,0.8757233986873275
0.99,0.4,36,3,0.48545438761212467,0.8759962125940368
0.99,0.4,36,4,0.4860399973172286,0.8762692008709826
0.99,0.4,36,5,0.4866259799171298,0.8765423636929536
0.99,0.4,36,6,0.4872123362691194,0.8768157017162481
0.99,0.4,36,7,0.48779906675736295,0.877089214943231
0.99,0.4,36,8,0.4883861721432803,0.877362903880204
0.99,0.4,36,9,0.4889736531296144,0.8776367689525226
0.99,0.4,36,10,0.4895615100190637,0.8779108100475752
0.99,0.4,36,11,0.49014974344654466,0.8781850275301682
0.99,0.4,36,12,0.4907383547337067,0.8784594226538216
0.99,0.4,36,13,0.4913273436886823,0.8787339946025764
0.99,0.4,36,14,0.49191671131669323,0.8790087442561862
0.99,0.4,36,15,0.4925064579709522,0.8792836715114078
0.99,0.4,36,16,0.49309658421754426,0.879558776544109
0.99,0.4,36,17,0.49368709175682873,0.8798340614464237
0.99,0.4,36,18,0.49427798049698374,0.8801095253577842
0.99,0.4,36,19,0.4948692515262814,0.8803851694096826
0.99,0.4,36,20,0.4954609041591868,0.8806609916823869
0.99,0.4,36,21,0.49605293934799627,0.8809369930483085
0.99,0.4,36,22,0.496645359388002,0.8812131766400967
0.99,0.4,36,23,0.49723816212752464,0.8814895381048676
0.99,0.4,36,24,0.4978313526398688,0.8817660851841079
0.99,0.4,36,25,0.4984249256402197,0.8820428082235259
0.99,0.4,36,26,0.4990188848129607,0.8823197126383817
0.99,0.4,36,27,0.4996132329535159,0.882596802569656
0.99,0.4,36,28,0.5002079691213613,0.8828740756719927
0.99,0.4,36,29,0.5008030912422656,0.883151527414199
0.99,0.4,36,30,0.5013986035462965,0.8834291644958638
0.99,0.4,36,31,0.501994508806261,0.8837069909345951
0.99,0.4,36,32,0.5025908009683154,0.8839849952982303
0.99,0.4,36,33,0.5031874786163947,0.8842631742306065
0.99,0.4,36,34,0.503784557488826,0.8845415548301189
0.99,0.4,36,35,0.5043820247391896,0.884820113459857
0.99,0.4,36,36,0.5049798836587298,0.8850988551853876
0.99,0.4,37,-37,0.4968792916508834,0.8469996660928464
0.99,0.4,37,-36,0.49743018369672065,0.8472310809585852
0.99,0.4,37,-35,0.4979813952770925,0.8474626293588476
0.99,0.4,37,-34,0.4985329269466798,0.847694311606849
0.99,0.4,37,-33,0.49908477920775846,0.8479261279108034
0.99,0.4,37,-32,0.49963695255223395,0.84815807850971
0.99,0.4,37,-31,0.5001894474806914,0.8483901636207721
0.99,0.4,37,-30,0.5007422645436592,0.8486223835662122
0.99,0.4,37,-29,0.5012954042055443,0.8488547385068583
0.99,0.4,37,-28,0.5018488670562161,0.8490872288285123
0.99,0.4,37,-27,0.502402653518636,0.8493198546038531
0.99,0.4,37,-26,0.5029567642129535,0.8495526162873615
0.99,0.4,37,-25,0.503511199550984,0.8497855139326977
0.99,0.4,37,-24,0.5040659601379709,0.8500185479369975
0.99,0.4,37,-23,0.5046210464517727,0.8502517184962027
0.99,0.4,37,-22,0.5051764589766934,0.8504850257978739
0.99,0.4,37,-21,0.5057321983167645,0.8507184702153852
0.99,0.4,37,-20,0.5062882649478436,0.8509520519621224
0.99,0.4,37,-19,0.5068446594231638,0.8511857713011871
0.99,0.4,37,-18,0.5074013821444331,0.8514196283155219
0.99,0.4,37,-17,0.5079584338240074,0.8516536235750514
0.99,0.4,37,-16,0.5085158148381574,0.8518877570753564
0.99,0.4,37,-15,0.5090735257133445,0.8521220290758111
0.99,0.4,37,-14,0.5096315671426564,0.8523564400957825
0.99,0.4,37,-13,0.5101899394671151,0.8525909900793295
0.99,0.4,37,-12,0.5107486432623276,0.852825679407015
0.99,0.4,37,-11,0.5113076791224426,0.8530605083938286
0.99,0.4,37,-10,0.5118670474427506,0.8532954771153516
0.99,0.4,37,-9,0.5124267489678551,0.8535305861359879
0.99,0.4,37,-8,0.512986783747271,0.8537658349753906
0.99,0.4,37,-7,0.5135471530048591,0.8540012249738071
0.99,0.4,37,-6,0.5141078571143183,0.8542367561595736
0.99,0.4,37,-5,0.5146688960436339,0.8544724278575245
0.99,0.4,37,-4,0.5152302707297213,0.8547082409836365
0.99,0.4,37,-3,0.5157919817407908,0.8549441958359615
0.99,0.4,37,-2,0.5163540300057518,0.8551802933362752
0.99,0.4,37,-1,0.5169164152255015,0.8554165323792513
0.99,0.4,37,0,0.5174791385779054,0.855652914252514
0.99,0.4,37,1,0.518042200401571,0.8558894388616107
0.99,0.4,37,2,0.5186056012995749,0.8561261065456088
0.99,0.4,37,3,0.5191693419173908,0.8563629177670409
0.99,0.4,37,4,0.5197334224828273,0.8565998722933513
0.99,0.4,37,5,0.5202978434916931,0.8568369704184227
0.99,0.4,37,6,0.520862605866252,0.8570742128417905
0.99,0.4,37,7,0.5214277098437349,0.8573115995016156
0.99,0.4,37,8,0.5219931561692659,0.857549130873924
0.99,0.4,37,9,0.5225589451589726,0.857786806921139
0.99,0.4,37,10,0.5231250773949913,0.8580246279607208
0.99,0.4,37,11,0.5236915537333762,0.8582625946474826
0.99,0.4,37,12,0.5242583744323281,0.8585007068867863
0.99,0.4,37,13,0.5248255395515558,0.8587389642924255
0.99,0.4,37,14,0.5253930512243526,0.8589773692224372
0.99,0.4,37,15,0.5259609080913585,0.8592159193506116
0.99,0.4,37,16,0.5265291114146995,0.8594546159239559
0.99,0.4,37,17,0.5270976630509792,0.859693461095031
0.99,0.4,37,18,0.5276665617753721,0.8599324525594153
0.99,0.4,37,19,0.5282358085298511,0.8601715911254841
0.99,0.4,37,20,0.5288054033891767,0.860410876337762
0.99,0.4,37,21,0.5293753489920225,0.8606503115950427
0.99,0.4,37,22,0.5299456441377784,0.8608898945392333
0.99,0.4,37,23,0.5305162897837689,0.8611296260548669
0.99,0.4,37,24,0.5310872848953123,0.8613695038722033
0.99,0.4,37,25,0.5316586335734442,0.8616095338264363
0.99,0.4,37,26,0.5322303333400764,0.8618497114330614
0.99,0.4,37,27,0.5328023834881095,0.8620900348690925
0.99,0.4,37,28,0.5333747932699413,0.8623305183599954
0.99,0.4,37,29,0.5339475529432711,0.8625711456287937
0.99,0.4,37,30,0.5345206664763601,0.8628119224535212
0.99,0.4,37,31,0.5350941362359377,0.863052852002318
0.99,0.4,37,32,0.5356679581639767,0.8632939269928724
0.99,0.4,37,33,0.5362421416555847,0.8635351620947253
0.99,0.4,37,34,0.536816679099672,0.8637765443001248
0.99,0.4,37,35,0.5373915729249008,0.8640180768531045
0.99,0.4,37,36,0.5379668227066623,0.8642597584137329
0.99,0.4,37,37,0.5385424333404424,0.8645015963406968
0.99,0.4,38,-38,0.5292008041649884,0.8277123506573123
0.99,0.4,38,-37,0.5297313828340707,0.8279121833554952
0.99,0.4,38,-36,0.5302622539551595,0.8281121256388214
0.99,0.4,38,-35,0.5307934180168128,0.8283121777427487
0.99,0.4,38,-34,0.5313248754098122,0.8285123397936409
0.99,0.4,38,-33,0.5318566266324221,0.8287126120640753
0.99,0.4,38,-32,0.532388672101074,0.8289129947131284
0.99,0.4,38,-31,0.5329210122528579,0.8291134879168733
0.99,0.4,38,-30,0.5334536475486229,0.8293140918829873
0.99,0.4,38,-29,0.5339865784662186,0.8295148068768488
0.99,0.4,38,-28,0.534519805423879,0.829715633036906
0.99,0.4,38,-27,0.5350533288601979,0.8299165705411545
0.99,0.4,38,-26,0.5355871492281499,0.8301176195910528
0.99,0.4,38,-25,0.5361212670317047,0.8303187804861275
0.99,0.4,38,-24,0.5366556826361182,0.8305200532646908
0.99,0.4,38,-23,0.5371903965249687,0.8307214382117892
0.99,0.4,38,-22,0.5377254092105542,0.8309229355722416
0.99,0.4,38,-21,0.5382607210673592,0.8311245454767281
0.99,0.4,38,-20,0.5387963325465084,0.8313262680670332
0.99,0.4,38,-19,0.5393322441940386,0.8315281037202715
0.99,0.4,38,-18,0.5398684563653092,0.8317300524762021
0.99,0.4,38,-17,0.5404049695279656,0.8319321145500693
0.99,0.4,38,-16,0.5409417841975815,0.8321342902549739
0.99,0.4,38,-15,0.5414789008004436,0.8323365796932984
0.99,0.4,38,-14,0.5420163197348499,0.8325389830093334
0.99,0.4,38,-13,0.54255404161589,0.8327415006351215
0.99,0.4,38,-12,0.5430920666914828,0.8329441324824153
0.99,0.4,38,-11,0.5436303955185738,0.8331468788588107
0.99,0.4,38,-10,0.5441690286852905,0.8333497401696042
0.99,0.4,38,-9,0.5447079664722334,0.8335527163574653
0.99,0.4,38,-8,0.5452472091654313,0.8337558073627931
0.99,0.4,38,-7,0.545786757504735,0.8339590138008748
0.99,0.4,38,-6,0.5463266120452399,0.8341623359845828
0.99,0.4,38,-5,0.5468667736740718,0.8343657748014748
0.99,0.4,38,-4,0.5474072416603334,0.8345693286363818
0.99,0.4,38,-3,0.5479480166473143,0.8347729979893518
0.99,0.4,38,-2,0.5484891007020782,0.8349767853859134
0.99,0.4,38,-1,0.5490304925545637,0.8351806884890773
0.99,0.4,38,0,0.5495721936189946,0.8353847088772302
0.99,0.4,38,1,0.5501142039703615,0.8355888462265966
0.99,0.4,38,2,0.5506565243311488,0.8357931010412201
0.99,0.4,38,3,0.5511991549226157,0.8359974731142363
0.99,0.4,38,4,0.5517420962291872,0.8362019628458277
0.99,0.4,38,5,0.5522853488449329,0.8364065705154692
0.99,0.4,38,6,0.5528289131279897,0.8366112962256032
0.99,0.4,38,7,0.5533727897467883,0.8368161404271601
0.99,0.4,38,8,0.553916978686294,0.8370211027872297
0.99,0.4,38,9,0.5544614809031021,0.8372261839619137
0.99,0.4,38,10,0.5550062966844861,0.8374313839354381
0.99,0.4,38,11,0.5555514268048972,0.8376367033599078
0.99,0.4,38,12,0.5560968710200808,0.8378421415758197
0.99,0.4,38,13,0.5566426304459946,0.8380476995432077
0.99,0.4,38,14,0.5571887054065812,0.8382533772876948
0.99,0.4,38,15,0.5577350963568362,0.8384591749914823
0.99,0.4,38,16,0.5582818037955298,0.8386650929065955
0.99,0.4,38,17,0.5588288278360234,0.8388711307046198
0.99,0.4,38,18,0.5593761684650959,0.8390772879685113
0.99,0.4,38,19,0.5599238288108114,0.8392835684775815
0.99,0.4,38,20,0.5604718062474965,0.8394899681819763
0.99,0.4,38,21,0.5610201030391142,0.8396964898072615
0.99,0.4,38,22,0.5615687192366821,0.8399031329553499
0.99,0.4,38,23,0.5621176543400196,0.8401098963808881
0.99,0.4,38,24,0.5626669104262761,0.8403167826317643
0.99,0.4,38,25,0.563216485854854,0.8405237887922817
0.99,0.4,38,26,0.5637663849193562,0.8407309206625855
0.99,0.4,38,27,0.5643166030048099,0.8409381709827078
0.99,0.4,38,28,0.5648671459537242,0.8411455478122171
0.99,0.4,38,29,0.565418007632796,0.8413530416018744
0.99,0.4,38,30,0.5659691987498667,0.8415606677345451
0.99,0.4,38,31,0.5665207088446647,0.8417684101236876
0.99,0.4,38,32,0.5670725400758613,0.8419762714777356
0.99,0.4,38,33,0.5676247051529358,0.8421842702739274
0.99,0.4,38,34,0.5681771858297155,0.8423923786448924
0.99,0.4,38,35,0.5687299979932601,0.8426006198873736
0.99,0.4,38,36,0.5692831377404537,0.8428089877023781
0.99,0.4,38,37,0.5698365979216541,0.8430174707064498
0.99,0.4,38,38,0.5703903872747932,0.8432260815550268
0.99,0.4,39,-39,0.5599630045504004,0.8077799534076572
0.99,0.4,39,-38,0.5604737652209167,0.8079513047403355
0.99,0.4,39,-37,0.5609847938491991,0.8081227455358561
0.99,0.4,39,-36,0.5614960907907046,0.8082942759391123
0.99,0.4,39,-35,0.5620076564264441,0.8084658960388537
0.99,0.4,39,-34,0.5625194911738913,0.8086376060505867
0.99,0.4,39,-33,0.5630315954046441,0.8088094061108723
0.99,0.4,39,-32,0.5635439695226914,0.8089812964177329
0.99,0.4,39,-31,0.5640566138561905,0.8091532770123039
0.99,0.4,39,-30,0.5645695288450214,0.8093253481295226
0.99,0.4,39,-29,0.5650827149457954,0.8094975099945779
0.99,0.4,39,-28,0.5655961724596236,0.8096697626431183
0.99,0.4,39,-27,0.5661099017352436,0.8098421062093397
0.99,0.4,39,-26,0.5666239033013425,0.8100145409966784
0.99,0.4,39,-25,0.5671381774338634,0.8101870670214101
0.99,0.4,39,-24,0.567652724597655,0.8103596845301375
0.99,0.4,39,-23,0.5681675451613771,0.8105323936438438
0.99,0.4,39,-22,0.5686826395248189,0.8107051945214043
0.99,0.4,39,-21,0.5691980080895007,0.810878087336406
0.99,0.4,39,-20,0.5697136511629582,0.8110510721402201
0.99,0.4,39,-19,0.5702295693182685,0.8112241492769018
0.99,0.4,39,-18,0.5707457627668944,0.8113973187277714
0.99,0.4,39,-17,0.5712622320092847,0.8115705807283967
0.99,0.4,39,-16,0.5717789774492328,0.8117439354606537
0.99,0.4,39,-15,0.5722959994073071,0.8119173830007138
0.99,0.4,39,-14,0.5728132983896045,0.8120909236345977
0.99,0.4,39,-13,0.5733308746746466,0.8122645573577632
0.99,0.4,39,-12,0.5738487287244386,0.8124382844127307
0.99,0.4,39,-11,0.574366861014597,0.812612105037506
0.99,0.4,39,-10,0.5748852717815682,0.812786019206249
0.99,0.4,39,-9,0.5754039614040206,0.8129600270273388
0.99,0.4,39,-8,0.575922930727747,0.8131341292916219
0.99,0.4,39,-7,0.5764421793082163,0.8133083249315809
0.99,0.4,39,-6,0.5769617086818655,0.8134826157470013
0.99,0.4,39,-5,0.5774815181947851,0.8136570003723019
0.99,0.4,39,-4,0.5780016083967469,0.8138314792222098
0.99,0.4,39,-3,0.5785219806047025,0.8140060536426799
0.99,0.4,39,-2,0.5790426347886308,0.8141807232548336
0.99,0.4,39,-1,0.5795635706914533,0.8143554873021307
0.99,0.4,39,0,0.5800847896412,0.8145303471798319
0.99,0.4,39,1,0.5806062915401713,0.8147053023535915
0.99,0.4,39,2,0.5811280770389521,0.81488035328105
0.99,0.4,39,3,0.5816501465087209,0.8150555001023219
0.99,0.4,39,4,0.5821725002415963,0.8152307428235932
0.99,0.4,39,5,0.5826951384279806,0.815406081362931
0.99,0.4,39,6,0.5832180617447843,0.8155815162043595
0.99,0.4,39,7,0.5837412706396379,0.8157570475975191
0.99,0.4,39,8,0.5842647653155858,0.815932675501927
0.99,0.4,39,9,0.5847885466581864,0.8161084003827455
0.99,0.4,39,10,0.5853126145070148,0.8162842220033507
0.99,0.4,39,11,0.5858369694472713,0.8164601406101454
0.99,0.4,39,12,0.5863616119088604,0.8166361564097585
0.99,0.4,39,13,0.5868865424359956,0.8168122697156596
0.99,0.4,39,14,0.5874117610548656,0.8169884801893269
0.99,0.4,39,15,0.5879372684437488,0.8171647883734159
0.99,0.4,39,16,0.5884630652080589,0.8173411946159708
0.99,0.4,39,17,0.5889891521932522,0.8175176996489718
0.99,0.4,39,18,0.5895155282578342,0.8176943016498623
0.99,0.4,39,19,0.5900421936512897,0.8178710004890086
0.99,0.4,39,20,0.5905691525677855,0.8180478013731645
0.99,0.4,39,21,0.5910964020665134,0.8182246999845306
0.99,0.4,39,22,0.5916239406216793,0.818401693904875
0.99,0.4,39,23,0.5921517725607421,0.8185787884783131
0.99,0.4,39,24,0.5926799000728195,0.8187559863719344
0.99,0.4,39,25,0.5932083188652786,0.8189332812891873
0.99,0.4,39,26,0.5937370283484892,0.8191106720559668
0.99,0.4,39,27,0.5942660353180226,0.8192881674921182
0.99,0.4,39,28,0.5947953345589994,0.8194657601285859
0.99,0.4,39,29,0.5953249249321532,0.8196434478395573
0.99,0.4,39,30,0.5958548185531902,0.8198212469965859
0.99,0.4,39,31,0.596385002131014,0.8199991388545349
0.99,0.4,39,32,0.5969154848417743,0.8201771356553738
0.99,0.4,39,33,0.5974462614059856,0.8203552296258037
0.99,0.4,39,34,0.5979773328517721,0.8205334218170185
0.99,0.4,39,35,0.5985087061243899,0.8207117214288778
0.99,0.4,39,36,0.5990403745740532,0.8208901187790373
0.99,0.4,39,37,0.5995723382719055,0.8210686135481052
0.99,0.4,39,38,0.600104604892076,0.8212472160402915
0.99,0.4,39,39,0.600637168599974,0.821425917586136
0.99,0.4,40,-40,0.5891569303309926,0.7871981922798243
0.99,0.4,40,-39,0.589648301330478,0.7873438050771568
0.99,0.4,40,-38,0.590139917904249,0.7874894903047593
0.99,0.4,40,-37,0.5906317803201744,0.7876352479940929
0.99,0.4,40,-36,0.5911238889680889,0.7877810783620321
0.99,0.4,40,-35,0.5916162441754177,0.7879269814846215
0.99,0.4,40,-34,0.5921088462640596,0.7880729574678473
0.99,0.4,40,-33,0.5926016955775201,0.7882190064437095
0.99,0.4,40,-32,0.5930947924242057,0.7883651284935154
0.99,0.4,40,-31,0.5935881371857769,0.7885113237965656
0.99,0.4,40,-30,0.5940817302171962,0.788657592480978
0.99,0.4,40,-29,0.5945755718565032,0.7888039346535887
0.99,0.4,40,-28,0.5950696623808024,0.7889503503776758
0.99,0.4,40,-27,0.5955640022248432,0.7890968398945658
0.99,0.4,40,-26,0.5960585916340913,0.7892434031816173
0.99,0.4,40,-25,0.5965534310383749,0.7893900404878345
0.99,0.4,40,-24,0.5970485207372017,0.7895367518673124
0.99,0.4,40,-23,0.5975438610663264,0.7896835374337935
0.99,0.4,40,-22,0.5980394524083484,0.7898303973803525
0.99,0.4,40,-21,0.5985352950217291,0.789977331683431
0.99,0.4,40,-20,0.5990313893868046,0.7901243406604943
0.99,0.4,40,-19,0.5995277357496072,0.7902714243074276
0.99,0.4,40,-18,0.6000243344566033,0.7904185827374071
0.99,0.4,40,-17,0.6005211859350906,0.7905658161883388
0.99,0.4,40,-16,0.6010182903911439,0.790713124594035
0.99,0.4,40,-15,0.6015156483453965,0.7908605082994888
0.99,0.4,40,-14,0.6020132599797661,0.7910079672358188
0.99,0.4,40,-13,0.6025111257998438,0.7911555016892936
0.99,0.4,40,-12,0.6030092459980719,0.7913031116243124
0.99,0.4,40,-11,0.6035076211012175,0.7914507973661931
0.99,0.4,40,-10,0.6040062512410727,0.7915985587583708
0.99,0.4,40,-9,0.6045051368703285,0.7917463960748751
0.99,0.4,40,-8,0.6050042779937759,0.7918943090041319
0.99,0.4,40,-7,0.60550367590138,0.792042298824098
0.99,0.4,40,-6,0.6060033304557553,0.7921903651000863
0.99,0.4,40,-5,0.6065032415265615,0.7923385072787735
0.99,0.4,40,-4,0.6070034099112702,0.7924867260830063
0.99,0.4,40,-3,0.6075038355897167,0.7926350211902877
0.99,0.4,40,-2,0.6080045201765373,0.7927833942550253
0.99,0.4,40,-1,0.6085054625119548,0.792931843535635
0.99,0.4,40,0,0.6090066639900297,0.7930803704672852
0.99,0.4,40,1,0.6095081243757441,0.7932289743663177
0.99,0.4,40,2,0.6100098442649431,0.7933776557076071
0.99,0.4,40,3,0.6105118240630162,0.7935264146395932
0.99,0.4,40,4,0.6110140640354332,0.7936752512460657
0.99,0.4,40,5,0.6115165641555065,0.7938241651602799
0.99,0.4,40,6,0.6120193253416307,0.7939731572370035
0.99,0.4,40,7,0.6125223478552602,0.7941222273859394
0.99,0.4,40,8,0.6130256317923937,0.7942713755244679
0.99,0.4,40,9,0.6135291775258324,0.7944206017860969
0.99,0.4,40,10,0.614032985584946,0.7945699064900937
0.99,0.4,40,11,0.6145370562622764,0.794719289615536
0.99,0.4,40,12,0.6150413900308407,0.7948687513997211
0.99,0.4,40,13,0.6155459873592419,0.7950182922180535
0.99,0.4,40,14,0.6160508479293293,0.7951679113774897
0.99,0.4,40,15,0.6165559717751112,0.7953176085605907
0.99,0.4,40,16,0.6170613616082314,0.7954673867192543
0.99,0.4,40,17,0.6175670159061619,0.7956172436853854
0.99,0.4,40,18,0.6180729345329681,0.7957671790797879
0.99,0.4,40,19,0.6185791195546283,0.7959171949762704
0.99,0.4,40,20,0.6190855706983885,0.7960672907982335
0.99,0.4,40,21,0.6195922873246044,0.796217465467458
0.99,0.4,40,22,0.6200992707681021,0.7963677202474003
0.99,0.4,40,23,0.6206065206322893,0.7965180543576799
0.99,0.4,40,24,0.621114037890572,0.7966684686917517
0.99,0.4,40,25,0.6216218243635081,0.7968189651163051
0.99,0.4,40,26,0.6221298739990362,0.7969695357451022
0.99,0.4,40,27,0.6226381946365807,0.797120190170768
0.99,0.4,40,28,0.6231467894876199,0.7972709321156844
0.99,0.4,40,29,0.6236556459934426,0.7974217452365895
0.99,0.4,40,30,0.6241647788611326,0.7975726480000871
0.99,0.4,40,31,0.6246741720558949,0.7977236194898419
0.99,0.4,40,32,0.6251838401827,0.7978746781417092
0.99,0.4,40,33,0.6256937870450177,0.798025828490309
0.99,0.4,40,34,0.6262039952803656,0.7981770478150135
0.99,0.4,40,35,0.6267144751072696,0.7983283489645504
0.99,0.4,40,36,0.6272252279180927,0.798479733365731
0.99,0.4,40,37,0.627736257058367,0.7986312050524138
0.99,0.4,40,38,0.6282475575365787,0.7987827571597175
0.99,0.4,40,39,0.6287591225123305,0.7989343804243207
0.99,0.4,40,40,0.6292709631754314,0.7990860891371934